PLAYER,TEAM,AGE,GP,W,L,MIN,OFFRTG,DEFRTG,NETRTG,AST%,AST/TO,AST RATIO,OREB%,DREB%,REB%,TO RATIO,EFG%,TS%,USG%,PACE,PIE
Bam Adebayo,MIA,21,82,39,43,23.3,105.0,104.5,0.5,14.6,1.52,20.7,8.3,22.1,15.1,13.6,57.9,62.3,15.7,99.50,13.3
Bradley Beal,WAS,26,82,32,50,36.9,111.6,113.5,-1.8,23.3,2.00,18.2,2.8,10.4,6.6,9.1,54.0,58.1,27.7,102.80,12.8
Bryn Forbes,SAS,25,82,48,34,28.0,109.9,110.2,-0.3,10.5,2.19,16.3,0.8,9.6,5.3,7.5,56.8,58.6,17.1,99.21,7.7
Buddy Hield,SAC,26,82,39,43,31.9,109.4,110.0,-0.6,11.7,1.40,11.5,3.6,11.0,7.2,8.2,56.0,58.7,24.3,104.94,11.0
Collin Sexton,CLE,20,82,19,63,31.8,105.6,118.1,-12.5,15.4,1.31,13.9,2.1,7.2,4.5,10.6,48.0,52.0,24.7,98.54,7.3
Cory Joseph,IND,27,82,48,34,25.2,107.6,102.4,5.2,20.8,4.01,33.1,1.9,11.1,6.6,8.3,46.3,47.4,13.4,99.69,8.7
DeAndre' Bembry,ATL,24,82,29,53,23.6,104.5,109.4,-5.0,15.0,1.42,19.8,2.6,14.8,8.6,13.9,48.7,50.8,16.8,106.26,8.1
Joe Ingles,UTA,31,82,50,32,31.3,109.2,101.6,7.7,26.2,2.43,30.9,1.3,10.8,6.1,12.7,56.5,58.1,17.0,102.13,10.4
Justin Holiday,MEM,30,82,25,57,31.8,102.4,110.1,-7.7,8.4,1.40,13.7,1.7,10.3,6.0,9.7,49.0,52.0,15.3,99.60,6.8
Kemba Walker,CHA,29,82,39,43,34.9,112.1,111.8,0.4,28.7,2.29,18.9,1.7,10.6,6.0,8.2,51.1,55.8,30.8,99.38,14.0
Kentavious Caldwell-Pope,LAL,26,82,37,45,24.8,106.3,110.1,-3.7,7.7,1.69,11.2,2.2,8.8,5.5,6.6,53.0,56.8,17.5,104.26,8.3
Mason Plumlee,DEN,29,82,54,28,21.1,109.3,106.1,3.2,19.9,1.93,27.0,9.1,19.8,14.4,14.0,59.5,60.2,15.9,99.60,11.5
Mikal Bridges,PHX,22,82,19,63,29.5,105.3,112.0,-6.8,9.7,2.47,20.3,2.3,8.5,5.4,8.2,52.3,55.6,11.9,102.19,6.4
Monte Morris,DEN,24,82,54,28,24.0,109.4,105.1,4.3,22.1,5.71,27.4,1.7,7.8,4.7,4.8,56.0,57.7,16.8,99.16,11.3
Montrezl Harrell,LAC,25,82,48,34,26.3,111.9,109.9,1.9,12.3,1.23,12.0,8.5,14.6,11.7,9.8,61.7,63.6,22.7,104.09,14.0
PJ Tucker,HOU,34,82,53,29,34.2,114.0,109.5,4.5,4.7,1.52,13.5,4.1,12.9,8.4,8.9,53.5,54.7,9.4,98.22,5.6
Patty Mills,SAS,30,82,48,34,23.3,113.6,109.1,4.5,17.4,2.63,23.4,1.2,7.6,4.5,8.9,54.5,57.2,17.5,102.75,8.1
Reggie Jackson,DET,29,82,41,41,27.9,108.9,108.4,0.5,24.1,2.32,21.2,1.9,7.6,4.6,9.1,50.4,54.7,23.7,98.77,10.0
Royce O'Neale,UTA,26,82,50,32,20.4,106.7,101.9,4.8,10.2,1.77,22.3,1.3,14.6,8.2,12.6,57.4,58.9,10.8,102.28,7.3
Shai Gilgeous-Alexander,LAC,20,82,48,34,26.5,108.8,110.8,-2.0,17.9,1.91,22.3,2.6,7.8,5.3,11.6,51.2,55.4,18.2,103.25,8.3
Tobias Harris,PHI,26,82,46,36,34.7,110.9,110.5,0.4,12.6,1.52,13.0,2.4,18.8,10.8,8.6,54.9,59.2,22.5,102.03,13.1
Al-Farouq Aminu,POR,28,81,52,29,28.3,116.3,108.2,8.2,5.7,1.44,12.3,4.8,20.4,12.7,8.5,51.4,56.8,13.4,101.22,9.7
Bojan Bogdanovic,IND,30,81,47,34,31.8,108.7,105.8,2.9,9.5,1.20,11.0,1.3,11.3,6.4,9.1,57.5,61.3,21.9,99.31,11.1
Brook Lopez,MIL,31,81,60,21,28.7,114.9,103.4,11.5,5.5,1.20,9.6,1.4,13.5,7.9,8.0,57.1,59.7,16.5,104.79,8.8
D'Angelo Russell,BKN,23,81,42,39,30.2,108.1,107.9,0.2,39.2,2.23,23.4,2.0,9.9,6.0,10.5,51.2,53.3,31.1,102.40,14.1
D.J. Augustin,ORL,31,81,42,39,28.0,110.4,107.2,3.2,25.8,3.33,32.4,1.8,7.1,4.4,9.7,56.6,61.6,16.9,98.88,10.3
Dario Saric,MIN,25,81,39,42,25.0,108.7,110.7,-2.0,8.9,1.31,12.9,5.8,15.3,10.6,9.9,52.2,56.3,17.2,103.08,8.8
De'Aaron Fox,SAC,21,81,39,42,31.4,110.0,109.1,0.9,32.2,2.60,28.1,1.5,9.5,5.4,10.8,49.7,54.4,23.8,105.57,11.9
Dorian Finney-Smith,DAL,26,81,33,48,24.5,106.8,108.7,-1.9,7.0,1.28,12.8,6.4,11.9,9.2,10.0,50.7,53.0,13.5,100.70,6.9
Ed Davis,BKN,30,81,42,39,17.9,106.5,102.2,4.3,6.4,0.95,12.2,13.5,30.7,22.0,12.8,61.6,63.2,12.5,100.93,13.9
Evan Fournier,ORL,26,81,42,39,31.5,110.1,108.4,1.7,17.0,1.92,18.6,1.4,8.6,5.0,9.7,50.9,53.6,21.7,98.84,7.7
Jordan Clarkson,CLE,27,81,18,63,27.3,107.0,115.0,-8.0,15.3,1.45,12.4,3.5,8.7,6.0,8.5,50.9,53.9,26.6,99.18,10.5
Justin Jackson,DAL,24,81,36,45,19.9,107.3,108.3,-0.9,8.1,3.31,14.9,2.5,9.6,6.0,4.5,53.7,56.1,14.1,103.50,7.6
LaMarcus Aldridge,SAS,33,81,48,33,33.2,112.5,111.0,1.5,11.5,1.35,10.6,9.6,18.0,13.9,7.9,52.2,57.6,26.8,98.36,14.3
Malik Beasley,DEN,22,81,53,28,23.2,111.2,107.3,3.9,7.4,1.76,10.6,1.8,8.5,5.1,6.0,58.4,59.9,18.1,100.59,8.9
Rudy Gobert,UTA,27,81,50,31,31.8,110.5,103.6,6.9,9.5,1.24,13.0,11.7,27.0,19.4,10.5,66.9,68.2,17.5,101.23,17.0
Ryan Arcidiacono,CHI,25,81,22,59,24.2,104.4,110.2,-5.8,19.1,4.27,33.8,1.3,9.6,5.4,7.9,54.4,58.8,11.7,99.79,7.8
Terrence Ross,ORL,28,81,42,39,26.5,105.3,105.9,-0.5,10.3,1.50,10.4,1.2,11.3,6.2,6.9,53.4,56.1,23.0,99.90,11.0
Thaddeus Young,IND,31,81,47,34,30.7,109.0,106.5,2.5,12.0,1.66,16.7,7.8,13.2,10.5,10.0,55.7,56.9,17.9,98.14,10.4
Trae Young,ATL,20,81,29,52,30.9,108.5,114.8,-6.3,39.0,2.12,27.3,2.4,9.1,5.7,12.9,48.0,53.9,27.7,105.78,11.9
Willie Cauley-Stein,SAC,25,81,39,42,27.3,110.0,108.7,1.2,12.1,2.31,17.2,7.4,21.3,14.2,7.4,55.7,56.6,17.3,104.58,11.8
Damian Lillard,POR,28,80,51,29,35.5,116.0,107.9,8.2,29.9,2.60,22.0,2.3,10.0,6.2,8.5,52.2,58.8,28.1,101.18,15.5
Danny Green,TOR,32,80,56,24,27.7,117.7,104.3,13.4,7.3,1.68,14.8,2.8,10.7,7.0,8.8,62.2,63.2,13.9,100.98,7.9
Jae Crowder,UTA,28,80,48,32,27.1,109.7,105.3,4.4,9.0,1.56,12.1,2.7,13.9,8.3,7.7,50.8,53.8,18.3,102.94,8.6
Jarrett Allen,BKN,21,80,42,38,26.2,109.2,111.6,-2.4,7.6,1.07,12.1,8.8,20.8,15.0,11.3,59.5,63.2,15.8,102.55,12.1
Jerami Grant,OKC,25,80,48,32,32.7,111.0,105.6,5.4,4.0,1.18,7.4,3.2,11.8,7.3,6.3,56.7,59.2,15.0,104.64,8.4
Kevon Looney,GSW,23,80,56,24,18.5,116.3,106.1,10.3,10.6,2.41,21.7,12.6,13.3,12.9,9.0,62.7,63.6,12.2,103.25,9.2
Langston Galloway,DET,27,80,41,39,21.8,108.0,107.9,0.1,7.2,3.54,11.7,2.5,7.0,4.7,3.3,50.3,53.4,15.3,99.96,6.3
Marcus Smart,BOS,25,80,48,32,27.5,110.4,106.6,3.8,19.0,2.61,30.1,2.5,7.7,5.1,11.5,53.3,56.8,14.4,101.24,7.9
Miles Bridges,CHA,21,80,38,42,21.2,107.8,111.5,-3.7,8.1,1.90,13.8,3.7,14.8,9.1,7.3,52.7,54.8,14.7,101.30,8.5
Nikola Jokic,DEN,24,80,53,27,31.3,113.3,107.5,5.8,36.1,2.34,26.5,8.9,24.9,16.9,11.4,54.5,58.9,27.1,98.40,18.8
Nikola Vucevic,ORL,28,80,41,39,31.4,110.4,106.4,4.0,20.8,1.93,16.0,8.8,28.6,18.8,8.3,54.9,57.3,27.6,99.22,18.5
Pascal Siakam,TOR,25,80,57,23,31.8,114.8,104.2,10.6,14.1,1.61,16.8,5.0,15.4,10.5,10.5,59.1,62.8,20.5,100.88,12.4
Steven Adams,OKC,25,80,47,33,33.4,112.6,105.9,6.7,6.3,0.92,10.3,12.9,13.3,13.1,11.2,59.5,59.1,16.0,104.85,10.3
Tomas Satoransky,WAS,27,80,32,48,27.0,110.1,110.5,-0.4,24.8,3.33,35.6,3.6,9.0,6.3,10.7,54.5,59.0,13.9,102.35,9.2
Andre Drummond,DET,25,79,40,39,33.5,111.7,108.4,3.3,6.8,0.64,7.3,15.1,31.1,22.8,11.5,53.6,55.5,22.6,98.15,15.9
Ben Simmons,PHI,22,79,50,29,34.2,111.3,108.9,2.4,34.1,2.23,30.0,6.2,17.9,12.2,13.5,56.3,58.2,21.5,103.99,14.5
Dennis Schroder,OKC,25,79,47,32,29.3,109.1,105.5,3.6,20.9,1.88,19.0,1.5,10.2,5.7,10.1,47.0,50.8,23.8,104.30,9.3
Jayson Tatum,BOS,21,79,48,31,31.1,111.9,105.1,6.8,9.8,1.38,11.8,2.8,15.7,9.3,8.6,50.6,54.7,21.8,100.68,10.6
Jeremy Lamb,CHA,27,79,38,41,28.5,110.3,109.6,0.7,11.9,2.15,12.8,2.7,15.9,9.1,6.0,49.9,55.2,22.0,99.74,11.8
Josh Jackson,PHX,22,79,19,60,25.2,102.8,112.4,-9.6,14.2,1.06,14.2,3.2,13.6,8.4,13.4,45.6,48.7,23.4,102.26,7.3
Kelly Olynyk,MIA,28,79,39,40,22.9,107.9,106.0,1.9,11.3,1.23,15.7,3.8,16.0,9.9,12.8,56.3,61.0,17.5,99.51,10.2
Landry Shamet,LAC,22,79,51,28,22.8,111.0,109.3,1.7,9.0,2.60,15.6,1.1,6.0,3.6,6.0,58.1,60.4,14.5,103.64,6.3
Marc Gasol,TOR,34,79,39,40,30.8,108.4,104.9,3.5,22.2,2.25,23.5,3.4,22.7,13.2,10.4,50.5,54.6,21.0,97.16,13.1
Marco Belinelli,SAS,33,79,46,33,23.0,111.0,110.1,0.8,10.2,1.83,14.0,0.9,9.3,5.2,7.7,52.0,55.7,18.7,102.39,7.5
Mike Scott,PHI,30,79,44,35,17.7,108.2,106.4,1.8,6.4,1.50,12.1,2.9,14.7,9.0,8.1,52.0,52.8,13.9,105.42,6.3
Terry Rozier,BOS,25,79,47,32,22.7,104.8,105.9,-1.1,19.3,3.40,23.0,1.6,14.5,8.0,6.8,47.7,50.1,18.1,100.91,10.3
Aaron Gordon,ORL,23,78,40,38,33.8,107.4,105.9,1.5,16.6,1.78,18.0,4.7,16.5,10.6,10.1,50.7,53.8,21.3,99.28,10.9
Eric Bledsoe,MIL,29,78,59,19,29.1,115.3,104.2,11.1,26.0,2.61,25.8,3.5,10.8,7.4,9.9,54.8,57.7,22.5,104.43,12.5
James Harden,HOU,29,78,51,27,36.8,116.6,110.3,6.3,39.4,1.51,18.2,2.3,15.7,8.9,12.0,54.1,61.6,39.6,98.06,20.1
Kevin Durant,GSW,30,78,54,24,34.6,118.7,107.3,11.4,25.1,2.03,20.0,1.3,15.3,8.8,9.8,57.1,63.1,28.3,103.33,16.2
Klay Thompson,GSW,29,78,55,23,34.0,115.0,108.5,6.5,10.3,1.62,10.5,1.5,8.9,5.5,6.5,55.3,57.1,25.4,102.39,10.3
Patrick Beverley,LAC,30,78,48,30,27.4,112.7,108.7,4.0,18.3,3.53,32.7,3.5,13.5,8.7,9.3,52.4,56.1,12.0,102.68,7.9
Alex Len,ATL,26,77,28,49,20.1,106.0,110.4,-4.4,8.6,0.89,9.3,9.0,15.9,12.4,10.5,55.1,57.5,21.4,107.31,10.0
DeMar DeRozan,SAS,29,77,44,33,34.9,110.9,110.8,0.0,27.7,2.39,21.9,2.0,14.7,8.5,9.2,48.3,54.2,27.7,98.33,13.5
Donovan Mitchell,UTA,22,77,49,28,33.7,110.5,103.7,6.8,20.9,1.48,14.4,2.2,9.3,5.8,9.7,49.3,53.7,30.9,101.50,11.7
Doug McDermott,IND,27,77,43,34,17.4,106.8,103.2,3.6,7.0,1.60,12.0,1.2,6.6,3.9,7.5,59.0,61.7,15.2,100.88,7.5
Dwight Powell,DAL,27,77,31,46,21.6,110.8,109.9,0.9,10.1,1.67,14.5,8.1,16.0,12.0,8.7,63.7,68.2,16.7,100.94,12.3
Harrison Barnes,SAC,27,77,34,43,32.9,108.0,109.4,-1.5,6.9,1.17,8.5,2.1,11.1,6.6,7.3,50.4,55.0,20.2,102.22,8.8
Jakob Poeltl,SAS,23,77,43,34,16.5,110.0,106.0,3.9,9.9,1.94,19.8,13.6,17.1,15.4,10.2,64.5,64.0,12.5,100.93,11.0
Jeff Green,WAS,32,77,29,48,27.2,111.3,113.2,-2.0,9.3,1.36,13.5,2.7,11.7,7.2,10.0,55.5,60.8,17.4,102.40,8.8
Karl-Anthony Towns,MIN,23,77,34,43,33.0,112.2,111.3,0.9,16.9,1.08,13.0,9.7,25.7,17.6,12.0,57.2,62.2,28.0,101.05,17.7
Khris Middleton,MIL,27,77,56,21,31.1,114.7,104.2,10.5,19.4,1.90,18.9,2.1,14.9,8.9,9.9,51.9,55.8,24.6,104.39,11.8
Nemanja Bjelica,SAC,31,77,38,39,23.2,111.5,108.7,2.7,10.7,1.79,17.1,6.5,17.1,11.7,9.5,56.6,58.5,16.2,105.31,9.6
Nerlens Noel,OKC,25,77,48,29,13.7,99.0,101.7,-2.6,6.7,0.94,11.1,10.5,17.6,13.9,11.9,58.7,60.8,13.7,103.88,12.2
Paul George,OKC,29,77,46,31,36.9,112.1,103.9,8.2,17.3,1.55,13.5,3.3,17.3,10.1,8.7,52.9,58.3,28.5,104.35,16.1
Zach Collins,POR,21,77,51,26,17.6,107.9,107.8,0.1,7.6,0.92,11.8,7.8,14.4,11.2,12.8,52.3,56.2,16.6,100.09,8.0
Austin Rivers,HOU,26,76,45,31,26.7,111.6,109.1,2.5,12.0,2.46,19.7,1.2,6.5,3.8,8.0,49.7,50.3,14.2,101.10,4.2
Cedi Osman,CLE,24,76,17,59,32.2,106.0,118.8,-12.8,12.0,1.71,15.9,1.8,13.4,7.3,9.3,50.4,53.6,18.2,98.05,7.5
Darren Collison,IND,31,76,45,31,28.2,109.6,107.4,2.2,30.2,3.67,34.5,1.7,8.9,5.4,9.4,52.7,57.4,17.6,98.95,11.4
Davis Bertans,SAS,26,76,44,32,21.5,115.7,108.1,7.6,7.9,2.33,16.2,1.5,13.9,8.0,7.0,61.0,63.2,13.5,101.72,8.2
Derrick Favors,UTA,27,76,46,30,23.2,106.3,101.6,4.6,7.9,1.06,10.0,11.5,18.8,15.2,9.4,60.0,62.4,18.8,102.36,14.2
Gorgui Dieng,MIN,29,76,33,43,13.6,105.2,109.0,-3.8,10.6,1.26,13.0,7.2,22.5,14.5,10.3,52.7,57.2,19.4,103.64,11.8
JJ Redick,PHI,35,76,49,27,31.3,110.3,104.7,5.6,12.9,2.04,14.4,0.8,6.2,3.6,7.1,55.7,60.2,20.9,105.13,9.9
Joe Harris,BKN,27,76,41,35,30.2,109.6,111.2,-1.6,11.4,1.50,16.4,2.2,9.6,6.0,10.9,62.2,64.5,16.7,102.73,8.9
T.J. McConnell,PHI,27,76,46,30,19.3,108.1,108.8,-0.7,24.9,2.84,32.9,1.8,9.4,5.7,11.6,54.2,55.5,14.8,103.02,9.7
Vince Carter,ATL,42,76,25,51,17.5,101.8,108.0,-6.3,9.7,1.81,13.8,2.1,11.4,6.6,7.6,55.0,56.5,16.4,106.92,7.9
Blake Griffin,DET,30,75,39,36,35.0,109.8,109.3,0.5,26.8,1.59,18.0,3.6,18.2,10.5,11.3,53.2,58.1,29.6,98.63,15.3
Delon Wright,MEM,27,75,45,30,22.6,106.2,106.4,-0.1,21.7,3.22,26.1,3.7,11.3,7.4,8.1,47.8,52.3,17.2,101.30,10.9
Garrett Temple,LAC,33,75,37,38,27.2,105.2,106.8,-1.6,7.5,1.51,14.9,1.4,9.2,5.3,9.8,51.3,54.3,13.1,99.19,5.2
JaVale McGee,LAL,31,75,35,40,22.3,106.7,111.1,-4.4,4.5,0.48,6.0,11.2,20.3,15.9,12.5,62.5,63.4,19.7,104.87,12.7
Jamal Murray,DEN,22,75,49,26,32.6,112.8,108.0,4.8,22.0,2.30,20.5,2.6,10.1,6.3,8.9,50.2,53.8,24.1,99.49,10.8
Jonathan Isaac,ORL,21,75,37,38,26.6,108.2,107.3,1.0,5.5,1.07,9.7,4.8,15.2,9.9,9.1,49.9,53.7,16.0,99.69,8.2
Kevin Huerter,ATL,20,75,27,48,27.3,109.3,111.6,-2.2,13.9,1.96,21.3,2.7,8.7,5.6,10.9,52.2,53.3,15.3,105.58,6.5
Kevin Knox,NYK,19,75,15,60,28.8,101.4,115.1,-13.6,6.0,0.72,6.8,2.5,12.0,7.1,9.4,43.8,47.5,21.9,101.88,5.5
Lou Williams,LAC,32,75,47,28,26.6,113.1,109.2,3.9,31.8,2.22,20.9,1.9,8.1,5.1,9.4,47.1,55.4,30.8,105.69,14.7
Marcus Morris,BOS,29,75,44,31,27.9,110.3,108.9,1.4,7.3,1.18,9.7,3.5,17.6,10.6,8.2,53.3,56.8,20.3,101.87,9.9
Marvin Williams,CHA,33,75,35,40,28.4,110.5,110.9,-0.4,6.1,1.96,11.1,3.3,15.2,9.1,5.7,52.9,54.8,14.7,99.73,8.0
Nicolas Batum,CHA,30,75,35,40,31.4,109.7,110.3,-0.5,14.5,2.11,25.7,2.8,13.1,7.9,12.2,55.3,58.1,12.9,99.83,8.4
Torrey Craig,DEN,28,75,50,25,20.0,112.0,108.7,3.3,6.2,1.64,14.2,5.7,11.2,8.4,8.7,52.6,54.7,12.1,99.05,5.5
Wayne Selden,CHI,24,75,27,48,19.2,102.6,112.1,-9.6,11.2,1.38,15.4,2.4,9.8,6.0,11.1,46.3,49.1,17.8,100.83,5.4
Bruce Brown,DET,22,74,35,39,19.6,106.5,105.8,0.7,8.7,1.98,19.1,3.2,9.2,6.2,9.7,43.6,46.9,11.3,99.08,3.7
Domantas Sabonis,IND,23,74,43,31,24.8,108.8,103.6,5.2,18.0,1.33,17.8,9.9,26.9,18.4,13.4,59.6,63.0,22.6,99.33,16.2
Jaylen Brown,BOS,22,74,41,33,25.9,108.3,106.0,2.3,7.9,1.01,9.2,3.2,12.2,7.7,9.1,52.5,54.7,21.5,102.15,8.4
Jeremy Lin,TOR,30,74,31,43,19.4,101.7,106.8,-5.1,24.9,1.86,23.4,1.4,10.2,5.8,12.6,49.1,55.8,21.3,106.00,10.0
Josh Okogie,MIN,20,74,32,42,23.7,109.6,110.6,-1.0,6.8,1.44,12.4,2.1,9.8,5.9,8.6,44.5,49.2,14.8,103.89,5.1
Myles Turner,IND,23,74,43,31,28.6,107.3,104.5,2.8,8.3,1.15,10.6,4.8,19.5,12.3,9.2,53.6,56.7,19.9,98.83,11.9
Quinn Cook,GSW,26,74,49,25,14.3,105.8,112.1,-6.3,16.7,2.32,18.9,2.1,12.3,7.2,8.1,55.7,56.5,20.0,100.79,9.3
Robin Lopez,CHI,31,74,20,54,21.7,105.5,109.9,-4.4,8.4,0.93,11.5,8.5,8.5,8.5,12.4,57.5,59.8,18.3,100.17,8.8
Serge Ibaka,TOR,29,74,53,21,27.2,113.6,107.4,6.2,7.6,0.88,8.5,7.8,20.4,14.4,9.7,55.7,58.2,22.7,100.38,12.3
Seth Curry,POR,28,74,49,25,18.9,109.4,105.1,4.3,6.8,1.08,10.7,1.9,6.2,4.1,9.9,57.7,59.5,16.4,100.14,7.1
Terrance Ferguson,OKC,21,74,44,30,26.1,111.0,107.1,3.9,4.6,1.53,12.6,1.5,5.5,3.4,8.2,55.2,56.6,10.4,104.34,2.7
Tony Snell,MIL,27,74,55,19,17.6,110.0,103.4,6.6,6.9,2.96,14.6,2.1,8.6,5.5,4.9,56.4,58.5,12.7,104.71,6.9
Andrew Wiggins,MIN,24,73,31,42,34.8,110.7,111.9,-1.2,10.8,1.33,11.1,3.1,9.9,6.5,8.3,46.1,49.3,24.0,101.57,7.8
Damyean Dotson,NYK,25,73,12,61,27.4,102.8,110.8,-8.0,10.4,1.90,14.3,1.6,10.8,6.1,7.5,50.6,52.6,16.9,101.06,7.6
Evan Turner,POR,30,73,47,26,22.0,110.4,109.1,1.3,24.2,2.48,31.9,2.2,16.7,9.6,12.8,47.3,50.4,15.8,100.70,9.9
Gerald Green,HOU,33,73,47,26,20.2,114.0,109.3,4.6,4.1,0.73,5.7,1.9,10.0,5.9,7.9,53.5,55.5,19.0,100.58,6.6
Jalen Brunson,DAL,22,73,27,46,21.8,107.7,110.4,-2.8,22.3,2.61,24.6,1.5,8.7,5.0,9.4,52.3,54.9,18.6,100.42,8.8
Jonas Jerebko,GSW,32,73,52,21,16.7,109.6,108.1,1.5,10.6,2.23,18.2,5.5,16.8,11.1,8.1,55.6,58.8,14.4,102.45,9.2
Josh Richardson,MIA,25,73,35,38,34.8,106.6,105.6,1.0,17.7,2.64,19.5,2.0,7.8,4.9,7.4,49.2,53.6,20.3,99.50,9.4
Julius Randle,NOP,24,73,31,42,30.6,111.2,111.4,-0.2,15.8,1.10,13.2,6.9,19.8,13.4,12.0,55.5,60.0,27.3,104.48,13.7
Malik Monk,CHA,21,73,34,39,17.2,108.4,111.1,-2.7,14.3,1.36,14.1,1.2,9.5,5.2,10.4,48.0,51.8,23.6,102.17,7.3
Russell Westbrook,OKC,30,73,44,29,36.0,112.4,107.4,5.0,44.0,2.41,28.2,3.6,25.5,14.1,11.7,46.8,50.1,30.1,104.93,16.4
Shaquille Harrison,CHI,25,73,20,53,19.6,100.3,110.5,-10.2,14.2,2.32,20.6,2.2,13.2,7.6,8.9,46.0,49.4,16.0,100.99,8.2
Alfonzo McKinnie,GSW,26,72,53,19,13.9,108.8,107.9,0.9,4.1,1.03,8.7,7.5,15.2,11.4,8.4,56.4,56.9,13.1,103.91,6.5
Dwyane Wade,MIA,37,72,35,37,26.2,104.8,106.6,-1.8,26.4,1.81,19.7,3.3,10.6,6.9,10.8,47.8,51.0,26.9,101.36,11.5
Giannis Antetokounmpo,MIL,24,72,56,16,32.8,114.3,101.8,12.5,29.4,1.58,19.0,6.6,27.3,17.6,12.0,59.9,64.4,31.4,105.27,21.8
Gordon Hayward,BOS,29,72,44,28,25.9,110.3,105.2,5.1,18.5,2.32,22.9,2.6,14.1,8.3,9.8,52.7,57.5,18.3,102.63,11.4
Hassan Whiteside,MIA,30,72,33,39,23.3,107.0,106.2,0.8,5.4,0.58,6.0,13.9,30.5,22.2,10.4,57.2,56.4,21.5,99.36,16.2
Jusuf Nurkic,POR,24,72,45,27,27.4,117.0,106.5,10.5,16.8,1.39,16.8,11.9,24.1,18.1,12.1,51.0,57.0,24.1,101.57,14.6
Luka Doncic,DAL,20,72,28,44,32.2,107.6,110.6,-3.1,31.7,1.74,20.7,3.6,19.8,11.7,11.9,49.7,54.5,29.6,100.99,14.9
Rodney Hood,POR,26,72,29,43,26.3,106.3,113.7,-7.4,10.1,2.29,13.8,1.2,7.1,4.1,6.0,49.8,54.5,17.8,97.86,7.5
Thomas Bryant,WAS,21,72,29,43,20.8,109.0,112.6,-3.6,9.0,1.53,13.0,7.2,21.9,14.5,8.5,64.8,67.4,17.0,103.28,13.5
Deandre Ayton,PHX,20,71,17,54,30.7,105.2,113.3,-8.1,9.4,0.99,10.4,10.1,24.0,16.9,10.5,58.5,60.8,21.0,101.34,13.9
Jake Layman,POR,25,71,46,25,18.7,110.8,108.9,2.0,5.6,1.15,9.6,4.1,11.5,7.9,8.3,57.9,59.4,15.6,100.98,8.2
Maxi Kleber,DAL,27,71,30,41,21.2,108.0,105.3,2.7,6.8,1.30,12.9,5.7,14.9,10.3,9.9,55.3,57.9,13.2,100.35,8.9
Yogi Ferrell,SAC,26,71,33,38,15.0,106.4,108.9,-2.6,17.6,3.43,24.7,1.1,8.5,4.8,7.2,51.1,55.0,16.0,103.91,9.2
Bogdan Bogdanovic,SAC,26,70,32,38,27.8,108.2,109.3,-1.1,19.9,2.28,20.3,1.9,9.8,5.8,8.9,49.6,53.0,22.0,103.07,9.9
CJ McCollum,POR,27,70,43,27,33.9,115.4,108.9,6.5,13.3,1.95,12.6,2.5,8.7,5.6,6.5,52.7,55.3,24.8,101.22,10.3
Juancho Hernangomez,DEN,23,70,44,26,19.4,108.6,107.3,1.3,5.4,1.49,12.5,4.4,14.4,9.3,8.4,54.5,58.0,11.9,99.61,7.6
Kyle Korver,UTA,38,70,39,31,19.1,107.5,103.9,3.6,8.8,1.37,12.5,0.6,10.5,5.6,9.1,55.9,58.2,17.4,103.20,7.8
Kyle Kuzma,LAL,23,70,33,37,33.1,108.4,109.7,-1.3,11.3,1.34,11.8,2.5,12.7,7.7,8.8,51.5,54.6,23.3,104.67,9.6
Mike Conley,MEM,31,70,30,40,33.5,106.3,105.6,0.7,32.7,3.45,24.2,1.7,8.8,5.1,7.0,50.7,56.9,26.2,98.11,15.1
Paul Millsap,DEN,34,70,49,21,27.1,114.0,105.4,8.6,10.4,1.48,13.9,7.8,18.2,13.0,9.4,52.8,57.0,19.1,99.44,11.3
Richaun Holmes,PHX,25,70,16,54,16.9,103.5,108.9,-5.4,8.2,1.15,10.9,9.5,17.3,13.4,9.5,60.8,64.7,17.4,102.33,12.5
Taj Gibson,MIN,34,70,32,38,24.1,109.5,111.6,-2.1,7.2,1.15,10.9,9.5,16.1,12.8,9.4,57.6,61.2,16.7,101.76,10.8
Darius Miller,NOP,29,69,31,38,25.5,109.6,109.8,-0.2,10.7,2.47,20.5,0.7,5.9,3.3,8.3,52.8,55.0,13.1,104.82,4.8
DeAndre Jordan,NYK,30,69,25,44,29.7,105.1,110.1,-5.1,11.9,1.02,17.8,10.5,31.5,21.0,17.4,64.1,67.4,14.8,100.18,15.4
Kelly Oubre Jr.,PHX,23,69,21,48,28.0,107.2,113.3,-6.0,6.7,0.82,7.4,3.5,12.6,8.0,9.1,51.0,55.1,22.3,103.95,9.4
Rudy Gay,SAS,32,69,42,27,26.7,110.9,106.8,4.1,14.5,1.60,16.5,3.4,20.9,12.5,10.3,55.4,58.3,21.6,99.55,12.8
Stephen Curry,GSW,31,69,52,17,33.8,119.5,105.8,13.7,22.5,1.88,18.0,2.0,12.2,7.5,9.6,60.4,64.1,29.2,104.18,15.2
Trevor Ariza,WAS,33,69,22,47,34.0,107.6,114.4,-6.8,14.9,2.38,21.8,2.1,13.9,7.9,9.2,49.8,53.4,16.4,101.73,8.5
Tyreke Evans,IND,29,69,41,28,20.3,105.9,103.9,1.9,17.6,1.41,16.3,2.3,11.4,6.9,11.6,44.8,48.3,25.5,100.43,8.2
Wesley Matthews,IND,32,69,27,42,30.3,107.4,109.4,-2.0,11.3,1.76,15.7,1.5,6.3,3.9,8.9,50.7,54.6,17.5,100.62,6.2
Al Horford,BOS,33,68,41,27,29.0,112.5,106.4,6.1,20.3,2.77,24.7,6.2,16.1,11.3,8.9,58.6,60.5,18.8,100.82,13.4
Andre Iguodala,GSW,35,68,47,21,23.2,113.4,104.4,9.0,17.3,4.15,36.0,3.1,11.7,7.6,8.7,57.9,58.7,10.1,103.23,9.0
Danilo Gallinari,LAC,30,68,40,28,30.3,113.3,111.0,2.3,13.4,1.80,13.4,2.7,17.1,10.1,7.4,55.4,63.3,23.7,101.56,14.3
Devin Harris,DAL,36,68,28,40,15.7,105.7,109.9,-4.2,17.2,2.18,20.9,1.0,9.0,4.9,9.6,47.0,52.7,18.0,100.61,6.5
Eric Gordon,HOU,30,68,44,24,31.7,116.2,108.1,8.1,9.0,1.43,10.6,0.7,5.9,3.3,7.4,52.5,54.9,21.5,99.87,7.0
Jordan Bell,GSW,24,68,46,22,11.6,105.9,111.2,-5.3,13.4,1.81,23.2,6.8,15.4,11.2,12.8,51.6,53.1,13.3,102.30,8.3
Lance Stephenson,LAL,28,68,33,35,16.5,103.9,108.4,-4.5,17.5,1.63,20.3,2.6,15.0,8.8,12.4,51.0,52.9,19.7,106.43,8.8
Nik Stauskas,CLE,25,68,33,35,14.9,100.8,113.7,-12.9,12.3,1.59,16.3,1.6,10.4,5.9,10.2,50.6,54.5,17.1,101.27,7.8
Noah Vonleh,NYK,23,68,13,55,25.3,104.7,112.4,-7.6,10.8,1.47,17.8,6.0,23.4,14.5,12.1,52.3,56.1,14.4,101.29,10.4
Ricky Rubio,UTA,28,68,40,28,27.9,110.4,104.1,6.3,31.3,2.31,29.4,1.7,10.7,6.2,12.7,45.8,52.0,22.1,101.92,10.3
Spencer Dinwiddie,BKN,26,68,36,32,28.1,107.1,109.8,-2.7,27.2,2.05,21.6,1.3,6.9,4.1,10.6,51.7,58.0,24.2,102.33,11.0
Tyus Jones,MIN,23,68,29,39,22.9,108.4,108.7,-0.3,28.4,6.96,38.6,1.4,6.9,4.1,5.5,46.0,49.1,13.9,102.43,9.5
Wes Iwundu,ORL,24,68,36,32,18.1,104.9,103.1,1.7,8.0,1.66,16.7,2.7,10.8,6.8,10.0,46.5,53.1,12.5,101.34,5.6
Zaza Pachulia,DET,35,68,35,33,12.9,100.8,105.3,-4.6,16.1,1.60,22.9,10.1,18.4,14.1,14.4,44.0,53.9,14.7,99.89,8.8
Clint Capela,HOU,25,67,44,23,33.6,114.0,108.7,5.4,7.0,1.02,9.3,13.0,24.1,18.5,9.1,64.8,65.8,18.0,98.21,15.6
DeMarre Carroll,BKN,32,67,36,31,25.4,108.2,106.2,1.9,7.5,1.16,10.1,3.7,15.1,9.4,8.6,48.7,54.6,18.1,102.96,9.2
Derrick White,SAS,24,67,41,26,25.8,111.8,107.1,4.8,20.6,2.71,27.5,2.2,11.6,7.2,10.1,52.3,55.5,17.8,98.75,9.6
Enes Kanter,POR,27,67,28,39,24.5,106.4,112.6,-6.2,12.0,0.98,11.6,13.8,24.5,18.8,11.8,55.6,59.4,21.9,100.15,15.2
Ersan Ilyasova,MIL,32,67,49,18,18.4,111.2,101.5,9.7,5.6,1.08,10.1,7.1,15.1,11.2,9.3,51.4,54.8,15.1,105.02,7.1
Josh Hart,LAL,24,67,31,36,25.6,105.1,104.7,0.4,7.2,1.60,14.4,1.9,10.9,6.5,9.0,50.6,52.6,13.0,105.57,6.3
Jrue Holiday,NOP,29,67,30,37,35.8,113.5,109.1,4.4,30.8,2.47,25.9,3.0,9.9,6.5,10.5,52.3,55.5,25.0,104.13,12.7
Kent Bazemore,ATL,29,67,24,43,24.5,102.5,110.2,-7.7,14.4,1.26,14.6,2.0,12.6,7.2,11.7,47.2,50.7,21.5,106.15,8.3
Kyrie Irving,BOS,27,67,37,30,33.0,113.4,107.1,6.2,33.0,2.70,23.5,3.1,11.3,7.2,8.7,55.7,59.2,28.6,102.01,15.7
Larry Nance Jr.,CLE,26,67,16,51,26.8,105.8,114.6,-8.8,17.9,2.21,25.2,9.0,22.4,15.4,11.4,55.4,58.3,15.2,97.93,12.3
OG Anunoby,TOR,21,67,46,21,20.2,104.9,106.5,-1.7,5.0,0.85,8.8,4.0,10.0,6.9,10.3,53.6,54.4,14.8,103.04,5.7
Daniel Theis,BOS,27,66,38,28,13.8,110.0,102.6,7.4,10.8,2.06,16.9,8.8,14.5,11.6,8.2,59.8,62.4,15.0,102.84,9.5
Draymond Green,GSW,29,66,48,18,31.3,115.8,105.0,10.7,26.1,2.69,41.9,3.1,18.0,11.2,15.6,50.1,52.6,12.8,103.58,9.8
Justise Winslow,MIA,23,66,30,36,29.7,107.6,104.2,3.4,21.3,1.99,22.8,3.1,14.1,8.6,11.5,49.7,51.3,20.6,99.61,9.7
Mitchell Robinson,NYK,21,66,16,50,20.6,103.3,109.5,-6.2,4.2,1.06,8.8,12.2,16.6,14.4,8.3,69.4,69.2,11.9,101.10,11.5
Rodney McGruder,LAC,27,66,31,35,23.5,104.9,106.2,-1.4,10.3,1.75,16.8,3.5,10.6,7.0,9.6,48.9,51.0,14.7,100.63,6.8
Stanley Johnson,NOP,23,66,28,38,18.3,95.5,103.4,-7.9,11.8,1.09,13.8,2.5,14.2,8.1,12.7,45.9,48.5,18.6,102.99,7.9
Anthony Tolliver,MIN,34,65,27,38,16.6,104.5,108.6,-4.1,5.9,1.28,12.6,1.2,14.3,7.5,9.9,53.9,57.1,12.1,102.57,6.4
JaMychal Green,LAC,29,65,31,34,21.1,103.3,109.1,-5.8,5.8,0.57,7.6,7.1,21.8,14.3,13.2,55.8,58.7,18.5,101.90,10.3
Jimmy Butler,PHI,29,65,38,27,33.6,111.9,108.3,3.6,17.9,2.77,18.5,5.4,9.4,7.5,6.7,49.9,57.1,21.8,102.44,12.6
Kyle Lowry,TOR,33,65,47,18,34.1,116.2,105.5,10.7,32.9,3.10,36.1,1.9,11.4,6.9,11.6,51.8,56.2,19.1,101.37,11.5
Tim Hardaway Jr.,DAL,27,65,14,51,31.6,105.4,114.5,-9.1,12.5,1.51,11.7,1.5,9.0,5.1,7.7,47.4,52.7,24.6,101.00,8.5
Alec Burks,SAC,27,64,19,45,21.5,103.6,114.6,-11.1,14.2,1.97,17.7,2.1,15.1,8.4,9.0,46.9,52.3,18.5,99.46,9.1
Allonzo Trier,NYK,23,64,13,51,22.8,102.1,109.3,-7.2,13.1,1.03,13.9,2.0,10.7,6.3,13.6,49.8,56.4,20.7,101.44,9.0
Cheick Diallo,NOP,22,64,27,37,14.0,105.3,110.0,-4.7,5.1,0.67,8.6,7.9,26.0,17.1,12.8,62.2,64.4,15.5,107.19,12.1
Dante Cunningham,SAS,32,64,36,28,14.5,103.7,111.9,-8.2,7.2,2.27,20.9,4.9,14.8,9.8,9.2,57.0,58.5,8.6,100.84,6.7
Devin Booker,PHX,22,64,15,49,35.0,108.2,115.1,-6.9,32.7,1.64,20.2,1.7,9.9,5.8,12.3,52.1,58.4,32.0,102.17,13.4
Dewayne Dedmon,ATL,29,64,24,40,25.1,107.9,112.0,-4.1,7.9,1.07,12.1,6.3,22.9,14.5,11.3,57.1,60.2,16.6,103.89,10.7
Fred VanVleet,TOR,25,64,46,18,27.5,113.1,105.0,8.1,24.3,3.74,29.6,1.2,7.8,4.6,7.9,50.3,53.9,17.7,99.90,9.5
Jabari Parker,WAS,24,64,18,46,26.9,104.6,110.8,-6.2,14.0,1.01,13.5,4.5,18.7,11.7,13.4,53.3,56.0,23.6,102.85,11.1
Jamal Crawford,PHX,39,64,13,51,18.9,101.4,116.5,-15.1,28.3,2.31,28.3,0.6,6.1,3.4,12.2,47.4,52.2,19.8,103.99,8.3
Joel Embiid,PHI,25,64,43,21,33.7,112.5,104.8,7.6,18.5,1.04,12.0,7.5,29.2,19.1,11.6,51.7,59.3,32.7,103.92,19.6
Malcolm Brogdon,MIL,26,64,49,15,28.6,113.4,102.7,10.7,15.7,2.25,18.5,3.5,10.7,7.3,8.2,57.5,61.4,20.2,104.93,12.0
Michael Kidd-Gilchrist,CHA,25,64,29,35,18.4,106.4,107.4,-0.9,7.7,1.42,12.4,6.9,12.9,9.8,8.7,50.0,55.3,15.3,100.91,7.5
Mike Muscala,LAL,27,64,35,29,20.4,107.6,106.5,1.0,8.1,1.58,14.6,4.1,13.3,8.8,9.2,52.5,56.4,13.8,105.03,7.0
Shaun Livingston,GSW,33,64,45,19,15.1,110.5,107.3,3.2,15.4,3.00,29.7,4.3,7.1,5.8,9.9,51.9,55.5,11.8,101.37,7.3
Sindarius Thornwell,LAC,24,64,37,27,4.9,96.9,97.7,-0.8,7.9,0.90,17.6,1.5,10.8,6.3,19.6,37.8,48.5,10.5,111.40,3.2
Thon Maker,DET,22,64,44,20,15.2,104.3,103.4,0.9,6.6,1.36,11.7,3.9,14.9,9.5,8.5,49.8,53.0,14.8,101.10,7.4
Trey Lyles,DEN,23,64,42,22,17.5,105.7,105.7,0.0,11.6,1.28,12.4,3.6,17.2,10.3,9.7,47.0,50.0,22.9,100.85,9.4
Avery Bradley,MEM,28,63,31,32,30.2,108.7,110.2,-1.5,11.4,1.71,17.5,2.2,6.5,4.4,10.2,47.9,49.6,16.0,101.13,4.7
Luke Kennard,DET,23,63,30,33,22.8,108.5,108.2,0.3,12.2,2.00,15.9,0.8,12.1,6.2,8.0,54.0,56.0,17.9,97.34,9.0
Patrick Patterson,OKC,30,63,40,23,13.7,101.5,107.3,-5.7,4.9,1.41,10.9,4.3,11.4,7.8,7.7,47.9,49.3,11.8,105.18,6.0
Reggie Bullock,LAL,28,63,27,36,29.8,109.0,110.3,-1.3,9.6,1.98,15.8,1.1,8.2,4.5,8.0,53.7,56.3,15.4,101.09,6.9
Rodions Kurucs,BKN,21,63,36,27,20.5,107.0,107.4,-0.4,5.7,0.68,8.4,4.0,13.1,8.6,12.4,51.4,54.5,17.5,106.04,6.9
Zach LaVine,CHI,24,63,16,47,34.5,105.8,112.4,-6.5,22.4,1.32,15.9,1.8,11.3,6.6,12.0,52.0,57.4,29.8,99.98,12.5
Iman Shumpert,HOU,29,62,39,23,23.9,109.1,110.5,-1.4,9.8,2.24,17.8,1.6,10.1,5.7,8.0,48.1,49.9,14.3,103.82,5.7
Marvin Bagley III,SAC,20,62,30,32,25.3,107.8,111.0,-3.2,6.0,0.63,6.3,9.2,18.0,13.6,9.9,52.5,56.2,23.7,104.19,12.4
Tyrone Wallace,LAC,25,62,34,28,10.1,108.0,104.2,3.7,9.0,1.17,13.1,3.0,11.1,7.2,11.2,43.3,45.0,17.4,108.09,4.3
Abdel Nader,OKC,25,61,38,23,11.4,96.4,105.8,-9.5,4.4,0.77,7.3,1.7,13.9,7.5,9.5,49.8,52.2,14.8,104.97,6.6
Frank Jackson,NOP,21,61,22,39,19.2,106.3,111.3,-5.0,8.0,1.44,11.6,1.9,8.5,5.2,8.1,49.3,51.7,17.8,107.41,5.9
John Collins,ATL,21,61,24,37,30.0,111.7,113.0,-1.4,10.2,1.01,10.2,11.2,19.6,15.4,10.2,59.3,62.7,23.0,105.00,13.6
Meyers Leonard,POR,27,61,35,26,14.4,108.5,112.2,-3.7,12.3,1.74,19.6,5.5,20.6,13.0,11.2,64.9,67.5,14.9,100.30,10.8
Pat Connaughton,MIL,26,61,43,18,20.7,111.0,106.1,5.0,12.8,3.70,23.3,4.6,13.5,9.2,6.3,56.0,57.3,13.0,104.84,9.4
Cristiano Felicio,CHI,26,60,16,44,12.4,103.7,111.7,-8.0,7.0,1.12,13.2,10.1,18.7,14.3,11.8,53.1,56.8,13.8,101.48,8.6
Derrick Jones Jr.,MIA,22,60,31,29,19.2,103.8,105.0,-1.2,4.9,0.86,8.1,7.6,11.9,9.7,9.4,53.7,55.9,15.1,98.66,8.1
George Hill,MIL,33,60,39,21,21.7,108.9,103.3,5.6,14.6,2.65,22.7,2.8,7.5,5.2,8.6,51.6,55.4,14.7,101.93,7.9
Ian Clark,NOP,28,60,24,36,16.2,106.2,109.6,-3.4,13.2,1.62,17.2,1.2,7.1,4.2,10.6,48.0,50.2,18.5,106.16,5.2
Jerian Grant,ORL,26,60,28,32,15.6,100.5,107.7,-7.3,24.2,3.06,35.1,1.9,8.3,5.0,11.5,50.9,52.6,13.0,100.45,7.6
Kawhi Leonard,TOR,28,60,41,19,34.0,115.6,107.7,7.9,15.9,1.64,12.2,3.9,16.5,10.6,7.4,54.6,60.6,30.0,100.33,17.2
Maurice Harkless,POR,26,60,37,23,23.6,114.6,106.8,7.9,6.8,1.64,13.7,5.2,12.8,9.0,8.3,53.0,54.7,13.5,101.67,7.3
Norman Powell,TOR,26,60,45,15,18.8,105.7,105.5,0.2,11.9,1.40,15.5,1.3,10.2,5.8,11.1,56.8,59.6,18.2,103.48,9.2
Ante Zizic,CLE,22,59,13,46,18.3,106.3,110.2,-3.9,7.5,0.87,10.5,9.7,19.3,14.4,12.1,55.3,59.0,17.8,99.35,10.3
Emmanuel Mudiay,NYK,23,59,13,46,27.2,104.0,114.8,-10.8,24.2,1.63,19.2,1.9,9.8,5.7,11.8,49.3,53.1,24.8,101.46,9.8
Georges Niang,UTA,26,59,41,18,8.8,103.9,111.6,-7.7,10.7,1.52,14.2,2.2,13.5,8.1,9.3,59.4,61.3,17.0,104.39,9.0
Ivica Zubac,LAC,22,59,32,27,17.6,106.5,104.7,1.8,9.3,0.90,11.1,10.8,21.6,16.4,12.3,55.9,60.4,19.9,104.36,12.7
Jahlil Okafor,NOP,23,59,23,36,15.8,106.0,111.5,-5.5,6.4,0.77,8.2,8.4,19.6,14.0,10.7,58.7,60.3,19.8,103.79,11.5
Jared Dudley,BKN,33,59,28,31,20.7,109.4,108.6,0.8,9.3,1.93,21.5,2.7,9.6,6.1,11.1,53.3,55.4,10.4,100.22,4.9
Rondae Hollis-Jefferson,BKN,24,59,27,32,20.9,106.3,105.6,0.7,11.9,1.41,13.1,6.0,17.0,11.5,9.3,42.0,46.4,21.0,103.82,8.8
Tim Frazier,MIL,28,59,27,32,19.0,107.9,110.6,-2.7,28.6,3.26,40.7,3.5,10.6,7.1,12.5,51.5,54.4,13.2,104.60,8.1
Boban Marjanovic,PHI,30,58,31,27,11.7,105.3,105.3,0.1,12.8,0.92,12.6,12.4,23.2,18.0,13.7,62.3,66.4,22.2,104.16,16.4
Chris Paul,HOU,34,58,39,19,32.0,112.4,104.2,8.3,38.2,3.11,33.1,1.9,12.3,7.0,10.6,50.8,56.0,22.0,100.37,13.8
Harry Giles III,SAC,21,58,26,32,14.1,104.1,109.1,-5.0,15.5,1.16,15.5,7.6,17.1,12.5,13.3,50.3,52.6,22.7,106.54,9.0
James Ennis III,PHI,28,58,35,23,21.2,110.5,109.8,0.7,4.7,1.21,10.1,4.8,9.9,7.4,8.4,56.3,59.0,12.5,101.02,5.6
Jaren Jackson Jr.,MEM,19,58,23,35,26.1,101.3,103.6,-2.3,7.4,0.65,7.7,4.9,13.2,9.0,11.7,54.9,59.1,23.1,96.48,10.0
Mario Hezonja,NYK,24,58,12,46,20.8,102.0,112.0,-10.0,11.6,1.00,12.8,2.1,16.8,9.3,12.8,45.7,49.7,20.8,100.79,8.2
Markieff Morris,OKC,29,58,24,34,21.9,107.1,113.0,-5.9,9.2,1.46,12.0,4.5,16.1,10.1,8.2,49.2,52.1,19.1,102.63,7.5
Sterling Brown,MIL,24,58,45,13,17.8,106.4,106.1,0.2,11.5,1.83,18.3,2.6,13.0,8.0,10.0,55.0,56.3,14.9,105.71,7.8
TJ Leaf,IND,22,58,35,23,9.0,105.1,101.5,3.6,6.3,2.00,10.3,7.7,14.5,11.1,5.2,56.3,57.2,15.8,105.74,11.1
Trey Burke,DAL,26,58,16,42,19.4,107.0,108.4,-1.5,22.9,3.24,19.7,2.3,5.9,4.1,6.1,48.2,52.4,24.2,101.16,10.8
Willy Hernangomez,CHA,25,58,31,27,14.0,109.2,115.3,-6.2,11.2,1.03,12.7,13.0,24.0,18.2,12.2,54.4,58.7,20.6,102.82,11.8
Antonio Blakeney,CHI,22,57,14,43,14.5,102.9,110.8,-7.8,7.9,1.20,8.3,0.8,11.4,6.1,6.9,46.5,48.7,24.0,101.32,7.3
Gary Harris,DEN,24,57,38,19,28.8,111.6,105.3,6.2,11.0,1.87,14.2,2.4,7.0,4.7,7.6,48.8,52.6,19.5,99.40,7.6
Shelvin Mack,CHA,29,57,22,35,21.9,99.3,108.4,-9.1,24.1,2.77,26.7,1.4,6.9,4.2,9.6,46.2,48.9,17.9,98.15,7.7
Tyler Johnson,PHX,27,57,26,31,26.8,104.4,108.4,-4.0,16.5,2.16,20.1,2.1,8.7,5.3,9.3,49.8,53.2,18.0,101.07,8.5
Anthony Davis,NOP,26,56,25,31,33.0,113.5,110.1,3.4,18.6,1.95,14.1,8.9,24.9,17.0,7.3,54.0,59.7,28.8,103.73,19.7
Ish Smith,DET,30,56,33,23,22.3,110.8,108.1,2.7,24.3,3.33,26.0,1.7,9.7,5.5,7.8,46.4,48.5,19.3,98.67,8.6
Jonathon Simmons,PHI,29,56,25,31,19.0,101.9,107.2,-5.3,17.5,1.88,21.8,2.4,9.0,5.7,11.6,42.0,46.6,18.2,102.38,6.0
Otto Porter Jr.,CHI,26,56,25,31,30.1,111.2,111.6,-0.4,10.0,1.85,13.9,3.1,15.3,9.2,7.5,54.6,56.9,18.5,103.07,10.3
Semi Ojeleye,BOS,24,56,39,17,10.6,106.3,100.2,6.0,5.4,1.21,10.6,3.8,9.3,6.7,8.7,51.3,53.1,13.7,101.90,5.7
Shabazz Napier,BKN,27,56,26,30,17.6,105.6,104.3,1.3,23.5,2.17,20.3,1.7,7.9,4.7,9.4,47.6,53.4,23.4,102.80,10.6
Tony Parker,CHA,37,56,30,26,17.9,107.4,107.5,-0.1,33.1,2.76,25.9,1.3,6.7,4.0,9.4,47.4,51.2,24.7,101.52,10.9
James Johnson,MIA,32,55,27,28,21.2,103.2,107.9,-4.6,16.7,1.82,21.8,1.8,12.3,7.1,12.0,49.9,52.2,17.7,99.11,7.9
LeBron James,LAL,34,55,28,27,35.2,109.6,107.6,2.0,37.6,2.30,23.6,2.9,19.3,11.4,10.2,56.0,58.8,31.1,104.12,18.8
Taurean Prince,ATL,25,55,19,36,28.2,108.4,115.4,-6.9,10.7,1.18,13.8,1.3,11.0,6.0,11.7,54.5,57.5,19.0,106.26,7.5
Tyson Chandler,LAL,36,55,26,29,15.9,102.5,104.4,-1.9,5.7,0.88,16.8,9.4,21.3,15.4,19.1,61.6,63.0,8.4,105.25,8.5
Bismack Biyombo,CHA,26,54,24,30,14.5,104.1,111.8,-7.7,6.4,0.97,12.5,9.9,20.5,15.1,12.9,57.1,60.2,12.8,98.68,8.5
CJ Miles,MEM,32,53,33,20,16.2,103.8,105.5,-1.7,6.1,1.20,9.0,1.4,9.0,5.1,7.5,46.8,50.4,17.3,104.03,5.6
Dennis Smith Jr.,NYK,21,53,21,32,28.5,102.4,107.7,-5.3,27.8,1.64,22.4,2.0,7.5,4.8,13.7,47.9,50.2,24.2,101.30,8.4
E'Twaun Moore,NOP,30,53,21,32,27.6,111.3,111.6,-0.3,9.3,1.73,14.2,2.3,5.8,4.1,8.2,55.3,56.7,17.0,104.07,6.7
Elie Okobo,PHX,21,53,7,46,18.1,101.1,111.1,-9.9,19.8,1.84,25.0,1.2,9.2,5.1,13.6,46.0,48.9,16.8,101.12,5.3
Quincy Pondexter,SAS,31,53,29,24,5.5,99.2,101.4,-2.2,12.1,1.85,20.9,2.8,12.3,7.7,11.3,55.2,64.1,12.9,102.62,9.0
Wayne Ellington,DET,31,53,26,27,24.5,106.7,107.1,-0.5,8.6,1.80,12.3,1.0,7.3,3.9,6.8,55.4,56.9,16.7,98.49,7.5
Brandon Ingram,LAL,21,52,25,27,33.9,107.3,108.8,-1.5,12.7,1.19,13.5,2.2,11.3,6.9,11.3,51.8,55.5,22.7,104.41,9.2
Lauri Markkanen,CHI,22,52,16,36,32.3,106.8,112.3,-5.5,7.0,0.88,7.3,4.3,23.4,13.8,8.2,50.6,55.3,24.5,99.33,12.5
Troy Brown Jr.,WAS,19,52,20,32,14.0,110.0,110.3,-0.3,14.7,2.67,22.0,4.5,14.9,9.5,8.2,46.2,48.7,15.8,103.04,7.7
Amir Johnson,PHI,32,51,32,19,10.4,104.7,109.7,-5.0,15.6,1.33,21.4,8.4,18.5,13.3,16.1,54.1,57.4,16.9,105.63,8.0
Aron Baynes,BOS,32,51,32,19,16.1,110.0,102.2,7.7,9.2,1.43,16.3,10.3,17.5,13.9,11.5,51.8,56.7,14.7,102.92,8.3
David Nwaba,CLE,26,51,14,37,19.3,108.1,111.9,-3.8,7.7,1.86,14.1,3.9,12.8,8.2,7.6,52.7,55.8,14.1,98.51,7.1
Derrick Rose,MIN,30,51,24,27,27.3,111.5,110.8,0.7,24.4,2.68,19.6,2.2,7.0,4.6,7.3,51.8,55.7,26.1,103.61,12.8
Dirk Nowitzki,DAL,41,51,17,34,15.6,104.8,109.7,-4.8,6.8,1.94,7.8,0.6,18.0,9.2,4.0,44.4,46.9,21.7,101.08,7.3
Ekpe Udoh,UTA,32,51,35,16,6.3,102.8,110.5,-7.7,13.1,2.15,22.0,9.0,18.9,14.2,10.2,69.4,69.8,12.8,105.52,12.5
Gary Clark,HOU,24,51,33,18,12.6,111.8,109.8,2.0,4.0,2.57,10.1,3.5,14.4,8.7,3.9,46.7,48.0,10.6,99.73,6.1
Hamidou Diallo,OKC,20,51,29,22,10.3,103.5,110.3,-6.8,4.4,0.74,7.4,6.5,11.0,8.6,10.0,46.7,49.7,16.0,104.11,4.9
Troy Daniels,PHX,27,51,13,38,14.9,104.4,110.8,-6.4,5.2,0.96,7.8,1.6,7.9,4.7,8.1,54.5,55.8,17.1,102.54,5.6
Wilson Chandler,LAC,32,51,35,16,23.1,112.7,108.5,4.2,8.9,1.78,19.9,4.1,13.2,8.9,11.2,52.6,53.7,11.5,103.40,5.6
Aaron Holiday,IND,22,50,31,19,12.9,107.2,100.2,7.0,18.0,2.17,21.2,0.8,8.8,4.9,9.8,48.3,51.8,20.6,103.35,7.8
Bobby Portis,WAS,24,50,14,36,26.0,109.9,114.3,-4.4,8.5,0.97,8.8,8.3,22.6,15.4,9.1,50.4,52.9,24.1,101.85,10.6
De'Anthony Melton,PHX,21,50,13,37,19.7,105.8,113.7,-7.9,21.4,2.12,31.7,2.5,11.4,6.8,14.9,44.7,46.6,14.7,102.18,6.3
Khem Birch,ORL,26,50,26,24,12.9,105.9,102.7,3.2,8.7,1.90,15.4,11.2,16.6,13.8,8.1,60.3,64.0,13.6,101.21,11.6
Thabo Sefolosha,UTA,35,50,28,22,12.2,108.3,99.5,8.8,5.9,1.08,12.7,1.4,18.1,10.2,11.8,59.1,59.9,12.9,101.69,9.8
Timothe Luwawu-Cabarrot,CHI,24,50,25,25,13.4,98.5,112.9,-14.4,5.7,1.24,9.3,1.5,12.5,6.7,7.5,45.9,48.9,15.6,103.35,4.9
Chasson Randle,WAS,26,49,19,30,15.2,104.8,110.6,-5.8,18.2,2.26,25.1,1.3,6.2,3.6,11.1,52.5,55.5,16.0,104.06,5.3
Cody Zeller,CHA,26,49,22,27,25.4,112.3,110.9,1.4,11.4,1.65,17.8,8.4,17.1,12.7,10.8,55.9,61.1,15.9,100.64,10.1
Ivan Rabb,MEM,22,49,20,29,14.7,103.3,109.5,-6.2,12.3,1.54,16.3,9.7,19.7,14.6,10.6,55.4,58.6,16.6,98.51,10.6
Jonas Valanciunas,MEM,27,49,31,18,22.3,109.7,107.0,2.7,10.9,0.78,8.9,9.6,26.8,18.4,11.5,57.2,61.6,27.4,101.77,16.9
Jose Calderon,DET,37,49,22,27,12.9,93.8,107.8,-14.0,28.2,3.29,42.0,1.5,7.8,4.4,12.8,43.3,45.3,10.4,101.32,5.6
D.J. Wilson,MIL,23,48,37,11,18.4,107.0,102.2,4.9,8.0,1.63,14.6,4.7,17.4,11.2,9.0,50.6,51.5,14.1,105.55,7.5
Furkan Korkmaz,PHI,21,48,30,18,14.2,110.7,107.0,3.7,10.7,2.08,15.3,2.3,13.0,7.7,7.4,49.6,52.8,17.4,104.84,7.9
Justin Anderson,ATL,25,48,17,31,9.7,101.9,107.6,-5.7,7.3,1.00,10.6,4.6,11.9,8.2,10.6,48.4,51.6,16.6,109.25,6.7
Matthew Dellavedova,CLE,28,48,20,28,16.9,103.2,107.0,-3.8,32.9,2.66,35.1,0.7,8.1,4.4,13.2,49.6,53.2,17.3,100.73,8.2
Tyler Dorsey,MEM,23,48,11,37,14.5,106.4,108.4,-2.0,11.8,2.07,15.1,3.6,11.8,7.6,7.3,48.9,50.9,18.2,104.34,7.2
Frank Kaminsky,CHA,26,47,22,25,16.1,109.9,109.1,0.9,12.9,1.54,14.1,4.8,16.4,10.4,9.2,54.7,58.7,21.6,100.36,10.6
Glenn Robinson III,DET,25,47,24,23,13.0,102.3,103.1,-0.8,5.3,1.17,9.0,2.6,8.9,5.6,7.7,47.2,51.1,14.6,99.40,5.8
Lonzo Ball,LAL,21,47,25,22,30.3,105.3,106.1,-0.7,23.6,2.48,30.5,3.6,12.4,8.1,12.3,48.8,48.7,16.7,104.67,8.7
Marcin Gortat,LAC,35,47,25,22,16.0,106.0,112.5,-6.5,12.3,1.30,20.1,8.9,25.3,17.2,15.5,53.2,56.2,14.8,99.94,9.7
Mo Bamba,ORL,21,47,19,28,16.3,94.3,109.2,-14.9,8.6,0.91,11.1,7.4,21.3,14.0,12.3,52.5,53.9,17.4,99.70,10.3
Sam Dekker,WAS,25,47,14,33,16.8,106.9,112.2,-5.3,8.1,1.92,13.2,6.4,12.3,9.2,6.9,50.6,51.9,15.7,102.50,8.3
Devonte' Graham,CHA,24,46,18,28,14.7,104.5,111.8,-7.3,26.6,4.03,31.3,1.3,7.8,4.4,7.8,42.1,45.9,16.6,101.10,6.8
Dragan Bender,PHX,21,46,9,37,18.0,104.6,112.7,-8.1,9.4,1.51,17.9,4.0,16.8,10.5,11.9,50.3,52.1,13.0,103.30,6.6
Kenrich Williams,NOP,24,46,17,29,23.5,107.8,111.6,-3.8,9.4,2.31,20.4,4.6,14.5,9.4,8.9,47.7,48.5,11.9,105.77,6.2
Kris Dunn,CHI,25,46,14,32,30.2,106.1,113.7,-7.6,29.0,2.66,30.2,1.3,11.9,6.6,11.4,45.8,48.4,19.8,99.50,8.4
Lance Thomas,NYK,31,46,7,39,17.0,97.1,107.9,-10.9,5.1,1.13,10.2,2.3,11.5,6.8,9.1,45.2,48.2,12.7,102.08,4.3
Luke Kornet,NYK,23,46,9,37,17.0,102.5,106.0,-3.5,10.8,2.16,14.2,3.3,12.3,7.9,6.6,50.2,53.1,17.8,101.94,9.3
Nikola Mirotic,MIL,28,46,24,22,27.1,112.0,108.3,3.7,6.1,1.15,7.9,4.5,19.8,12.3,6.9,54.6,58.4,20.6,106.60,11.6
Omari Spellman,ATL,21,46,15,31,17.5,102.6,112.8,-10.3,8.5,1.52,13.7,8.0,14.4,11.1,9.0,49.2,51.6,14.6,106.88,7.9
Rajon Rondo,LAL,33,46,19,27,29.8,104.7,113.3,-8.6,36.0,2.89,39.0,2.3,14.2,8.3,13.5,46.4,47.3,17.2,104.55,9.9
Kyle O'Quinn,IND,29,45,27,18,8.2,106.7,107.0,-0.3,20.4,1.81,24.0,7.8,21.6,15.1,13.3,51.1,53.7,19.6,103.91,11.1
Chandler Hutchison,CHI,23,44,10,34,20.3,101.9,107.6,-5.6,5.5,1.36,11.9,3.3,16.7,10.0,8.7,49.3,50.7,12.1,100.63,7.3
Dion Waiters,MIA,27,44,20,24,25.9,105.9,107.8,-2.0,16.4,1.89,17.7,0.6,9.4,4.9,9.4,52.8,53.0,21.3,97.84,8.3
Jonah Bolden,PHI,23,44,24,20,14.5,106.2,107.9,-1.8,8.5,1.11,15.9,6.7,17.3,11.9,14.3,59.9,59.5,13.1,106.12,7.2
Solomon Hill,NOP,28,44,14,30,20.0,106.5,113.0,-6.5,8.0,1.77,19.7,3.6,10.2,6.9,11.1,47.2,49.7,10.4,104.60,4.2
Wendell Carter Jr.,CHI,20,44,10,34,25.2,97.8,109.5,-11.7,11.8,1.20,13.9,7.5,19.8,13.6,11.5,49.3,54.1,19.2,99.17,10.0
Allen Crabbe,BKN,27,43,19,24,26.4,106.5,106.2,0.3,5.9,1.00,9.5,1.3,10.8,6.0,9.5,49.9,51.9,15.9,102.62,5.5
Dwayne Bacon,CHA,23,43,20,23,17.6,111.2,113.2,-2.0,9.2,2.61,13.7,1.0,10.5,5.7,5.3,54.9,57.0,16.7,99.59,6.9
Frank Ntilikina,NYK,20,43,9,34,21.0,102.0,110.6,-8.5,19.5,2.16,25.6,1.2,8.0,4.5,11.8,39.5,41.7,16.3,101.94,3.9
Greg Monroe,PHI,29,43,28,15,11.2,100.0,106.7,-6.7,7.9,0.75,8.7,11.9,21.8,16.5,11.6,48.9,52.1,21.1,103.92,10.6
Kyle Anderson,MEM,25,43,19,24,29.8,102.6,104.7,-2.1,15.5,2.21,26.2,3.8,16.1,10.0,11.9,56.0,56.9,12.7,96.78,9.9
Marquese Chriss,CLE,21,43,17,26,11.6,100.6,117.9,-17.3,6.9,0.61,8.5,7.2,21.6,13.8,13.9,41.7,45.5,19.6,100.46,5.4
Moritz Wagner,LAL,22,43,15,28,10.4,95.7,105.5,-9.8,8.4,0.62,9.4,3.5,14.2,8.9,15.3,48.0,53.3,21.0,105.70,6.9
T.J. Warren,PHX,25,43,10,33,31.6,106.4,114.1,-7.7,7.3,1.23,8.2,2.2,10.8,6.4,6.7,54.9,58.0,22.1,101.86,9.9
Tristan Thompson,CLE,28,43,8,35,27.9,106.5,118.8,-12.3,11.0,1.46,15.0,13.7,23.7,18.4,10.3,52.9,55.1,17.5,97.05,12.1
Will Barton,DEN,28,43,27,16,27.7,109.7,109.1,0.6,14.6,1.91,18.3,2.6,13.7,8.1,9.6,47.5,50.1,19.5,100.16,8.0
Dante Exum,UTA,23,42,21,21,15.8,103.8,100.6,3.2,25.1,2.12,24.8,2.4,7.7,5.1,11.7,45.6,51.6,20.7,103.08,8.2
Elfrid Payton,NOP,25,42,18,24,29.8,110.7,112.9,-2.2,31.8,2.86,36.5,3.7,12.9,8.3,12.8,47.5,50.2,17.7,106.18,9.8
Jarell Martin,ORL,25,42,20,22,7.8,106.0,101.6,4.4,7.8,1.64,13.1,3.1,18.5,10.6,8.0,51.0,52.8,15.3,103.06,6.5
Jeff Teague,MIN,31,42,23,19,30.1,113.0,113.1,-0.1,36.6,3.54,37.2,1.2,6.7,3.9,10.5,46.5,52.8,18.6,101.85,10.3
Joakim Noah,MEM,34,42,14,28,16.5,103.5,101.7,1.8,20.2,1.78,22.1,7.8,24.7,16.1,12.4,51.6,57.1,19.1,100.40,14.2
Kosta Koufos,SAC,30,42,21,21,11.9,106.0,107.4,-1.3,9.9,1.33,15.9,8.8,22.9,15.6,11.9,47.7,47.7,15.0,105.85,8.8
Nene,HOU,36,42,29,13,13.0,111.1,101.9,9.2,7.0,2.36,15.0,5.8,15.2,10.5,6.4,51.7,55.2,11.4,101.71,6.9
Ryan Broekhoff,DAL,28,42,15,27,10.8,111.2,102.8,8.3,6.9,1.38,12.9,1.7,11.3,6.5,9.4,60.3,62.1,14.0,101.01,7.5
Svi Mykhailiuk,DET,22,42,19,23,10.5,105.2,105.7,-0.5,11.0,1.76,17.9,1.9,5.5,3.8,10.1,43.2,44.7,15.7,104.70,3.9
Guerschon Yabusele,BOS,23,41,27,14,6.1,102.4,106.0,-3.6,8.8,1.00,12.8,8.4,10.4,9.4,12.8,51.3,54.2,16.8,102.49,6.8
Jon Leuer,DET,30,41,16,25,9.8,93.9,107.2,-13.3,6.0,0.61,8.6,6.2,18.2,11.8,14.2,58.8,61.6,15.7,100.45,9.1
Cameron Payne,CLE,24,40,7,33,17.8,99.5,114.8,-15.2,22.5,2.36,27.1,1.7,8.3,5.0,11.5,48.7,51.9,16.9,101.97,7.4
Caris LeVert,BKN,24,40,19,21,26.6,108.5,108.7,-0.2,23.1,2.26,20.6,3.0,10.0,6.5,9.1,47.8,50.9,23.5,102.02,10.3
Brandon Knight,CLE,27,39,17,22,18.9,102.9,114.9,-12.0,14.7,2.37,18.9,1.2,7.0,3.9,8.0,46.0,48.4,17.8,99.38,5.1
Danuel House Jr.,HOU,26,39,27,12,25.1,117.2,108.3,8.9,5.8,1.14,11.2,2.5,11.2,6.9,9.8,61.5,64.6,13.7,100.67,7.4
Isaiah Briscoe,ORL,23,39,17,22,14.3,102.8,100.9,2.0,22.6,2.81,32.6,0.8,11.1,6.0,11.6,43.8,45.5,13.9,100.12,5.7
Jevon Carter,MEM,23,39,9,30,14.8,99.8,106.7,-6.8,18.4,2.09,22.8,2.3,9.0,5.5,10.9,39.5,43.2,17.2,98.50,5.3
Frank Mason,SAC,25,38,16,22,11.5,99.5,114.0,-14.5,28.0,2.33,26.8,1.3,8.3,4.7,11.5,46.2,50.2,21.3,107.58,8.5
Grayson Allen,UTA,23,38,22,16,11.0,99.6,113.2,-13.6,10.2,0.76,9.5,0.7,4.7,2.7,12.5,46.6,51.6,23.8,103.77,3.7
J.J. Barea,DAL,35,38,20,18,19.8,109.5,106.3,3.2,45.4,2.93,30.2,1.6,10.6,6.0,10.3,46.8,49.5,26.3,102.73,13.1
Wesley Johnson,WAS,31,38,17,21,14.1,104.6,111.9,-7.3,5.4,1.28,13.1,2.0,10.4,6.2,10.2,44.9,46.9,11.5,104.91,2.9
Kenneth Faried,HOU,29,37,21,16,19.7,113.7,109.7,4.0,4.3,0.61,5.5,12.3,21.0,16.4,9.1,60.4,62.2,19.4,101.91,12.4
Raul Neto,UTA,27,37,26,11,12.8,116.1,98.6,17.5,25.1,2.66,30.5,1.4,10.5,6.4,11.5,52.2,55.8,18.4,104.55,9.6
Brad Wanamaker,BOS,29,36,27,9,9.5,106.6,97.8,8.8,22.5,2.95,29.2,0.8,9.6,5.4,9.9,55.2,59.7,16.2,102.90,10.4
Channing Frye,CLE,36,36,7,29,9.5,99.1,121.9,-22.7,10.0,1.54,12.8,1.0,15.8,7.5,8.3,50.4,52.4,17.4,98.04,5.3
Goran Dragic,MIA,33,36,16,20,27.5,108.3,107.0,1.3,25.9,2.45,24.2,1.9,8.7,5.2,9.9,47.9,51.7,22.4,102.52,9.6
Omri Casspi,MEM,31,36,14,22,14.5,104.3,103.2,1.1,7.7,1.13,11.0,3.3,18.4,10.9,9.7,58.1,60.6,17.0,100.95,11.8
Salah Mejri,DAL,33,36,13,23,11.1,104.3,108.7,-4.4,13.7,1.67,19.3,8.1,21.6,14.9,11.6,54.0,55.9,15.3,101.38,10.8
Victor Oladipo,IND,27,36,25,11,31.9,110.1,104.6,5.6,25.0,2.27,20.3,1.8,15.4,8.7,8.9,48.6,51.9,27.8,98.25,13.0
Robert Covington,MIN,28,35,20,15,34.4,108.5,106.2,2.3,5.5,0.98,9.4,2.2,12.7,7.5,9.6,54.8,58.0,15.4,101.08,8.3
Treveon Graham,BKN,25,35,19,16,20.4,109.5,107.1,2.3,6.2,2.00,13.5,2.8,10.7,6.7,6.7,43.5,45.8,12.3,104.57,3.8
Bruno Caboclo,MEM,23,34,14,20,23.5,108.4,107.5,0.9,9.1,1.32,15.0,5.0,13.7,9.3,11.4,53.3,57.1,15.0,99.94,7.8
Courtney Lee,DAL,33,34,6,28,12.6,102.3,108.6,-6.4,13.0,2.64,19.7,1.9,10.5,6.0,7.4,47.3,49.2,15.0,102.56,6.8
Ian Mahinmi,WAS,32,34,12,22,14.6,102.1,105.3,-3.2,7.3,1.19,14.1,8.8,16.1,12.3,11.9,46.6,53.1,12.8,100.63,6.8
Jaylen Adams,ATL,23,34,13,21,12.6,102.5,109.1,-6.5,20.1,2.32,31.6,2.2,10.9,6.3,13.6,45.9,47.4,13.1,106.81,5.5
Jerryd Bayless,MIN,30,34,15,19,19.3,105.0,117.4,-12.4,26.2,3.72,30.4,1.5,8.0,4.5,8.2,42.0,43.1,17.2,99.69,5.9
Jerome Robinson,LAC,22,33,18,15,9.7,107.8,111.2,-3.4,8.0,1.46,13.1,0.9,10.9,6.1,9.0,48.2,49.1,15.9,105.35,4.3
Raymond Felton,OKC,35,33,19,14,11.5,100.9,98.3,2.6,20.9,3.71,25.1,0.9,7.4,4.0,6.8,48.1,50.5,16.5,102.99,8.9
Damion Lee,GSW,26,32,18,14,11.7,102.9,108.2,-5.4,5.1,1.18,8.1,2.0,13.4,7.8,6.8,54.7,57.8,16.4,103.50,8.5
Deonte Burton,OKC,25,32,21,11,7.5,96.9,92.6,4.3,5.7,1.00,8.7,1.4,9.0,5.1,8.7,45.1,47.0,15.9,103.95,4.3
John Wall,WAS,28,32,11,21,34.5,107.0,113.2,-6.2,39.1,2.31,27.1,1.3,8.7,5.0,11.7,49.0,52.7,28.6,104.06,12.3
Robert Williams III,BOS,21,32,18,14,8.8,98.2,104.1,-5.9,4.0,0.70,9.3,8.6,16.4,12.6,13.3,70.6,70.3,10.1,102.84,11.1
Alex Abrines,OKC,25,31,21,10,19.0,101.3,99.8,1.6,4.7,1.43,10.2,0.7,6.7,3.6,7.1,48.7,50.7,12.0,104.40,4.1
Corey Brewer,SAC,33,31,13,18,15.9,106.6,106.6,0.0,10.7,2.05,19.4,4.5,9.8,7.0,9.5,48.8,53.2,13.0,104.04,6.3
DeMarcus Cousins,GSW,28,30,23,7,25.7,111.0,106.5,4.5,20.6,1.49,17.5,5.9,23.2,15.3,11.8,51.5,56.2,28.1,102.56,13.9
Isaiah Canaan,MIL,28,30,10,20,20.9,102.5,114.9,-12.3,19.4,2.40,28.7,1.0,8.6,4.7,11.9,49.4,51.8,14.7,99.68,5.7
Jacob Evans,GSW,22,30,21,9,6.8,100.0,105.9,-5.9,15.0,2.09,26.4,2.9,8.4,5.7,12.6,37.7,37.4,13.4,101.97,2.1
Keita Bates-Diop,MIN,23,30,10,20,16.8,107.1,112.2,-5.1,4.7,1.21,9.1,2.9,12.9,7.7,7.5,46.8,48.9,14.0,100.84,6.5
Pau Gasol,MIL,38,30,17,13,12.0,104.9,111.1,-6.2,20.9,3.25,28.6,5.8,30.4,18.1,8.8,47.9,52.9,15.1,103.18,13.0
Chimezie Metu,SAS,22,29,14,15,5.0,99.4,100.6,-1.3,14.0,0.87,13.8,6.1,17.9,12.1,16.0,32.8,38.9,22.3,104.79,5.2
MarShon Brooks,MEM,30,29,15,14,13.3,101.3,104.1,-2.8,11.2,1.19,10.9,3.0,8.9,5.8,9.1,49.4,51.8,23.3,97.12,8.4
Patrick McCaw,TOR,23,29,17,12,13.7,103.6,109.9,-6.4,9.9,1.71,25.0,1.7,10.5,6.1,14.7,48.4,53.2,9.3,101.97,4.9
Chris Boucher,TOR,26,28,21,7,5.8,105.5,109.7,-4.2,2.0,0.29,2.2,8.6,20.9,14.8,7.6,52.6,56.3,21.4,106.79,11.4
Isaiah Hartenstein,HOU,21,28,15,13,7.9,113.0,103.4,9.6,10.0,1.15,20.0,8.9,11.8,10.3,17.3,51.2,56.2,11.2,102.40,3.1
Michael Carter-Williams,ORL,27,28,17,11,13.3,109.4,109.2,0.2,26.2,3.50,29.4,4.3,14.3,8.8,8.4,41.5,45.8,17.6,105.79,8.5
Donte DiVincenzo,MIL,22,27,20,7,15.2,111.0,98.4,12.6,10.2,1.63,17.3,3.6,9.9,6.9,10.6,49.2,50.7,14.5,106.79,6.2
Jaron Blossomgame,CLE,25,27,4,23,16.3,103.7,109.6,-6.0,4.3,1.18,9.6,5.5,16.2,10.7,8.1,49.1,51.0,12.0,98.26,7.8
Jordan McRae,WAS,28,27,9,18,12.3,106.5,109.7,-3.3,13.1,2.00,15.9,1.7,9.5,5.6,7.9,50.8,55.0,19.1,107.01,8.9
John Jenkins,NYK,28,26,8,18,12.8,100.3,106.7,-6.5,10.5,2.44,15.4,1.8,8.3,5.2,6.3,50.5,53.6,16.0,100.15,7.4
Khyri Thomas,DET,23,26,13,13,7.5,94.6,102.7,-8.0,6.7,2.00,9.4,1.7,8.2,4.6,4.7,39.1,41.3,15.8,100.80,3.1
Lorenzo Brown,TOR,28,26,20,6,8.2,93.5,100.4,-7.0,19.9,1.75,24.1,2.1,11.0,6.6,13.8,36.6,38.0,16.7,104.28,5.4
Michael Beasley,LAL,30,26,11,15,10.7,102.8,108.8,-6.0,14.9,0.93,11.4,4.4,15.3,10.0,12.3,50.0,53.2,28.8,103.53,10.5
Alex Caruso,LAL,25,25,8,17,21.2,105.6,102.4,3.2,20.5,1.83,24.1,3.5,7.9,5.8,13.1,51.4,56.9,18.4,102.62,9.6
Chandler Parsons,MEM,30,25,11,14,19.8,101.6,107.0,-5.4,14.3,1.34,16.0,0.7,12.6,6.6,11.9,45.3,48.4,19.2,99.77,6.9
Ryan Anderson,MIA,31,25,7,18,12.9,95.8,108.6,-12.8,8.8,1.36,17.4,5.5,11.2,8.4,12.8,37.0,41.4,12.0,98.38,3.6
Tyler Lydon,DEN,23,25,20,5,3.7,97.6,105.9,-8.3,8.7,1.50,20.7,6.2,13.3,9.2,13.8,61.1,59.5,9.7,105.20,5.7
Damian Jones,GSW,24,24,15,9,17.1,114.2,111.1,3.0,8.4,1.75,20.9,8.6,9.9,9.4,11.9,71.6,72.0,11.3,100.72,7.2
Johnathan Williams,LAL,24,24,10,14,15.5,110.0,102.4,7.6,5.1,0.81,8.1,11.6,13.0,12.3,10.0,59.1,59.9,15.8,102.34,7.8
Drew Eubanks,SAS,22,23,13,10,4.9,95.4,105.5,-10.0,10.0,0.88,14.9,5.6,21.4,14.3,17.0,57.7,64.6,14.8,101.37,11.1
Edmond Sumner,IND,23,23,14,9,9.1,99.6,107.3,-7.8,6.3,1.00,10.6,3.8,6.5,5.1,10.6,39.8,44.3,15.7,106.25,2.8
Isaac Bonga,LAL,19,22,7,15,5.5,96.6,89.6,7.0,16.3,2.50,24.6,6.4,11.3,8.9,9.8,15.2,24.0,15.1,106.78,3.9
Johnathan Motley,LAC,24,22,12,10,7.1,98.0,106.9,-8.9,12.9,0.69,9.5,10.4,21.3,15.5,13.8,53.4,56.3,26.6,106.91,11.9
Kevin Love,CLE,30,22,7,15,27.2,110.5,114.7,-4.2,12.5,1.14,11.4,5.1,34.4,19.3,10.0,47.9,56.1,25.9,100.23,14.8
Luol Deng,MIN,34,22,11,11,17.8,115.1,105.1,10.0,6.2,1.29,10.9,4.9,12.5,8.8,8.5,55.9,58.8,15.5,100.84,9.3
Malachi Richardson,TOR,23,22,16,6,4.7,91.6,96.2,-4.6,0.0,0.00,0.0,1.6,8.7,5.2,20.5,44.8,48.1,14.2,110.46,0.3
Skal Labissiere,POR,23,22,12,10,8.0,112.6,120.8,-8.3,7.8,1.00,13.9,5.1,18.5,12.0,13.9,59.2,59.3,15.4,110.02,6.4
Alex Poythress,ATL,25,21,7,14,14.5,101.5,111.5,-10.0,8.5,1.31,13.7,8.5,15.1,11.7,10.5,54.9,57.1,14.0,106.19,6.9
Caleb Swanigan,SAC,22,21,10,11,8.5,90.9,107.6,-16.8,9.8,0.61,12.8,8.1,23.6,15.6,20.9,34.9,37.7,17.0,102.86,5.3
Christian Wood,NOP,23,21,13,8,11.9,100.9,110.3,-9.4,5.1,0.47,4.8,6.1,23.1,14.7,10.3,56.0,60.7,24.7,108.35,14.6
Troy Williams,SAC,24,21,7,14,14.9,100.1,109.6,-9.5,5.1,1.22,8.8,3.4,14.4,8.6,7.2,52.0,53.1,14.4,108.78,6.9
Anfernee Simons,POR,20,20,17,3,7.0,104.5,122.1,-17.6,13.5,1.18,13.7,2.2,6.7,4.6,11.6,52.4,53.5,24.0,105.22,6.0
Jason Smith,NOP,33,20,10,10,9.5,96.0,108.1,-12.1,11.2,1.08,14.9,7.7,17.4,12.5,13.8,43.2,49.2,16.9,106.07,6.2
Shake Milton,PHI,22,20,10,10,13.4,110.9,112.1,-1.1,8.6,3.00,15.8,3.1,9.6,6.2,5.3,47.1,48.3,14.7,102.63,4.9
Ben McLemore,SAC,26,19,7,12,8.3,105.5,109.0,-3.5,3.5,0.80,5.1,1.8,8.9,5.3,6.4,52.3,54.1,18.5,110.54,5.0
Cameron Reynolds,MIN,24,19,6,13,13.7,107.5,112.4,-4.9,7.3,2.60,13.0,1.4,10.2,5.7,5.0,55.8,58.0,14.1,101.29,6.3
Daniel Hamilton,ATL,23,19,7,12,10.7,101.8,106.7,-4.9,15.7,1.38,21.8,4.3,16.1,10.2,15.8,45.0,45.5,15.3,104.62,7.0
Deng Adel,CLE,22,19,4,15,10.2,100.0,109.5,-9.5,3.8,0.83,10.2,1.4,8.9,4.8,12.2,38.9,42.4,9.7,96.66,1.8
Henry Ellenson,NYK,22,19,4,15,13.6,104.0,104.7,-0.7,9.6,1.78,12.4,1.8,21.4,11.7,7.0,50.0,53.8,18.6,101.52,10.2
Kadeem Allen,NYK,26,19,3,16,21.9,107.1,111.3,-4.1,27.7,2.92,28.6,1.9,10.0,6.0,9.8,52.1,57.4,19.5,100.44,10.1
Markelle Fultz,ORL,21,19,12,7,22.5,102.9,103.3,-0.4,21.2,2.36,23.0,5.6,8.8,7.3,9.8,43.2,45.2,18.9,104.69,6.9
Dillon Brooks,MEM,23,18,9,9,18.3,104.9,106.5,-1.6,7.9,0.84,9.4,2.8,7.6,5.1,11.2,46.3,49.9,20.7,97.70,3.4
Julian Washburn,MEM,27,18,7,11,14.1,102.9,105.0,-2.0,8.3,2.00,19.7,2.7,12.8,7.5,9.9,38.5,40.2,9.6,98.03,5.3
Miles Plumlee,ATL,30,18,1,17,9.6,101.3,111.5,-10.2,15.5,1.70,19.1,8.5,14.1,11.1,11.2,66.7,65.4,16.6,107.84,12.2
Theo Pinson,BKN,23,18,7,11,11.7,93.6,94.3,-0.6,16.7,1.17,17.1,1.5,12.6,7.0,14.6,42.5,49.0,19.1,103.32,8.3
Andrew Harrison,NOP,24,17,6,11,10.9,103.2,108.7,-5.5,19.4,2.00,24.7,3.2,7.4,5.3,12.4,34.9,44.3,17.1,97.79,2.5
Jarred Vanderbilt,DEN,20,17,10,7,4.1,96.9,92.5,4.5,6.4,0.38,8.6,8.4,20.5,14.3,22.9,47.4,51.3,17.9,111.35,8.5
Lonnie Walker IV,SAS,20,17,12,5,6.9,87.4,111.7,-24.3,14.3,2.25,14.1,0.0,12.2,6.5,6.3,40.2,44.6,19.6,102.28,8.3
Brandon Goodwin,DEN,23,16,10,6,3.6,107.2,99.2,8.0,29.8,4.67,31.1,1.6,3.8,2.6,6.7,30.4,41.3,22.0,104.32,4.6
Jalen Jones,CLE,26,16,3,13,13.4,105.7,112.5,-6.7,5.0,0.88,7.8,5.0,11.3,8.0,8.9,50.0,54.8,16.2,101.21,5.4
Wade Baldwin IV,POR,23,16,10,6,5.9,81.7,118.5,-36.8,24.0,0.86,18.8,1.8,12.3,6.8,21.9,33.3,39.6,22.7,101.74,2.1
C.J. Williams,MIN,29,15,4,11,8.5,95.5,113.0,-17.5,15.8,2.40,23.1,0.7,5.3,2.9,9.6,55.7,55.0,13.8,100.37,4.9
Duncan Robinson,MIA,25,15,7,8,10.7,98.0,108.8,-10.9,4.5,1.25,8.8,1.1,9.1,5.2,7.0,50.0,51.4,13.4,101.70,5.5
Gary Trent Jr.,POR,20,15,14,1,7.4,110.3,115.1,-4.7,5.7,1.25,8.1,1.0,8.0,4.8,6.5,37.0,37.7,21.3,104.42,2.3
James Nunnally,HOU,28,15,8,7,6.8,111.0,122.0,-11.0,9.7,7.00,16.3,0.0,5.3,2.5,2.3,47.1,50.3,15.3,103.10,3.5
Milos Teodosic,LAC,32,15,8,7,10.0,116.6,111.2,5.4,26.0,1.52,33.3,2.1,8.4,5.3,21.9,55.0,55.7,17.1,106.72,3.6
Ron Baker,WAS,26,15,4,11,10.1,89.7,94.9,-5.2,13.9,3.00,34.9,0.6,6.9,3.5,11.6,22.5,30.9,7.5,105.01,1.3
Yuta Watanabe,MEM,24,15,5,10,11.6,108.5,103.0,5.5,6.3,1.33,11.4,2.2,15.2,8.6,8.6,31.4,35.2,14.8,100.76,3.6
Alize Johnson,IND,23,14,9,5,4.6,110.7,112.2,-1.6,1.8,0.00,4.8,5.1,19.2,12.2,0.0,28.1,33.3,11.6,110.63,3.6
Brandon Sampson,CHI,22,14,3,11,15.3,107.9,113.9,-6.0,6.3,0.83,11.8,1.4,6.3,3.8,14.1,55.8,56.7,15.4,99.56,4.3
Jared Terrell,MIN,24,14,4,10,7.9,94.1,106.4,-12.3,18.2,1.20,18.8,0.8,4.4,2.5,15.6,35.9,37.2,19.7,101.69,-0.9
John Henson,CLE,28,14,10,4,13.5,105.6,103.9,1.7,10.8,1.17,14.3,7.4,23.3,15.7,12.2,54.5,55.3,17.3,110.06,12.7
Naz Mitrou-Long,UTA,25,14,9,5,6.0,103.3,124.5,-21.2,25.0,1.88,34.1,1.1,5.7,3.4,18.2,35.0,38.3,13.9,105.25,1.6
Ray Spalding,PHX,22,14,3,11,10.5,99.1,105.9,-6.8,5.2,0.56,7.6,9.1,19.0,14.2,13.6,53.2,51.6,16.4,105.51,9.2
Amile Jefferson,ORL,26,12,9,3,5.7,124.3,115.5,8.8,5.2,3.00,12.5,8.2,25.0,15.8,4.2,62.5,69.2,12.5,104.09,11.1
Dairis Bertans,NOP,29,12,3,9,13.9,98.1,113.1,-15.0,7.8,5.00,16.9,1.1,3.6,2.4,3.4,36.2,36.2,12.0,105.89,1.3
Isaiah Thomas,DEN,30,12,6,6,15.1,99.0,104.5,-5.5,19.8,1.28,15.1,2.3,4.0,3.1,11.8,40.4,43.7,27.4,107.00,3.9
Jordan Loyd,TOR,25,12,11,1,4.6,94.5,110.2,-15.7,18.2,3.00,20.0,1.7,13.3,7.5,6.7,55.6,63.5,15.9,111.17,12.1
Andrew Bogut,GSW,34,11,8,3,12.2,114.3,110.5,3.9,10.4,1.38,19.6,10.0,29.7,20.8,14.3,50.0,52.3,14.8,102.35,9.2
JR Smith,CLE,33,11,1,10,20.2,101.5,104.9,-3.4,13.3,1.91,18.3,0.0,8.0,3.9,9.6,41.8,44.4,17.6,101.90,5.1
Marcus Derrickson,GSW,23,11,9,2,6.1,97.1,104.3,-7.2,2.6,0.33,2.6,10.4,6.3,8.3,7.7,63.6,65.3,23.5,99.11,10.9
Thomas Welsh,DEN,23,11,8,3,3.3,100.0,97.7,2.3,20.0,5.00,25.0,0.0,11.4,4.7,5.0,65.4,64.8,15.3,115.02,10.6
Tyler Cavanaugh,UTA,25,11,7,4,3.6,83.5,124.2,-40.7,4.3,1.00,7.7,6.5,12.8,9.4,7.7,35.0,41.4,11.8,110.59,3.4
Carmelo Anthony,HOU,35,10,4,6,29.4,102.3,112.2,-9.9,2.8,0.63,3.5,2.7,15.8,8.8,5.6,49.2,51.3,19.9,99.87,7.4
Davon Reed,IND,24,10,4,6,4.7,115.0,96.3,18.7,6.8,3.00,18.8,3.3,7.3,5.2,6.3,50.0,50.0,10.4,109.98,4.8
Malcolm Miller,TOR,26,10,9,1,6.7,105.5,110.2,-4.7,2.4,1.00,3.3,1.5,4.8,3.4,3.3,61.5,63.0,18.0,104.80,6.9
Melvin Frazier Jr.,ORL,22,10,8,2,4.4,96.0,109.5,-13.5,3.2,1.00,4.0,5.3,4.5,5.0,4.0,33.3,33.0,20.5,104.79,-2.0
Quincy Acy,PHX,28,10,2,8,12.3,99.3,96.4,2.8,8.8,2.00,22.9,2.2,15.3,8.9,11.4,27.8,37.9,8.8,108.55,1.7
Rawle Alkins,CHI,21,10,3,7,12.0,106.3,111.8,-5.5,13.7,1.63,20.0,7.7,12.0,9.7,12.3,37.2,41.8,17.3,101.90,5.1
Udonis Haslem,MIA,39,10,8,2,7.5,82.4,103.6,-21.3,4.8,0.67,5.0,3.1,24.0,13.6,7.5,33.3,36.0,19.6,108.24,6.7
Deyonta Davis,ATL,22,9,3,6,13.2,97.8,107.6,-9.8,6.3,1.67,14.3,6.3,19.3,12.2,8.6,68.2,68.2,9.9,107.81,10.8
Dwight Howard,WAS,33,9,4,5,25.5,104.5,113.6,-9.1,2.6,0.25,3.6,10.0,25.8,17.7,14.5,62.3,63.8,19.3,102.57,11.1
Dzanan Musa,BKN,20,9,4,5,4.4,100.0,89.4,10.6,8.3,0.50,6.9,1.9,10.5,5.4,13.8,43.2,41.5,25.0,104.46,5.3
Bonzie Colson,MIL,23,8,6,2,12.3,108.4,117.5,-9.2,4.0,1.00,6.1,6.5,18.2,12.2,6.1,39.7,45.4,17.4,110.89,8.1
Daryl Macon,DAL,23,8,4,4,11.2,102.7,104.7,-2.1,12.3,1.17,16.3,1.9,9.9,5.7,14.0,46.3,48.2,16.7,100.97,4.1
Jawun Evans,OKC,22,8,4,4,8.0,77.9,115.9,-38.0,23.8,1.67,33.3,1.5,17.2,9.3,20.0,21.4,21.4,14.2,98.09,2.5
Jodie Meeks,TOR,31,8,7,1,13.0,118.8,113.0,5.8,9.6,4.00,16.3,1.0,9.3,5.6,4.1,64.1,64.7,16.9,102.88,9.0
BJ Johnson,SAC,23,7,2,5,7.1,102.8,115.3,-12.6,0.0,0.00,0.0,3.8,15.0,8.6,9.5,58.3,60.9,17.8,106.99,7.4
Chris Chiozza,HOU,23,7,6,1,4.6,83.8,108.8,-25.0,19.0,4.00,30.8,2.1,11.1,5.3,7.7,37.5,37.5,10.8,104.75,5.1
DeVaughn Akoon-Purcell,DEN,26,7,7,0,3.1,106.3,102.0,4.2,37.5,3.00,31.6,4.3,15.0,9.3,10.5,30.0,32.2,22.8,107.55,5.3
Devin Robinson,WAS,24,7,1,6,13.5,111.1,112.8,-1.7,9.5,3.00,13.0,5.8,14.3,9.9,4.3,59.4,61.6,17.6,101.82,11.2
Demetrius Jackson,PHI,24,6,5,1,6.6,103.3,118.2,-14.8,18.5,5.00,21.7,4.5,2.4,3.5,4.3,60.0,65.6,18.2,108.28,10.9
Jemerrio Jones,LAL,24,6,3,3,23.9,108.7,98.0,10.7,11.5,2.60,25.0,10.0,19.8,15.0,9.6,39.4,39.8,10.8,100.62,9.8
Jimmer Fredette,PHX,30,6,1,5,10.8,92.1,117.6,-25.5,20.0,1.60,17.8,1.3,8.8,4.8,11.1,27.6,34.8,24.2,104.50,3.3
PJ Dozier,BOS,22,6,5,1,8.5,112.6,90.1,22.5,12.5,0.00,18.5,10.2,17.2,13.8,0.0,42.9,43.4,17.3,104.79,12.1
Tyler Zeller,MEM,29,6,3,3,15.5,112.9,106.2,6.7,6.9,1.00,8.5,10.5,12.3,11.4,8.5,53.3,60.7,19.1,100.55,8.1
Walter Lemon Jr.,CHI,26,6,1,5,27.9,103.4,111.2,-7.8,28.3,3.00,22.9,2.1,13.6,7.6,7.6,44.8,46.8,25.3,100.22,10.9
Zhaire Smith,PHI,20,6,2,4,18.4,118.1,110.8,7.3,10.1,1.67,18.5,2.8,8.7,5.8,11.1,50.0,53.3,16.6,103.49,5.4
Alan Williams,BKN,26,5,1,4,5.1,115.3,88.1,27.1,17.6,3.00,15.8,11.4,40.5,26.4,5.3,61.5,61.0,22.2,110.91,27.4
Eric Moreland,TOR,27,5,3,2,8.6,83.7,105.6,-21.9,15.4,0.80,25.0,10.8,34.8,24.1,31.3,50.0,50.0,11.7,100.54,9.5
Haywood Highsmith,PHI,22,5,2,3,8.0,103.4,131.0,-27.6,6.7,2.00,14.3,0.0,14.3,6.0,7.1,45.0,41.4,11.5,105.57,3.8
Isaac Humphries,ATL,21,5,1,4,11.3,97.7,114.7,-17.1,0.0,0.00,0.0,5.5,12.3,8.5,0.0,35.7,35.7,14.2,109.72,1.2
Mitchell Creek,MIN,27,5,1,4,9.4,105.0,96.1,8.9,18.8,6.00,23.1,10.9,10.5,10.7,3.8,50.0,55.0,16.9,102.82,14.0
Andre Ingram,LAL,33,4,1,3,3.7,97.1,87.5,9.6,0.0,0.00,0.0,5.9,5.3,5.6,14.3,0.0,0.0,18.4,108.30,-9.3
Billy Garrett,NYK,24,4,1,3,15.9,97.8,106.4,-8.6,18.9,3.50,18.4,0.0,4.1,2.2,5.3,40.7,45.2,21.5,104.42,6.3
JaKarr Sampson,CHI,26,4,1,3,31.8,107.3,109.6,-2.3,5.2,1.00,5.6,3.7,19.6,11.7,5.6,58.3,63.3,23.4,98.25,16.2
Jaylen Morris,MIL,23,4,4,0,7.1,109.2,86.8,22.5,17.4,4.00,25.0,0.0,14.7,6.8,6.3,45.0,46.0,15.0,111.95,10.9
Luc Mbah a Moute,LAC,32,4,2,2,15.3,107.1,99.3,7.8,4.5,1.00,8.3,3.4,6.5,5.1,8.3,50.0,49.5,14.1,110.95,2.8
Nick Young,DEN,34,4,3,1,9.3,98.7,103.8,-5.1,7.7,1.00,15.4,0.0,2.6,1.2,15.4,50.0,50.0,12.6,101.47,0.3
Scott Machado,LAL,29,4,3,1,4.8,110.3,110.3,0.0,21.4,0.00,33.3,0.0,0.0,0.0,0.0,75.0,77.6,13.0,97.67,13.5
Troy Caupain,ORL,23,4,3,1,3.9,125.0,100.0,25.0,40.0,0.00,33.3,7.1,15.4,11.1,0.0,62.5,62.5,21.6,98.25,21.8
Donatas Motiejunas,SAS,28,3,3,0,4.3,67.9,129.6,-61.8,20.0,0.33,9.1,15.4,7.7,11.5,27.3,50.0,43.6,32.3,103.26,-12.0
Donte Grantham,OKC,24,3,2,1,0.8,66.7,120.0,-53.3,0.0,0.00,0.0,0.0,0.0,0.0,0.0,0.0,0.0,33.3,108.57,-18.2
Emanuel Terry,MIA,22,3,0,3,7.6,117.6,112.0,5.6,12.5,1.00,15.4,14.3,23.5,18.4,15.4,57.1,57.1,18.3,106.64,11.6
Gary Payton II,WAS,26,3,2,1,5.3,117.9,92.1,25.8,33.3,4.00,30.8,6.7,5.0,5.7,7.7,68.8,68.8,21.4,116.10,21.2
Ike Anigbogu,IND,20,3,2,1,2.1,78.6,92.9,-14.3,20.0,1.00,20.0,14.3,25.0,20.0,20.0,0.0,0.0,26.7,109.27,0.0
Isaiah Hicks,NYK,24,3,1,2,10.8,100.0,104.5,-4.5,11.8,2.00,15.4,5.9,14.7,10.3,7.7,50.0,58.8,15.3,98.72,10.4
Justin Patton,PHI,22,3,2,1,6.9,89.4,102.3,-12.9,25.0,0.00,27.3,6.5,17.4,11.1,0.0,28.6,31.7,14.0,106.02,5.1
Okaro White,WAS,26,3,2,1,2.1,66.7,92.9,-26.2,0.0,0.00,0.0,9.1,14.3,11.1,0.0,0.0,0.0,10.5,110.89,-2.8
Tony Bradley,UTA,21,3,2,1,12.0,107.3,126.2,-18.9,4.2,0.33,4.8,19.6,18.8,19.2,14.3,50.0,50.4,20.0,110.97,8.5
Trevon Duval,HOU,20,3,2,1,1.9,107.7,100.0,7.7,66.7,0.00,40.0,0.0,20.0,12.5,0.0,83.3,83.3,23.1,107.08,22.2
Angel Delgado,LAC,24,2,0,2,7.4,75.8,68.8,7.0,0.0,0.00,0.0,8.3,14.3,10.5,0.0,20.0,25.5,15.0,105.64,0.0
Dusty Hannahs,MEM,25,2,0,2,13.0,91.2,108.8,-17.5,35.7,5.00,26.3,0.0,3.6,1.6,5.3,25.0,31.1,22.2,105.57,4.1
J.P. Macura,CHA,24,2,1,1,8.4,89.5,91.7,-2.2,20.0,0.00,18.2,0.0,14.3,7.3,0.0,33.3,33.3,20.9,105.50,8.3
Kostas Antetokounmpo,DAL,21,2,1,1,5.3,104.5,87.0,17.6,0.0,0.00,0.0,0.0,11.1,5.6,16.7,0.0,21.0,24.0,102.21,-3.3
Terrence Jones,HOU,27,2,2,0,2.6,42.9,138.5,-95.6,0.0,0.00,0.0,0.0,57.1,25.0,20.0,25.0,22.5,33.3,127.06,0.0
Vincent Edwards,HOU,23,2,1,1,7.9,109.1,115.2,-6.1,0.0,0.00,0.0,5.9,5.9,5.9,0.0,37.5,37.5,11.1,100.78,2.3
Yante Maten,MIA,22,2,1,1,6.5,100.0,85.2,14.8,0.0,0.00,0.0,7.1,9.5,8.6,0.0,25.0,25.0,13.3,99.44,6.3
DJ Stephens,MEM,28,1,0,1,6.7,70.6,93.8,-23.2,0.0,0.00,0.0,0.0,0.0,0.0,33.3,50.0,50.0,13.0,117.62,5.1
George King,PHX,25,1,0,1,5.9,100.0,175.0,-75.0,0.0,0.00,0.0,0.0,25.0,9.1,0.0,0.0,0.0,0.0,97.63,3.2
Joe Chealey,CHA,23,1,0,1,7.8,87.5,113.3,-25.8,25.0,0.00,25.0,0.0,0.0,0.0,0.0,33.3,33.3,17.6,96.00,0.0
John Holland,CLE,30,1,0,1,0.7,50.0,0.0,50.0,0.0,0.00,0.0,0.0,0.0,0.0,0.0,0.0,0.0,0.0,97.74,0.0
Jordan Sibert,ATL,26,1,1,0,4.2,133.3,170.0,-36.7,0.0,0.00,0.0,0.0,0.0,0.0,0.0,150.0,150.0,8.3,107.72,9.0
Kalin Lucas,DET,30,1,0,1,5.6,50.0,75.0,-25.0,50.0,0.00,33.3,0.0,50.0,23.1,0.0,0.0,53.2,15.4,103.16,47.1
Kobi Simmons,CLE,21,1,0,1,1.8,100.0,33.3,66.7,0.0,0.00,0.0,0.0,0.0,0.0,0.0,0.0,0.0,0.0,93.33,0.0
RJ Hunter,BOS,25,1,1,0,25.7,132.1,79.2,52.8,15.0,0.00,17.6,3.7,5.0,4.5,0.0,61.5,61.2,22.6,99.05,13.3
Tahjere McCall,BKN,24,1,0,1,8.0,142.9,78.9,63.9,0.0,0.00,0.0,0.0,20.0,8.3,0.0,66.7,58.1,13.6,120.50,3.3
Tyler Davis,OKC,22,1,1,0,0.9,0.0,0.0,0.0,0.0,0.00,0.0,50.0,0.0,33.3,0.0,0.0,0.0,33.3,78.98,100
Tyler Ulis,CHI,23,1,0,1,0.8,0.0,0.0,0.0,0.0,0.00,0.0,0.0,0.0,0.0,0.0,0.0,0.0,0.0,86.92,0.0
Zach Lofton,DET,26,1,1,0,3.8,100.0,100.0,0.0,0.0,0.00,0.0,0.0,0.0,0.0,50.0,0.0,0.0,25.0,102.40,-5.6
Zhou Qi,HOU,23,1,0,1,1.0,66.7,133.3,-66.7,0.0,0.00,0.0,0.0,0.0,0.0,0.0,100,100,33.3,150.79,33.3
