Player,Team,Guaranteed,Salary 2018-19,Salary 2019-20,Salary 2020-21,Salary 2021-22,Salary 2022-23,Salary 2023-24
A.J. Hammons,MIA,1050262,350088,350087,350087,0,0,0
Aaron Gordon,ORL,76000000,21590909,19863636,18136364,16409091,0,0
Aaron Holiday,IND,4151160,1911960,2239200,2345640,3980551,0,0
Abdel Nader,OKC,2996762,1378242,1618520,1752950,0,0,0
Al Horford,BOS,28928710,28928710,0,0,0,0,0
Al Jefferson,IND,4000000,4000000,0,0,0,0,0
Al-Farouq Aminu,POR,6957105,6957105,0,0,0,0,0
Alec Burks,SAC,11536515,11536515,0,0,0,0,0
Alex Len,ATL,8510000,4350000,4160000,0,0,0,0
Alexis Ajinça,LAC,5285394,5285394,0,0,0,0,0
Alfonzo McKinnie,GSW,1349383,1349383,1588231,0,0,0,0
Alize Johnson,IND,2255316,838464,1416852,0,0,0,0
Allen Crabbe,BRK,18500000,18500000,18500000,0,0,0,0
Allonzo Trier,NYK,6933100,3382000,3551100,0,0,0,0
Amir Johnson,PHI,2393887,2393887,0,0,0,0,0
Anderson Varejão,POR,5740035,1913345,1913345,1913345,0,0,0
Andre Drummond,DET,52527282,25434263,27093019,28751775,0,0,0
Andre Iguodala,GSW,16000000,16000000,17185185,0,0,0,0
Andre Ingram,LAL,76236,76236,0,0,0,0,0
Andre Roberson,OKC,20740741,10000000,10740741,0,0,0,0
Andrew Bogut,GSW,2393887,2393887,0,0,0,0,0
Andrew Harrison,MEM,200000,200000,0,0,0,0,0
Andrew Nicholson,POR,17066574,2844429,2844429,2844429,2844429,2844429,2844429
Andrew Wiggins,MIN,146667250,25467250,27270000,29290000,31310000,33330000,0
Anfernee Simons,POR,3985080,1835520,2149560,2252040,3938818,0,0
Ante Žižić,CLE,4234560,1952760,2281800,3872215,0,0,0
Anthony Davis,NOP,25434263,25434263,27093019,28751775,0,0,0
Anthony Tolliver,MIN,5750000,5750000,0,0,0,0,0
Antonio Blakeney,CHI,2937614,1349383,1588231,0,0,0,0
Aron Baynes,BOS,5193600,5193600,5453280,0,0,0,0
Austin Rivers,HOU,3329641,1155323,0,0,0,0,0
Austin Rivers,PHO,12000000,12000000,0,0,0,0,0
Avery Bradley,MEM,14000000,12000000,2000000,0,0,0,0
B.J. Johnson,ATL,94742,94742,0,0,0,0,0
B.J. Johnson,SAC,47371,47371,0,0,0,0,0
Bam Adebayo,MIA,6409920,2955840,3454080,5115492,0,0,0
Ben McLemore,SAC,5460000,5460000,0,0,0,0,0
Ben Moore,IND,160096,160096,0,0,0,0,0
Ben Simmons,PHI,184198450,6434520,8113930,29250000,31590000,33930000,36270000
Billy Garrett,NYK,42634,42634,0,0,0,0,0
Bismack Biyombo,CHO,34000000,17000000,17000000,0,0,0,0
Blake Griffin,DET,102919892,32088932,34234964,36595996,38957028,0,0
Boban Marjanović,PHI,7000000,7000000,0,0,0,0,0
Bobby Portis,WAS,2494346,2494346,0,0,0,0,0
Bogdan Bogdanović,SAC,17529386,9000000,8529386,0,0,0,0
Bojan Bogdanović,IND,10500000,10500000,0,0,0,0,0
Brad Wanamaker,BOS,2284161,838464,0,0,0,0,0
Bradley Beal,WAS,81279057,25434263,27093019,28751775,0,0,0
Brandon Ingram,LAL,5757120,5757120,7265485,0,0,0,0
Brandon Knight,CLE,30275000,14631250,15643750,0,0,0,0
Brook Lopez,MIL,55382000,3382000,0,0,0,0,0
Bruce Brown,DET,2255316,838464,1416852,1663861,0,0,0
Bruno Caboclo,MEM,670211,670211,1845301,0,0,0,0
Bryn Forbes,SAS,6000000,3125000,2875000,0,0,0,0
Buddy Hield,SAC,8694968,3833760,4861208,0,0,0,0
C.J. Miles,MEM,8333333,8333333,8730158,0,0,0,0
C.J. Watson,ORL,666666,333333,333333,0,0,0,0
CJ McCollum,POR,82670877,25759766,27556959,29354152,0,0,0
Caleb Swanigan,SAC,3773160,1740000,2033160,3665787,0,0,0
Cameron Payne,CHI,3263295,3263295,0,0,0,0,0
Cameron Payne,CLE,177063,177063,0,0,0,0,0
Cameron Reynolds,MIN,203695,203695,0,0,0,0,0
Caris LeVert,BRK,4328518,1702800,2625718,0,0,0,0
Carlos Delfino,LAC,650000,650000,0,0,0,0,0
Carmelo Anthony,ATL,25534253,25534253,0,0,0,0,0
Carmelo Anthony,CHI,2393887,2393887,0,0,0,0,0
Caron Butler,SAC,517219,517219,0,0,0,0,0
Cedi Osman,CLE,5682143,2775000,2907143,0,0,0,0
Chandler Hutchison,CHI,4323840,1991520,2332320,2443440,4019459,0,0
Chandler Parsons,MEM,24107258,24107258,25102511,0,0,0,0
Channing Frye,CLE,2393887,2393887,0,0,0,0,0
Charles Cooke,MIA,76236,76236,0,0,0,0,0
Chasson Randle,WAS,869094,869094,0,0,0,0,0
Cheick Diallo,NOP,1544951,1544951,0,0,0,0,0
Chimezie Metu,SAS,2255316,838464,1416852,1663861,0,0,0
Chinanu Onuaku,DAL,1544951,1544951,0,0,0,0,0
Chris Bosh,MIA,26837720,26837720,0,0,0,0,0
Chris Boucher,TOR,582418,457418,1588231,0,0,0,0
Chris Chiozza,HOU,137376,137376,1416852,1663861,0,0,0
Chris Paul,HOU,35654150,35654150,38506482,41358814,44211146,0,0
Christian Wood,NOP,1512601,1512601,1645357,0,0,0,0
Clint Capela,HOU,87380061,15293104,16456522,17500000,18543478,19586957,0
Cody Demps,SAC,47371,47371,0,0,0,0,0
Cody Zeller,CHO,43415730,13528090,14471910,15415730,0,0,0
Cole Aldrich,MIN,2056021,685341,685340,685340,0,0,0
Collin Sexton,CLE,8833560,4068600,4764960,4991880,6349671,0,0
Corey Brewer,PHI,270496,270496,0,0,0,0,0
Corey Brewer,SAC,2270496,2270496,0,0,0,0,0
Cory Joseph,IND,7945000,7945000,0,0,0,0,0
Courtney Lee,DAL,25013450,12253780,12759670,0,0,0,0
Cristiano Felício,CHI,24156500,8470980,8156500,7529020,0,0,0
D'Angelo Russell,BRK,7019698,7019698,0,0,0,0,0
D.J. Augustin,ORL,14500000,7250000,7250000,0,0,0,0
D.J. Wilson,MIL,5495400,2534280,2961120,4548280,0,0,0
Dairis Bertāns,NOP,194220,194220,0,0,0,0,0
Dakari Johnson,MEM,1378242,459414,459414,459414,0,0,0
Damian Jones,GSW,1544951,1544951,2305057,0,0,0,0
Damian Lillard,POR,285406963,27977689,29802321,31626953,43750000,47250000,50750000
Damyean Dotson,NYK,2996762,1378242,1618520,0,0,0,0
Daniel Hamilton,ATL,1349383,1349383,0,0,0,0,0
Daniel Theis,BOS,6378242,1378242,0,0,0,0,0
Danilo Gallinari,LAC,21587579,21587579,22615559,0,0,0,0
Danny Green,TOR,10000000,10000000,0,0,0,0,0
Dante Cunningham,SAS,2500000,2500000,0,0,0,0,0
Dante Exum,UTA,27300000,9600000,9600000,9600000,0,0,0
Danuel House,HOU,11094003,94003,0,0,0,0,0
Dario Šarić,MIN,2526840,2526840,3481986,0,0,0,0
Darius Miller,NOP,9055000,2205000,0,0,0,0,0
Darrell Arthur,PHO,7464912,7464912,0,0,0,0,0
Darren Collison,IND,10000000,10000000,0,0,0,0,0
David Nwaba,CLE,1512601,1512601,0,0,0,0,0
Davon Reed,PHO,1378242,1378242,0,0,0,0,0
De'Aaron Fox,SAC,11863680,5470920,6392760,8099627,0,0,0
De'Anthony Melton,PHO,949000,949000,1416852,0,0,0,0
DeAndre Jordan,NYK,22900000,22900000,0,0,0,0,0
DeAndre' Bembry,ATL,4238622,1634640,2603982,0,0,0,0
DeMar DeRozan,SAS,55479950,27739975,27739975,27739975,0,0,0
DeMarcus Cousins,GSW,5337000,5337000,0,0,0,0,0
DeMarre Carroll,BRK,15400000,15400000,0,0,0,0,0
Deandre Ayton,PHO,17728080,8165160,9562920,10018200,12632950,0,0
Dejounte Murray,SAS,3866686,1544951,2321735,0,0,0,0
Delon Wright,MEM,2536898,2536898,0,0,0,0,0
Demetrius Jackson,BOS,557142,92857,92857,92857,92857,92857,92857
Dennis Schröder,OKC,46500000,15500000,15500000,15500000,0,0,0
Dennis Smith,NYK,8283600,3819960,4463640,5686677,0,0,0
Denzel Valentine,CHI,5658169,2280600,3377569,0,0,0,0
Deonte Burton,OKC,151587,151587,1416852,0,0,0,0
Deron Williams,BRK,10949574,5474787,5474787,0,0,0,0
Derrick Favors,UTA,16000000,16900000,16900000,0,0,0,0
Derrick Jones,MIA,1512601,1512601,1645357,0,0,0,0
Derrick Rose,MIN,2176260,2176260,0,0,0,0,0
Derrick White,SAS,3615240,1667160,1948080,3516284,0,0,0
Devin Booker,PHO,161364365,3314365,27250000,29430000,31610000,33790000,35970000
Devin Harris,DAL,2393887,2393887,0,0,0,0,0
Devonte' Graham,CHO,2405316,988464,1416852,1663861,0,0,0
Dewayne Dedmon,ATL,7200000,7200000,0,0,0,0,0
Deyonta Davis,ATL,196553,196553,1645357,0,0,0,0
Deyonta Davis,SAC,1544951,1544951,0,0,0,0,0
Dillon Brooks,MEM,1378242,1378242,1618520,0,0,0,0
Ding Yanyuhang,DAL,4737,4737,0,0,0,0,0
Dion Waiters,MIA,36300000,11550000,12100000,12650000,0,0,0
Dirk Nowitzki,DAL,5000000,5000000,0,0,0,0,0
Domantas Sabonis,IND,6189355,2659800,3529555,0,0,0,0
Donatas Motiejūnas,SAS,59820,59820,0,0,0,0,0
Donovan Mitchell,UTA,6747240,3111480,3635760,5195501,0,0,0
Donte DiVincenzo,MIL,5386800,2481000,2905800,3044160,4675830,0,0
Dorian Finney-Smith,DAL,13544951,1544951,0,0,0,0,0
Doug McDermott,IND,22000001,7333334,7333334,7333333,0,0,0
Dragan Bender,PHO,4661280,4661280,0,0,0,0,0
Draymond Green,GSW,36008695,17469565,18539130,0,0,0,0
Duncan Robinson,MIA,1009474,9474,1416852,1663861,0,0,0
Dusty Hannahs,MEM,47371,47371,0,0,0,0,0
Dwayne Bacon,CHO,1378242,1378242,1618520,0,0,0,0
Dwight Howard,BRK,18919725,18919725,0,0,0,0,0
Dwight Howard,WAS,5337000,5337000,5603850,0,0,0,0
Dwight Powell,DAL,52890625,9631250,10259375,10185185,11000000,11814815,0
Dwyane Wade,MIA,2393887,2393887,0,0,0,0,0
Dāvis Bertāns,SAS,7000000,7000000,7000000,0,0,0,0
Džanan Musa,BRK,3543840,1632240,1911600,2002800,3615054,0,0
E'Twaun Moore,NOP,17473613,8808685,8664928,0,0,0,0
Ed Davis,BRK,4449000,4449000,0,0,0,0,0
Edmond Sumner,IND,449794,449794,0,0,0,0,0
Ekpe Udoh,UTA,3360000,3360000,0,0,0,0,0
Elfrid Payton,NOP,3000000,3000000,0,0,0,0,0
Emanuel Terry,DEN,35000,35000,0,0,0,0,0
Emanuel Terry,MIA,47371,47371,0,0,0,0,0
Emanuel Terry,PHO,47371,47371,0,0,0,0,0
Emmanuel Mudiay,NYK,4294480,4294480,0,0,0,0,0
Enes Kanter,NYK,18622514,18622514,0,0,0,0,0
Enes Kanter,POR,653556,653556,0,0,0,0,0
Eric Bledsoe,MIL,85000000,15000000,15625000,16875000,18125000,19375000,0
Eric Gordon,HOU,27558105,13500375,14057730,0,0,0,0
Eric Moreland,PHO,239035,239035,0,0,0,0,0
Eric Moreland,TOR,106237,106237,0,0,0,0,0
Ersan İlyasova,MIL,14000000,7000000,7000000,7000000,0,0,0
Evan Fournier,ORL,34000000,17000000,17000000,17000000,0,0,0
Evan Turner,POR,17868852,17868852,18606557,0,0,0,0
Festus Ezeli,POR,666666,333333,333333,0,0,0,0
Frank Jackson,NOP,2996762,1378242,1618520,0,0,0,0
Frank Kaminsky,CHO,3627842,3627842,0,0,0,0,0
Frank Mason,SAC,1378242,1378242,0,0,0,0,0
Frank Ntilikina,NYK,9011520,4155720,4855800,6176578,0,0,0
Fred VanVleet,TOR,17653847,8653847,9000000,0,0,0,0
Furkan Korkmaz,PHI,1740000,1740000,0,0,0,0,0
Garlon Green,NOP,50000,50000,0,0,0,0,0
Garrett Temple,LAC,8000000,8000000,0,0,0,0,0
Gary Clark,HOU,2013724,596872,1416852,1663861,0,0,0
Gary Harris,DEN,74000000,16517857,17839286,19160714,20482143,0,0
Gary Payton,WAS,85458,85458,0,0,0,0,0
Gary Trent,POR,3919177,838464,1416852,1663861,0,0,0
George Hill,MIL,40000000,19000000,1000000,0,0,0,0
Georges Niang,UTA,1512601,1512601,1645357,1783557,0,0,0
Georgios Papagiannis,SAC,2000400,2000400,0,0,0,0,0
Gerald Green,HOU,4958640,2393887,0,0,0,0,0
Giannis Antetokounmpo,MIL,77528091,24157304,25842697,27528090,0,0,0
Glenn Robinson,DET,4075000,4075000,0,0,0,0,0
Goran Dragić,MIA,37327075,18109175,19217900,0,0,0,0
Gordon Hayward,BOS,63914985,31214295,32700690,34187085,0,0,0
Gorgui Dieng,MIN,48687640,15170787,16229213,17287640,0,0,0
Grayson Allen,UTA,2074320,2074320,2429400,2545320,4054695,0,0
Greg Monroe,BOS,122344,122344,0,0,0,0,0
Greg Monroe,BRK,2165481,2165481,0,0,0,0,0
Greg Monroe,PHI,59820,59820,0,0,0,0,0
Guerschon Yabusele,BOS,5784840,2667600,3117240,0,0,0,0
Hamidou Diallo,OKC,2255316,838464,1416852,1663861,0,0,0
Harrison Barnes,SAC,109107258,24107258,0,0,0,0,0
Harry Giles,SAC,4785840,2207040,2578800,3976510,0,0,0
Hassan Whiteside,MIA,25434263,25434263,27093018,0,0,0,0
Henry Ellenson,DET,1857480,1857480,0,0,0,0,0
Henry Ellenson,NYK,427289,427289,0,0,0,0,0
Ian Clark,NOP,1757429,1757429,0,0,0,0,0
Ian Mahinmi,WAS,31394205,15944154,15450051,0,0,0,0
Ike Anigbogu,IND,1378242,1378242,0,0,0,0,0
Iman Shumpert,HOU,11011234,11011234,0,0,0,0,0
Isaac Bonga,LAL,1000000,1000000,1663861,1416852,0,0,0
Isaac Humphries,ATL,47371,47371,0,0,0,0,0
Isaiah Briscoe,ORL,838464,838464,0,0,0,0,0
Isaiah Canaan,MIL,99290,99290,0,0,0,0,0
Isaiah Canaan,MIN,198580,198580,0,0,0,0,0
Isaiah Canaan,PHO,456733,456733,0,0,0,0,0
Isaiah Hartenstein,HOU,838464,838464,1416852,1663861,0,0,0
Isaiah Taylor,CLE,950000,950000,0,0,0,0,0
Isaiah Thomas,DEN,2029463,2029463,0,0,0,0,0
Ish Smith,DET,6000000,6000000,0,0,0,0,0
Ivan Rabb,MEM,1750000,1378242,1618520,0,0,0,0
Ivica Zubac,LAC,22544951,1544951,0,0,0,0,0
J.J. Barea,DAL,3710850,3710850,0,0,0,0,0
J.J. Redick,PHI,12250000,12250000,0,0,0,0,0
J.R. Smith,CLE,19090000,14720000,1456667,1456667,1456666,0,0
JaKarr Sampson,CHI,88531,88531,0,0,0,0,0
JaMychal Green,LAC,12633667,7866667,0,0,0,0,0
JaVale McGee,LAL,10593887,2393887,0,0,0,0,0
Jabari Bird,ATL,1349383,1349383,0,0,0,0,0
Jabari Parker,WAS,20000000,20000000,0,0,0,0,0
Jacob Evans,GSW,3570120,1644240,1925880,2017320,3641263,0,0
Jae Crowder,UTA,7305825,7305825,7815533,0,0,0,0
Jahlil Okafor,NOP,1621330,1567007,1702486,0,0,0,0
Jake Layman,POR,1544951,1544951,0,0,0,0,0
Jakob Pöltl,SAS,6702206,2947320,3754886,0,0,0,0
Jalen Brunson,DAL,4310443,1230000,1416582,1663861,1802057,0,0
Jamaal Franklin,MEM,163296,163296,0,0,0,0,0
Jamal Crawford,ATL,2304226,2304226,0,0,0,0,0
Jamal Crawford,PHO,0,2393887,0,0,0,0,0
Jamal Murray,DEN,7944546,3499800,4444746,0,0,0,0
James Ennis,PHI,3504282,1621415,0,0,0,0,0
James Harden,HOU,152903854,30431854,37800000,40824000,43848000,46872000,0
James Johnson,MIA,30001100,14651700,15349400,16047100,0,0,0
James Nunnally,MIN,655632,655632,0,0,0,0,0
Jared Dudley,BRK,9530000,9530000,0,0,0,0,0
Jarell Martin,ORL,2416222,2416222,0,0,0,0,0
Jaren Jackson,MEM,12842520,5915040,6927480,7257360,9180560,0,0
Jarred Vanderbilt,DEN,2255316,838464,1416852,1663861,0,0,0
Jarrett Allen,BRK,4410960,2034120,2376840,3909902,0,0,0
Jason Smith,NOP,5450000,5450000,0,0,0,0,0
Jason Thompson,GSW,945126,945126,0,0,0,0,0
Jawun Evans,LAC,1378242,1378242,0,0,0,0,0
Jaylen Adams,ATL,336854,236854,100000,0,0,0,0
Jaylen Brown,BOS,11704789,5169960,6534829,0,0,0,0
Jayson Tatum,BOS,14530800,6700800,7830000,9897120,0,0,0
Jeff Green,WAS,2393887,2393887,0,0,0,0,0
Jeff Teague,MIN,38000000,19000000,19000000,0,0,0,0
Jemerrio Jones,LAL,52108,52108,1416852,0,0,0,0
Jerami Grant,OKC,8653847,8653847,9346153,9346153,0,0,0
Jeremy Lamb,CHO,7488372,7488372,0,0,0,0,0
Jeremy Lin,ATL,13768421,13768421,0,0,0,0,0
Jeremy Lin,TOR,697000,697000,0,0,0,0,0
Jerian Grant,ORL,2639314,2639314,0,0,0,0,0
Jerome Robinson,LAC,6613920,3046200,3567720,3737520,5340916,0,0
Jerryd Bayless,MIN,8575916,8575916,0,0,0,0,0
Jevon Carter,MEM,838464,838464,1416852,0,0,0,0
Jimmer Fredette,PHO,198580,198580,0,0,0,0,0
Jimmy Butler,PHI,20445779,20445779,0,0,0,0,0
Joakim Noah,MEM,0,1731173,0,0,0,0,0
Joakim Noah,NYK,37824998,18530000,6431666,6431666,6431666,0,0
Jodie Meeks,MIL,3454500,3454500,0,0,0,0,0
Jodie Meeks,TOR,319677,319677,0,0,0,0,0
Joe Harris,BRK,16003333,8333333,7670000,0,0,0,0
Joe Ingles,UTA,35863638,13045455,11954546,10863637,0,0,0
Joel Embiid,PHI,25467250,25467250,27270000,29290000,31310000,33330000,0
John Collins,ATL,4985640,2299080,2686560,4137302,0,0,0
John Henson,CLE,21059862,11327466,9732396,0,0,0,0
John Jenkins,NYK,198580,198580,0,0,0,0,0
John Jenkins,WAS,99290,99290,0,0,0,0,0
John Wall,WAS,141641800,19169800,37800000,40824000,43848000,46872000,0
Jon Leuer,DET,10002681,10002681,3169348,3169348,3169347,0,0
Jonah Bolden,PHI,3388450,1690000,1698450,1766550,1845000,0,0
Jonas Jerebko,GSW,2165481,2165481,0,0,0,0,0
Jonas Valančiūnas,MEM,61539326,16539326,0,0,0,0,0
Jonathan Gibson,BOS,17092,17092,0,0,0,0,0
Jonathan Isaac,ORL,10775520,4969080,5806440,7362566,0,0,0
Jonathon Simmons,PHI,6000000,6000000,1000000,0,0,0,0
Jordan Bell,GSW,1378252,1378252,0,0,0,0,0
Jordan Clarkson,CLE,25937500,12500000,13437500,0,0,0,0
Jordan McRae,WAS,17092,17092,1645357,0,0,0,0
Jordan Sibert,ATL,47371,47371,0,0,0,0,0
Josh Hart,LAL,1655160,1655160,1934160,3491159,0,0,0
Josh Jackson,PHO,6041520,6041520,7059480,8930242,0,0,0
Josh Okogie,MIN,4691400,2160720,2530680,2651040,4087904,0,0
Josh Richardson,MIA,9367200,9367200,10100000,10800000,11600000,0,0
Josh Smith,DET,10663458,5331729,5331729,0,0,0,0
José Calderón,DET,2393887,2393887,0,0,0,0,0
Jrue Holiday,NOP,78238333,25976111,26131111,26131111,27020000,0,0
Juan Hernangómez,DEN,5487390,2166360,3321030,0,0,0,0
Julius Randle,NOP,8641000,8641000,0,0,0,0,0
Justin Anderson,ATL,2516048,2516048,0,0,0,0,0
Justin Bibbs,LAC,94742,94742,0,0,0,0,0
Justin Hamilton,TOR,2000000,1000000,1000000,0,0,0,0
Justin Holiday,MEM,4384616,4384616,0,0,0,0,0
Justin Jackson,DAL,6088800,2807880,3280920,5029650,0,0,0
Justin Patton,PHI,2667600,2667600,0,0,0,0,0
Justise Winslow,MIA,29448926,3448926,13000000,13000000,13000000,0,0
Jusuf Nurkić,POR,39111111,11111111,12000000,12000000,12000000,0,0
Karl-Anthony Towns,MIN,163709435,7839435,27250000,29430000,31610000,33790000,35970000
Kawhi Leonard,TOR,23114067,23114067,0,0,0,0,0
Keita Bates-Diop,MIN,2255316,838464,1416852,1663861,0,0,0
Kelly Olynyk,MIA,23805412,12137527,11667885,12198243,0,0,0
Kelly Oubre,PHO,33208630,3208630,0,0,0,0,0
Kemba Walker,CHO,12000000,12000000,0,0,0,0,0
Kendrick Nunn,MIA,4737,4737,1416852,1663861,0,0,0
Kenneth Faried,BRK,13764045,13764045,0,0,0,0,0
Kenneth Faried,HOU,917272,917272,0,0,0,0,0
Kenrich Williams,NOP,1038464,838464,1443842,0,0,0,0
Kent Bazemore,ATL,18089887,18089887,19269662,0,0,0,0
Kentavious Caldwell-Pope,LAL,20089282,12000000,0,0,0,0,0
Kevin Durant,GSW,30000000,30000000,0,0,0,0,0
Kevin Huerter,ATL,4887240,2250960,2636280,2761920,4253357,0,0
Kevin Knox,NYK,8120040,3739920,4380120,4588680,5845978,0,0
Kevin Love,CLE,144519025,24119025,28900000,31300000,31300000,28900000,0
Kevin Martin,MIN,1360304,1360304,0,0,0,0,0
Kevon Looney,GSW,11196637,1567007,0,0,0,0,0
Khem Birch,ORL,7378242,1378242,0,0,0,0,0
Khris Middleton,MIL,150103448,13000000,0,0,0,0,0
Khyri Thomas,DET,1676928,838464,838464,1663861,0,0,0
Klay Thompson,GSW,208892325,18988725,0,0,0,0,0
Kobi Simmons,CLE,76236,76236,0,0,0,0,0
Kosta Koufos,SAC,8739500,8739500,0,0,0,0,0
Kris Dunn,CHI,9569007,4221000,5348007,0,0,0,0
Kristaps Porziņģis,DAL,127933854,5697054,0,0,0,0,0
Kyle Anderson,MEM,37156300,8641000,9073050,9505100,9937150,0,0
Kyle Korver,UTA,7560000,7560000,3440000,0,0,0,0
Kyle Kuzma,LAL,3664440,1689840,1974600,3562178,0,0,0
Kyle Lowry,TOR,64496296,31200000,33296296,0,0,0,0
Kyle O'Quinn,IND,4449000,4449000,0,0,0,0,0
Kyle Singler,OKC,4996000,999200,999200,999200,999200,999200,0
Kyrie Irving,BOS,20099189,20099189,0,0,0,0,0
LaMarcus Aldridge,SAS,55347015,22347015,26000000,24000000,0,0,0
Lance Stephenson,LAL,4449000,4449000,0,0,0,0,0
Lance Thomas,NYK,7119650,7119650,0,0,0,0,0
Landry Shamet,LAC,3698760,1703640,1995120,2090040,3768342,0,0
Langston Galloway,DET,14333333,7000000,7333333,0,0,0,0
Larry Nance,CLE,47072391,2272391,12727273,11709091,10690909,9672727,0
Larry Sanders,MIL,7462188,1865547,1865547,1865547,1865547,0,0
Lauri Markkanen,CHI,9836520,4536120,5300400,6731508,0,0,0
LeBron James,LAL,112310573,35654150,37436858,39219565,41002273,0,0
Lonnie Walker,SAS,5117640,2357160,2760480,2892000,4447896,0,0
Lonzo Ball,LAL,7461960,7461960,8719320,11003782,0,0,0
Lorenzo Brown,TOR,800000,800000,0,0,0,0,0
Lou Williams,LAC,24000000,8000000,8000000,8000000,0,0,0
Luc Mbah a Moute,LAC,4320500,4320500,0,0,0,0,0
Luka Dončić,DAL,14244000,6560640,7683360,8049360,10174391,0,0
Luke Kennard,DET,7102440,3275280,3827160,5273826,0,0,0
Luke Kornet,NYK,1619000,1619000,0,0,0,0,0
Luol Deng,LAL,29324067,14354067,4990000,4990000,4990000,0,0
Luol Deng,MIN,2393887,2393887,0,0,0,0,0
Malachi Richardson,PHI,1569360,1569360,0,0,0,0,0
Malcolm Brogdon,MIL,1544951,1544951,0,0,0,0,0
Malcolm Miller,TOR,457418,457418,1588231,0,0,0,0
Malik Beasley,DEN,4505554,1773840,2731714,0,0,0,0
Malik Monk,CHO,7475880,3447480,4028400,5345687,0,0,0
Manu Ginóbili,SAS,2500000,2500000,0,0,0,0,0
MarShon Brooks,CHI,1656092,1656092,0,0,0,0,0
Marc Gasol,TOR,49714725,24119025,25595700,0,0,0,0
Marcin Gortat,LAC,13565218,13565218,0,0,0,0,0
Marco Belinelli,SAS,12000000,6153846,5846154,0,0,0,0
Marcus Morris,BOS,5375000,5375000,0,0,0,0,0
Marcus Smart,BOS,51999900,11660716,12553471,13446428,14339285,0,0
Mario Hezonja,NYK,6500000,6500000,0,0,0,0,0
Markelle Fultz,ORL,18085080,8339880,9745200,12288697,0,0,0
Markieff Morris,NOP,8600000,8600000,0,0,0,0,0
Markieff Morris,OKC,573295,573295,0,0,0,0,0
Marquese Chriss,CLE,3206160,3206160,0,0,0,0,0
Martell Webster,WAS,833333,833333,0,0,0,0,0
Marvin Bagley,SAC,15861720,7305600,8556120,8963640,11312114,0,0
Marvin Williams,CHO,29093750,14087500,15006250,0,0,0,0
Mason Plumlee,DEN,26958904,12917808,14041096,0,0,0,0
Matt Barnes,SAC,4267083,2133542,2133541,0,0,0,0
Matthew Dellavedova,CLE,19215000,9607500,9607500,0,0,0,0
Maurice Harkless,POR,10837079,10837079,11511234,0,0,0,0
Maxi Kleber,DAL,35378242,1378242,0,0,0,0,0
Melvin Frazier,ORL,2466852,1050000,1416852,1663861,0,0,0
Meyers Leonard,POR,10595506,10595506,11286515,0,0,0,0
Michael Beasley,LAC,3500000,3500000,0,0,0,0,0
Michael Carter-Williams,CHI,1200000,1200000,0,0,0,0,0
Michael Carter-Williams,ORL,2326464,297870,0,0,0,0,0
Michael Frazier,HOU,23685,23685,1416852,1663861,0,0,0
Michael Kidd-Gilchrist,CHO,26000000,13000000,13000000,0,0,0,0
Michael Porter,DEN,6283560,2894160,3389400,3550800,5258735,0,0
Mikal Bridges,PHO,7713960,3552960,4161000,4359000,5557725,0,0
Mike Conley,MEM,30521116,30521116,32511623,34504132,0,0,0
Mike Muscala,LAL,5000000,5000000,0,0,0,0,0
Mike Scott,PHI,14092850,4320500,0,0,0,0,0
Miles Bridges,CHO,6962040,3206640,3755400,3934320,5421493,0,0
Miles Plumlee,ATL,12500000,12500000,12500000,0,0,0,0
Miloš Teodosić,LAC,6300000,6300000,0,0,0,0,0
Miroslav Raduljica,LAC,252043,252043,0,0,0,0,0
Mirza Teletović,MIL,10500000,3500000,3500000,3500000,0,0,0
Mitch Creek,BRK,94742,94742,0,0,0,0,0
Mitch Creek,MIN,56845,56845,0,0,0,0,0
Mitchell Robinson,NYK,3045152,1485440,1559712,1663861,1802057,0,0
Mohamed Bamba,ORL,24100422,4865040,5697600,5969040,7568742,0,0
Monta Ellis,IND,8981600,2245400,2245400,2245400,2245400,0,0
Monte Morris,DEN,2937614,1349383,1588231,1663861,0,0,0
Montrezl Harrell,LAC,12000000,6000000,6000000,0,0,0,0
Moritz Wagner,LAL,1762080,1762080,2063520,3893618,2161920,0,0
Myles Turner,IND,75410284,3410284,18000000,18000000,18000000,18000000,0
Nemanja Bjelica,SAC,13325000,6500000,6825000,7150000,0,0,0
Nenê Hilário,HOU,3651480,3651480,0,0,0,0,0
Nerlens Noel,OKC,3786023,1757429,0,0,0,0,0
Nick Young,DEN,311070,311070,0,0,0,0,0
Nicolas Batum,CHO,49565217,24000000,25565217,27130434,0,0,0
Nik Stauskas,CLE,540472,540472,0,0,0,0,0
Nik Stauskas,IND,1621415,1621415,0,0,0,0,0
Nikola Jokić,DEN,142710045,24605181,26573595,28542009,30510423,32478837,0
Nikola Mirotić,MIL,12500000,12500000,0,0,0,0,0
Nikola Vučević,ORL,112750000,12750000,0,0,0,0,0
Noah Vonleh,NYK,1621415,1621415,0,0,0,0,0
Norman Powell,TOR,30349728,9367200,10116576,10865952,11615328,0,0
OG Anunoby,TOR,4234560,1952760,2281800,3872215,0,0,0
Okaro White,WAS,264919,264919,0,0,0,0,0
Omari Spellman,ATL,1620480,1620480,1897800,1988280,3588845,0,0
Omri Casspi,MEM,2176260,2176260,0,0,0,0,0
Otto Porter,CHI,53262489,26011913,27250576,28489239,0,0,0
P.J. Tucker,HOU,18887764,7969537,8349039,7969537,0,0,0
Pascal Siakam,TOR,3896790,1544951,2351839,0,0,0,0
Pat Connaughton,MIL,3364050,1641000,1723050,0,0,0,0
Patrick Beverley,LAC,45027028,5027028,0,0,0,0,0
Patrick McCaw,CLE,323529,323529,0,0,0,0,0
Patrick McCaw,TOR,8786000,786000,0,0,0,0,0
Patrick Patterson,OKC,11162800,5451600,5711200,0,0,0,0
Patty Mills,SAS,37285714,11571429,12428571,13285714,0,0,0
Pau Gasol,MIL,527467,527467,0,0,0,0,0
Pau Gasol,SAS,20200000,15100000,5100000,0,0,0,0
Paul George,OKC,30560700,30560700,33005556,35450412,37895268,0,0
Paul Millsap,DEN,60230769,29730769,30500000,0,0,0,0
Quincy Acy,PHO,213949,213949,0,0,0,0,0
Quincy Pondexter,SAS,2165481,2165481,0,0,0,0,0
Quinn Cook,GSW,1544951,1544951,0,0,0,0,0
Rade Zagorac,MEM,1378242,1378242,0,0,0,0,0
Rajon Rondo,LAL,11564753,9000000,0,0,0,0,0
Raul Neto,UTA,2150000,2150000,0,0,0,0,0
Ray Spalding,DAL,838464,838464,0,0,0,0,0
Ray Spalding,PHO,232117,232117,0,0,0,0,0
Raymond Felton,OKC,2393887,2393887,0,0,0,0,0
Reggie Bullock,LAL,2500000,2500000,0,0,0,0,0
Reggie Jackson,DET,35130434,17043478,18086956,0,0,0,0
Richard Solomon,OKC,47371,47371,0,0,0,0,0
Richaun Holmes,PHO,1600520,1600520,0,0,0,0,0
Ricky Rubio,UTA,14975000,14975000,0,0,0,0,0
Robert Covington,MIN,46879127,10464092,11301219,12138345,12975471,0,0
Robert Williams,BOS,3591960,1654440,1937520,2029920,3661976,0,0
Robin Lopez,CHI,14357750,14357750,0,0,0,0,0
Rodions Kurucs,BRK,5097708,1618320,1699236,1780152,1861068,0,0
Rodney Hood,POR,9190887,3472887,0,0,0,0,0
Rodney McGruder,LAC,1544951,1544951,0,0,0,0,0
Ron Baker,NYK,4544400,4544400,0,0,0,0,0
Ron Baker,WAS,170915,170915,0,0,0,0,0
Rondae Hollis-Jefferson,BRK,2470357,2470357,0,0,0,0,0
Royce O'Neale,UTA,1378242,1378242,1618520,0,0,0,0
Rudy Gay,SAS,38087200,10087200,0,0,0,0,0
Rudy Gobert,UTA,74775281,23241573,25008427,26525281,0,0,0
Russell Westbrook,OKC,35654150,35654150,38178000,41006000,43848000,46662000,0
Ryan Anderson,MIA,36065296,20421546,5214583,5214583,5214584,0,0
Ryan Arcidiacono,CHI,7349383,1349383,0,0,0,0,0
Ryan Broekhoff,DAL,2282306,838464,1443842,0,0,0,0
Salah Mejri,DAL,1567007,1567007,0,0,0,0,0
Sam Dekker,WAS,2760095,2760095,0,0,0,0,0
Scott Machado,LAL,47371,47371,0,0,0,0,0
Scotty Hopson,OKC,85458,85458,0,0,0,0,0
Semi Ojeleye,BOS,2996762,1378242,1618520,1752950,0,0,0
Serge Ibaka,TOR,44938271,21666667,23271604,0,0,0,0
Seth Curry,POR,2795000,2795000,0,0,0,0,0
Shabazz Napier,BRK,1942422,1942422,1845301,0,0,0,0
Shai Gilgeous-Alexander,LAC,3375360,3375360,3952920,4141320,5495532,0,0
Shaquille Harrison,CHI,1486265,1311265,0,0,0,0,0
Shaquille Harrison,PHO,50000,50000,0,0,0,0,0
Shaun Livingston,GSW,10974358,8307692,666667,666667,666666,0,0
Shelvin Mack,CHO,2029463,2029463,0,0,0,0,0
Shelvin Mack,ORL,1000000,1000000,0,0,0,0,0
Sindarius Thornwell,LAC,1378242,1378242,0,0,0,0,0
Skal Labissière,POR,3883798,1544951,2338847,0,0,0,0
Solomon Hill,NOP,12252928,12252928,13258781,0,0,0,0
Spencer Dinwiddie,BRK,23656092,1656092,10600000,11400000,12300000,0,0
Spencer Hawes,MIL,4014116,2007058,2007058,0,0,0,0
Stanley Johnson,NOP,3940402,3940402,0,0,0,0,0
Stephan Hicks,IND,47371,47371,0,0,0,0,0
Stephen Curry,GSW,166476240,37457154,40231758,43006362,45780966,0,0
Sterling Brown,MIL,2996762,1378242,1618520,0,0,0,0
Steven Adams,OKC,77528091,24157304,25842697,27528090,0,0,0
Sviatoslav Mykhailiuk,DET,2904546,1487694,1416852,1663861,0,0,0
T.J. Leaf,IND,5220840,2407560,2813280,4326825,0,0,0
T.J. McConnell,PHI,1600520,1600520,0,0,0,0,0
T.J. Warren,PHO,11750000,11750000,10810000,11750000,12690000,0,0
Tahjere McCall,BRK,47371,47371,0,0,0,0,0
Taj Gibson,MIN,14000000,14000000,0,0,0,0,0
Tarik Phillip,WAS,9474,9474,1443842,0,0,0,0
Taurean Waller-Prince,ATL,2526840,2526840,3481986,0,0,0,0
Terrance Ferguson,OKC,4594680,2118840,2475840,3944013,0,0,0
Terrence Jones,HOU,198580,198580,0,0,0,0,0
Terrence Ross,ORL,60500000,10500000,0,0,0,0,0
Terry Larrier,DAL,6000,6000,0,0,0,0,0
Terry Rozier,BOS,3050390,3050390,0,0,0,0,0
Thabo Sefolosha,UTA,5250000,5250000,0,0,0,0,0
Thaddeus Young,IND,13764045,13764045,0,0,0,0,0
Theo Pinson,BRK,1450434,4737,0,0,0,0,0
Thomas Bryant,WAS,26378242,1378242,0,0,0,0,0
Thon Maker,DET,6369363,2799720,3569643,0,0,0,0
Tim Duncan,SAS,1881250,1881250,0,0,0,0,0
Tim Frazier,MIL,205098,205098,0,0,0,0,0
Tim Frazier,NOP,1621415,1621415,0,0,0,0,0
Tim Hardaway,DAL,35475000,17325000,18150000,18975000,0,0,0
Timofey Mozgov,ORL,32720000,16000000,5573333,5573333,5573334,0,0
Timothé Luwawu-Cabarrot,CHI,1544951,1544951,0,0,0,0,0
Tobias Harris,PHI,194800000,14800000,0,0,0,0,0
Tomáš Satoranský,WAS,3129187,3129187,0,0,0,0,0
Tony Bradley,UTA,3641880,1679520,1962360,3542060,0,0,0
Tony Parker,CHO,5000000,5000000,0,0,0,0,0
Tony Snell,MIL,10607143,10607143,11392857,12178571,0,0,0
Torrey Craig,DEN,4100000,2000000,2100000,0,0,0,0
Trae Young,ATL,11629440,5356440,6273000,6571800,8326471,0,0
Treveon Graham,BRK,1512601,1512601,1645357,0,0,0,0
Trevor Ariza,WAS,15000000,15000000,0,0,0,0,0
Trey Burke,DAL,1795015,1795015,0,0,0,0,0
Trey Lyles,DEN,3364249,3364249,0,0,0,0,0
Tristan Thompson,CLE,36008695,17469565,18539130,0,0,0,0
Troy Brown,WAS,5968560,2749080,3219480,3372840,5170564,0,0
Troy Daniels,PHO,3258539,3258539,0,0,0,0,0
Troy Williams,HOU,613705,122741,122741,122741,122741,122741,0
Troy Williams,NOP,34183,34183,0,0,0,0,0
Tyler Dorsey,MEM,1378242,1378242,0,0,0,0,0
Tyler Johnson,PHO,38490740,19245370,19245370,0,0,0,0
Tyler Lydon,DEN,1874640,1874640,0,0,0,0,0
Tyler Zeller,ATL,106974,106974,0,0,0,0,0
Tyler Zeller,MEM,64185,64185,0,0,0,0,0
Tyreke Evans,IND,12400000,12400000,0,0,0,0,0
Tyrone Wallace,LAC,1349383,1349383,1588231,0,0,0,0
Tyson Chandler,LAL,0,2393887,0,0,0,0,0
Tyson Chandler,PHO,13585000,13585000,0,0,0,0,0
Tyus Jones,MIN,2444053,2444053,0,0,0,0,0
Udonis Haslem,MIA,2393887,2393887,0,0,0,0,0
Victor Oladipo,IND,63000000,21000000,21000000,21000000,0,0,0
Vince Carter,ATL,2393887,2393887,0,0,0,0,0
Wade Baldwin,IND,1544951,1544951,0,0,0,0,0
Walt Lemon,CHI,99107,99107,0,0,0,0,0
Wayne Ellington,DET,2383076,2383076,0,0,0,0,0
Wayne Ellington,PHO,6270000,6270000,0,0,0,0,0
Wayne Selden,CHI,1544951,1544951,0,0,0,0,0
Wendell Carter,CHI,9642600,4441200,5201400,5448840,6920027,0,0
Wesley Iwundu,ORL,2996762,1378242,1618520,0,0,0,0
Wesley Johnson,WAS,6134520,6134520,0,0,0,0,0
Wesley Matthews,IND,737715,737715,0,0,0,0,0
Wesley Matthews,NYK,18622514,18622514,0,0,0,0,0
Will Barton,DEN,38710358,11830358,12960000,13920000,14880000,0,0
Willie Cauley-Stein,SAC,4696875,4696875,0,0,0,0,0
Willy Hernangómez,CHO,1544951,1544951,1676700,0,0,0,0
Wilson Chandler,LAC,12800562,12800562,0,0,0,0,0
Yante Maten,MIA,114211,14211,1416852,1663861,0,0,0
Yogi Ferrell,SAC,6150000,3000000,3150000,0,0,0,0
Zach Collins,POR,7869120,3628920,4240200,5406255,0,0,0
Zach LaVine,CHI,78000000,19500000,19500000,19500000,19500000,0,0
Zach Randolph,DAL,11692308,11692308,0,0,0,0,0
Zaza Pachulia,DET,2393887,2393887,0,0,0,0,0
Zhaire Smith,PHI,5670600,2611800,3058800,3204600,4915856,0,0
Zhou Qi,HOU,506134,506134,0,0,0,0,0
Álex Abrines,OKC,5455236,5455236,0,0,0,0,0
Élie Okobo,PHO,2655316,1238464,1416852,1663861,1802057,0,0
Ömer Aşık,CHI,14286516,11286516,3000000,0,0,0,0
