Player,Pos,Age,Team,G,MP,PER,TS%,3PAr,FTr,ORB%,DRB%,TRB%,AST%,STL%,BLK%,TOV%,USG%,OWS,DWS,WS,WS/48,OBPM,DBPM,BPM,VORP,Guaranteed,Salary 2018-19,Salary 2019-20,Salary 2020-21,Salary 2021-22,Salary 2022-23,Salary 2023-24
Álex Abrines,SG,25,Oklahoma City Thunder,31,588,6.3,0.507,0.809,0.083,0.9,7.8,4.2,4.3,1.3,0.9,7.9,12.2,0.1,0.6,0.6,0.053,-2.4,-0.9,-3.4,-0.2,5455236,5455236,0,0,0,0,0
Quincy Acy,PF,28,Phoenix Suns,10,123,2.9,0.379,0.833,0.556,2.7,20.1,11.3,8.2,0.4,2.7,15.2,9.2,-0.1,0.0,-0.1,-0.022000000000000002,-5.7,-0.3,-5.9,-0.1,213949,213949,0,0,0,0,0
Jaylen Adams,PG,22,Atlanta Hawks,34,428,7.6,0.474,0.6729999999999999,0.08199999999999999,2.6,12.3,7.4,19.8,1.5,1.0,19.7,13.5,-0.1,0.2,0.1,0.011000000000000001,-3.1,-1.3,-4.4,-0.3,336854,236854,100000,0,0,0,0
Steven Adams,C,25,Oklahoma City Thunder,80,2669,18.5,0.591,0.002,0.361,14.7,14.8,14.7,6.6,2.0,2.4,12.6,16.4,5.1,4.0,9.1,0.163,0.6,2.1,2.7,3.2,77528091,24157304,25842697,27528090,0,0,0
Bam Adebayo,C,21,Miami Heat,82,1913,17.9,0.623,0.031,0.465,9.2,24.0,16.6,14.2,1.8,3.0,17.1,15.8,3.4,3.4,6.8,0.171,-0.6,3.6,3.0,2.4,6409920,2955840,3454080,5115492,0,0,0
LaMarcus Aldridge,C,33,San Antonio Spurs,81,2687,22.9,0.5760000000000001,0.032,0.312,10.3,19.8,15.1,11.6,0.8,3.4,8.8,26.9,6.4,2.9,9.3,0.16699999999999998,1.2,0.5,1.6,2.5,55347015,22347015,26000000,24000000,0,0,0
Grayson Allen,SG,23,Utah Jazz,38,416,7.5,0.516,0.556,0.337,0.8,5.1,3.0,8.9,0.7,1.1,13.9,24.4,-0.4,0.4,0.0,0.002,-3.7,-3.1,-6.8,-0.5,2074320,2074320,2429400,2545320,4054695,0,0
Jarrett Allen,C,20,Brooklyn Nets,80,2096,18.5,0.632,0.079,0.489,9.6,24.0,16.8,7.9,1.0,4.5,13.0,15.9,4.4,3.3,7.6,0.175,-0.7,3.2,2.5,2.4,4410960,2034120,2376840,3909902,0,0,0
Al-Farouq Aminu,PF,28,Portland Trail Blazers,81,2292,13.2,0.568,0.47200000000000003,0.292,5.3,22.6,14.2,6.0,1.4,1.2,9.7,13.7,3.0,2.8,5.8,0.121,0.1,0.8,0.9,1.7,6957105,6957105,0,0,0,0,0
Justin Anderson,SF,25,Atlanta Hawks,48,463,11.2,0.516,0.49,0.223,5.3,13.9,9.5,6.9,2.2,2.4,11.8,17.2,0.1,0.4,0.4,0.043,-2.6,-0.7,-3.2,-0.1,2516048,2516048,0,0,0,0,0
Kyle Anderson,SF,25,Memphis Grizzlies,43,1281,12.8,0.569,0.12300000000000001,0.23199999999999998,4.1,18.1,11.0,15.0,2.1,2.7,16.0,12.6,0.8,1.8,2.7,0.1,-2.1,3.3,1.2,1.0,37156300,8641000,9073050,9505100,9937150,0,0
Ryan Anderson,PF,30,Miami Heat,10,44,4.5,0.354,0.667,0.222,9.7,12.1,10.9,5.8,1.1,0.0,16.8,11.6,0.0,0.0,0.0,-0.009000000000000001,-4.9,-0.8,-5.8,0.0,36065296,20421546,5214583,5214583,5214584,0,0
Ike Anigbogu,C,20,Indiana Pacers,3,6,-6.0,0.0,0.0,0.0,18.9,36.2,27.7,19.4,0.0,14.8,25.0,29.1,-0.1,0.0,-0.1,-0.48,-22.5,8.5,-14.0,0.0,1378242,1378242,0,0,0,0,0
Giannis Antetokounmpo,PF,24,Milwaukee Bucks,72,2358,30.9,0.644,0.163,0.55,7.3,30.0,19.3,30.3,1.8,3.9,14.8,32.3,8.9,5.5,14.4,0.292,5.7,5.0,10.8,7.6,77528091,24157304,25842697,27528090,0,0,0
OG Anunoby,SF,21,Toronto Raptors,67,1352,9.8,0.544,0.5,0.153,4.8,10.8,7.9,4.7,1.6,1.3,11.3,15.5,0.3,1.7,2.0,0.07,-1.3,0.1,-1.2,0.3,4234560,1952760,2281800,3872215,0,0,0
Ryan Arcidiacono,PG,24,Chicago Bulls,81,1961,11.6,0.588,0.519,0.244,1.5,10.8,6.1,18.9,1.6,0.2,12.0,11.7,2.8,0.9,3.7,0.09,-0.1,-1.0,-1.0,0.5,7349383,1349383,0,0,0,0,0
Trevor Ariza,SF,33,Washington Wizards,43,1465,13.0,0.5379999999999999,0.58,0.23800000000000002,2.5,14.5,8.4,15.5,1.7,0.7,10.6,18.2,1.1,0.8,1.9,0.062,0.6,-0.8,-0.2,0.7,15000000,15000000,0,0,0,0,0
D.J. Augustin,PG,31,Orlando Magic,81,2269,15.7,0.616,0.45899999999999996,0.309,1.9,7.8,4.8,26.9,1.1,0.1,14.3,17.2,5.0,1.9,6.9,0.146,1.7,-2.0,-0.3,1.0,14500000,7250000,7250000,0,0,0,0
Deandre Ayton,C,20,Phoenix Suns,71,2183,20.5,0.608,0.005,0.217,11.1,26.1,18.5,9.6,1.3,2.6,11.7,21.2,4.1,1.7,5.8,0.128,-0.1,0.2,0.2,1.2,17728080,8165160,9562920,10018200,12632950,0,0
Dwayne Bacon,SG,23,Charlotte Hornets,43,759,11.7,0.57,0.33899999999999997,0.179,1.1,11.7,6.3,9.2,0.8,0.6,6.1,16.8,0.9,0.3,1.2,0.073,-1.2,-2.4,-3.5,-0.3,1378242,1378242,1618520,0,0,0,0
Marvin Bagley,PF,19,Sacramento Kings,62,1567,18.9,0.562,0.136,0.371,10.4,20.8,15.5,5.9,1.0,3.2,10.7,24.2,2.0,1.6,3.6,0.11,-1.2,-0.7,-1.8,0.1,15861720,7305600,8556120,8963640,11312114,0,0
Ron Baker,SG,25,New York Knicks,11,107,4.4,0.376,0.563,0.375,1.0,6.0,3.4,16.1,2.3,0.0,13.9,8.6,0.0,0.0,0.0,0.002,-4.6,-1.4,-6.0,-0.1,4544400,4544400,0,0,0,0,0
Ron Baker,SG,25,Washington Wizards,4,45,-2.0,0.0,1.0,0.0,0.0,9.8,4.8,5.1,1.1,1.9,33.3,5.7,-0.1,0.0,-0.1,-0.12,-8.8,0.8,-8.1,-0.1,170915,170915,0,0,0,0,0
Lonzo Ball,PG,21,Los Angeles Lakers,47,1423,11.7,0.48700000000000004,0.5,0.105,4.0,14.0,9.1,23.8,2.3,1.1,17.8,16.9,-0.2,1.7,1.6,0.052000000000000005,-0.9,1.5,0.5,0.9,7461960,7461960,8719320,11003782,0,0,0
Mohamed Bamba,C,20,Orlando Magic,47,766,14.9,0.539,0.28800000000000003,0.259,8.8,24.0,16.3,7.4,0.8,7.0,13.7,17.8,0.3,1.4,1.7,0.106,-3.3,3.1,-0.2,0.4,24100422,4865040,5697600,5969040,7568742,0,0
J.J. Barea,PG,34,Dallas Mavericks,38,752,16.3,0.495,0.332,0.203,1.9,11.6,6.8,47.5,1.4,0.1,14.7,28.1,0.4,0.6,1.0,0.064,1.1,-2.2,-1.1,0.2,3710850,3710850,0,0,0,0,0
Harrison Barnes,SF,26,Sacramento Kings,28,949,12.3,0.578,0.419,0.258,2.2,14.8,8.4,7.5,0.8,0.2,8.0,16.3,1.1,0.5,1.7,0.084,-0.1,-1.2,-1.2,0.2,109107258,24107258,0,0,0,0,0
Will Barton,SG,28,Denver Nuggets,43,1189,11.0,0.501,0.426,0.161,2.9,15.3,9.1,14.6,0.7,1.6,11.7,20.0,0.1,1.1,1.2,0.049,-1.8,-0.5,-2.3,-0.1,38710358,11830358,12960000,13920000,14880000,0,0
Keita Bates-Diop,SF,23,Minnesota Timberwolves,30,503,9.6,0.489,0.366,0.19699999999999998,3.4,14.4,8.8,4.6,1.7,2.4,8.3,14.1,0.0,0.4,0.3,0.032,-3.2,0.0,-3.1,-0.1,2255316,838464,1416852,1663861,0,0,0
Nicolas Batum,SF,30,Charlotte Hornets,75,2354,11.9,0.581,0.53,0.158,3.2,14.9,8.9,14.5,1.5,1.6,16.3,13.2,2.0,1.7,3.7,0.076,-0.1,0.9,0.8,1.7,49565217,24000000,25565217,27130434,0,0,0
Jerryd Bayless,PG,30,Minnesota Timberwolves,34,657,8.5,0.431,0.426,0.122,1.8,8.4,5.0,24.6,1.3,0.3,11.7,17.6,-0.2,0.2,0.0,-0.003,-2.4,-2.7,-5.1,-0.5,8575916,8575916,0,0,0,0,0
Aron Baynes,C,32,Boston Celtics,51,821,14.0,0.5670000000000001,0.27399999999999997,0.278,11.4,19.8,15.6,9.3,0.7,3.7,13.8,15.2,1.3,1.1,2.4,0.139,-1.2,1.4,0.2,0.5,5193600,5193600,5453280,0,0,0,0
Kent Bazemore,SG,29,Atlanta Hawks,67,1643,11.9,0.507,0.434,0.253,2.3,14.6,8.3,13.5,2.5,2.2,13.6,22.0,-0.7,1.4,0.7,0.021,-2.2,0.0,-2.2,-0.1,18089887,18089887,19269662,0,0,0,0
Bradley Beal,SG,25,Washington Wizards,82,3028,20.8,0.581,0.37,0.278,3.1,11.7,7.4,24.1,1.9,1.6,11.0,28.4,5.9,1.7,7.6,0.12,3.9,-1.1,2.8,3.7,81279057,25434263,27093019,28751775,0,0,0
Malik Beasley,SG,22,Denver Nuggets,81,1879,14.2,0.599,0.55,0.09,2.0,9.5,5.8,7.5,1.4,0.5,6.7,18.7,2.9,1.6,4.5,0.115,1.4,-1.9,-0.5,0.7,4505554,1773840,2731714,0,0,0,0
Marco Belinelli,SG,32,San Antonio Spurs,79,1815,11.9,0.557,0.5720000000000001,0.18,1.0,10.8,5.9,10.1,0.9,0.4,8.8,19.8,1.4,1.1,2.5,0.065,0.3,-2.4,-2.1,0.0,12000000,6153846,5846154,0,0,0,0
Jordan Bell,C,24,Golden State Warriors,68,788,12.9,0.531,0.01,0.214,7.8,16.7,12.5,12.3,1.2,5.4,16.7,13.7,0.5,1.1,1.6,0.096,-3.1,2.8,-0.4,0.3,1378252,1378252,0,0,0,0,0
DeAndre' Bembry,SG,24,Atlanta Hawks,82,1931,10.8,0.508,0.281,0.221,2.9,16.9,9.7,14.7,2.5,1.8,17.4,17.2,-0.9,1.7,0.9,0.022000000000000002,-3.3,1.1,-2.2,-0.1,4238622,1634640,2603982,0,0,0,0
Dragan Bender,PF,21,Phoenix Suns,46,826,9.5,0.521,0.513,0.27399999999999997,4.5,20.3,12.3,9.4,1.0,2.2,14.4,13.4,0.0,0.4,0.5,0.027000000000000003,-3.1,-0.3,-3.4,-0.3,4661280,4661280,0,0,0,0,0
Dairis Bertāns,SG,29,New Orleans Pelicans,12,167,2.0,0.36200000000000004,0.723,0.0,1.3,4.3,2.8,7.2,0.3,0.0,4.1,12.0,-0.2,0.0,-0.2,-0.054000000000000006,-4.2,-3.5,-7.7,-0.2,194220,194220,0,0,0,0,0
Dāvis Bertāns,PF,26,San Antonio Spurs,76,1632,13.0,0.632,0.746,0.132,1.6,16.0,8.8,8.2,1.0,1.7,8.2,14.1,2.6,1.5,4.0,0.11800000000000001,1.6,-0.4,1.2,1.3,7000000,7000000,7000000,0,0,0,0
Patrick Beverley,PG,30,Los Angeles Clippers,78,2137,11.8,0.561,0.591,0.258,3.9,15.0,9.6,18.4,1.5,1.6,13.8,12.2,2.8,2.0,4.8,0.10800000000000001,1.2,1.2,2.3,2.3,45027028,5027028,0,0,0,0,0
Khem Birch,C,26,Orlando Magic,50,643,19.2,0.64,0.006999999999999999,0.55,13.0,18.8,15.8,8.5,1.4,3.8,9.6,14.1,1.8,1.0,2.8,0.212,0.2,2.3,2.4,0.7,7378242,1378242,0,0,0,0,0
Bismack Biyombo,C,26,Charlotte Hornets,54,783,14.4,0.602,0.0,0.583,11.0,23.3,17.0,5.9,0.7,4.6,14.8,12.7,1.2,0.8,2.0,0.125,-2.5,1.5,-1.1,0.2,34000000,17000000,17000000,0,0,0,0
Nemanja Bjelica,PF,30,Sacramento Kings,77,1788,15.4,0.585,0.433,0.155,7.0,18.8,12.8,11.1,1.4,2.7,11.5,16.5,2.7,1.9,4.5,0.122,0.8,1.2,2.0,1.8,13325000,6500000,6825000,7150000,0,0,0
Antonio Blakeney,SG,22,Chicago Bulls,57,829,10.6,0.48700000000000004,0.23,0.192,0.9,13.1,6.9,8.2,0.7,0.9,7.5,24.5,-0.8,0.3,-0.5,-0.03,-4.7,-3.7,-8.4,-1.3,2937614,1349383,1588231,0,0,0,0
Eric Bledsoe,PG,29,Milwaukee Bucks,78,2272,19.3,0.5770000000000001,0.38799999999999996,0.243,3.9,11.8,8.1,27.4,2.4,1.1,13.3,22.9,4.4,3.7,8.2,0.17300000000000001,2.5,1.0,3.5,3.2,85000000,15000000,15625000,16875000,18125000,19375000,0
Bogdan Bogdanović,SG,26,Sacramento Kings,70,1947,14.1,0.53,0.431,0.188,2.1,11.0,6.4,19.3,1.7,0.7,11.1,22.3,1.3,1.4,2.7,0.067,0.5,-1.2,-0.7,0.6,17529386,9000000,8529386,0,0,0,0
Bojan Bogdanović,SF,29,Indiana Pacers,81,2573,16.1,0.613,0.36700000000000005,0.29,1.5,12.7,7.2,9.5,1.3,0.0,10.2,22.4,3.9,2.8,6.8,0.126,1.4,-1.4,0.0,1.3,10500000,10500000,0,0,0,0,0
Andrew Bogut,C,34,Golden State Warriors,11,134,13.4,0.523,0.0,0.083,10.0,32.8,21.9,10.6,1.1,5.0,17.7,14.5,0.1,0.2,0.3,0.111,-4.3,3.1,-1.3,0.0,2393887,2393887,0,0,0,0,0
Jonah Bolden,PF,23,Philadelphia 76ers,44,639,12.7,0.595,0.593,0.16699999999999998,8.0,19.0,13.7,8.5,1.3,4.8,17.2,13.8,0.5,0.9,1.4,0.106,-0.8,2.0,1.2,0.5,3388450,1690000,1698450,1766550,1845000,0,0
Isaac Bonga,PG,19,Los Angeles Lakers,22,120,6.0,0.24,0.242,0.455,7.9,13.5,10.8,14.9,3.5,2.7,13.2,15.7,-0.3,0.2,-0.1,-0.059000000000000004,-7.3,3.0,-4.3,-0.1,1000000,1000000,1663861,1416852,0,0,0
Devin Booker,SG,22,Phoenix Suns,64,2242,20.2,0.584,0.33,0.36200000000000004,1.9,11.3,6.5,34.1,1.2,0.5,15.4,32.9,3.3,0.3,3.5,0.076,3.8,-3.0,0.8,1.6,161364365,3314365,27250000,29430000,31610000,33790000,35970000
Chris Boucher,PF,26,Toronto Raptors,28,163,22.2,0.563,0.48700000000000004,0.19699999999999998,10.9,25.8,18.5,1.9,1.8,12.2,7.8,23.6,0.2,0.4,0.7,0.19399999999999998,-1.7,2.8,1.1,0.1,582418,457418,1588231,0,0,0,0
Avery Bradley,SG,28,Memphis Grizzlies,14,442,14.5,0.565,0.38799999999999996,0.133,2.0,9.3,5.6,21.6,1.6,0.0,12.3,22.9,0.3,0.4,0.7,0.07400000000000001,0.6,-2.1,-1.5,0.1,14000000,12000000,2000000,0,0,0,0
Tony Bradley,C,21,Utah Jazz,3,36,19.6,0.504,0.0,0.125,27.6,17.7,22.6,4.5,2.7,4.4,15.1,23.6,0.0,0.1,0.1,0.13,-2.0,1.3,-0.7,0.0,3641880,1679520,1962360,3542060,0,0,0
Corey Brewer,SF,32,Philadelphia 76ers,7,140,10.8,0.484,0.28600000000000003,0.265,3.1,9.6,6.4,10.0,4.0,1.1,12.8,18.8,-0.1,0.2,0.1,0.044000000000000004,-3.2,0.8,-2.4,0.0,270496,270496,0,0,0,0,0
Corey Brewer,SF,32,Sacramento Kings,24,352,12.0,0.562,0.405,0.405,6.3,11.1,8.6,10.3,2.6,1.2,11.2,11.5,0.5,0.4,0.8,0.115,-0.3,1.1,0.9,0.3,2270496,2270496,0,0,0,0,0
Mikal Bridges,SF,22,Phoenix Suns,82,2417,10.8,0.556,0.556,0.21,2.5,9.7,6.0,9.8,2.5,1.3,10.2,12.2,1.7,1.2,2.9,0.057999999999999996,-0.5,0.3,-0.2,1.1,7713960,3552960,4161000,4359000,5557725,0,0
Miles Bridges,SF,20,Charlotte Hornets,80,1696,13.1,0.5479999999999999,0.391,0.151,4.2,16.6,10.3,8.1,1.6,2.5,8.4,15.1,1.4,1.5,2.9,0.083,-1.2,0.5,-0.6,0.6,6962040,3206640,3755400,3934320,5421493,0,0
Isaiah Briscoe,PG,22,Orlando Magic,39,559,6.7,0.455,0.24600000000000002,0.188,0.9,13.4,7.1,21.0,1.0,0.3,17.2,14.1,-0.3,0.5,0.3,0.023,-5.0,-0.6,-5.6,-0.5,838464,838464,0,0,0,0,0
Ryan Broekhoff,SG,28,Dallas Mavericks,42,453,10.7,0.621,0.738,0.151,1.9,12.9,7.4,7.2,0.6,0.8,10.6,14.3,0.5,0.3,0.8,0.086,-0.7,-1.7,-2.3,0.0,2282306,838464,1443842,0,0,0,0
Malcolm Brogdon,SG,26,Milwaukee Bucks,64,1832,17.8,0.614,0.326,0.203,3.8,11.7,8.0,16.2,1.2,0.6,10.0,20.7,4.2,2.3,6.5,0.171,1.9,-0.3,1.5,1.6,1544951,1544951,0,0,0,0,0
Dillon Brooks,SF,23,Memphis Grizzlies,18,330,7.6,0.499,0.32799999999999996,0.24600000000000002,3.0,7.6,5.3,7.6,1.5,1.1,12.3,20.9,-0.3,0.3,0.0,-0.004,-4.2,-1.9,-6.1,-0.3,1378242,1378242,1618520,0,0,0,0
Bruce Brown,SG,22,Detroit Pistons,74,1449,6.9,0.469,0.29600000000000004,0.191,3.5,10.7,7.0,8.8,1.4,2.1,11.9,11.5,-0.1,1.6,1.5,0.048,-3.7,1.7,-2.0,0.0,2255316,838464,1416852,1663861,0,0,0
Jaylen Brown,SG,22,Boston Celtics,74,1913,13.5,0.547,0.348,0.255,3.6,13.9,8.7,7.7,1.7,1.5,10.1,22.1,0.7,2.4,3.0,0.076,-1.5,-0.6,-2.1,0.0,11704789,5169960,6534829,0,0,0,0
Lorenzo Brown,PG,28,Toronto Raptors,26,212,6.3,0.38,0.39399999999999996,0.042,2.6,12.9,7.9,17.3,2.7,2.0,18.1,17.9,-0.5,0.3,-0.1,-0.027000000000000003,-5.8,1.5,-4.3,-0.1,800000,800000,0,0,0,0,0
Sterling Brown,SG,23,Milwaukee Bucks,58,1034,10.9,0.563,0.47100000000000003,0.135,3.0,14.4,9.0,10.7,1.1,0.7,12.2,15.2,0.7,1.4,2.1,0.098,-1.6,0.0,-1.6,0.1,2996762,1378242,1618520,0,0,0,0
Troy Brown,SF,19,Washington Wizards,52,730,11.1,0.48700000000000004,0.295,0.201,5.1,16.6,10.8,14.9,1.4,0.6,10.5,16.5,0.2,0.4,0.6,0.039,-2.6,-1.2,-3.7,-0.3,5968560,2749080,3219480,3372840,5170564,0,0
Jalen Brunson,PG,22,Dallas Mavericks,73,1591,12.8,0.5489999999999999,0.32,0.212,1.7,9.6,5.7,22.6,1.1,0.2,12.5,19.1,1.5,1.0,2.6,0.077,-0.8,-1.6,-2.5,-0.2,4310443,1230000,1416582,1663861,1802057,0,0
Thomas Bryant,C,21,Washington Wizards,72,1496,21.0,0.674,0.19699999999999998,0.273,8.1,25.1,16.5,9.3,0.8,3.8,9.6,17.6,4.3,1.3,5.6,0.17800000000000002,1.2,0.4,1.6,1.3,26378242,1378242,0,0,0,0,0
Reggie Bullock,SG,27,Los Angeles Lakers,19,524,9.1,0.545,0.647,0.13699999999999998,0.4,9.3,4.9,5.0,1.4,1.1,6.3,13.7,0.2,0.4,0.7,0.061,-1.3,-0.5,-1.8,0.0,2500000,2500000,0,0,0,0,0
Trey Burke,PG,26,Dallas Mavericks,25,436,17.9,0.574,0.384,0.258,3.2,5.9,4.5,24.7,1.3,0.4,8.6,22.8,1.0,0.3,1.3,0.14,2.1,-3.0,-0.9,0.1,1795015,1795015,0,0,0,0,0
Alec Burks,SG,27,Sacramento Kings,13,127,9.0,0.495,0.3,0.25,1.6,16.6,8.9,9.5,2.9,0.7,15.3,8.5,0.0,0.2,0.2,0.062,-3.8,1.9,-1.9,0.0,11536515,11536515,0,0,0,0,0
Deonte Burton,SG,25,Oklahoma City Thunder,32,240,7.0,0.47,0.32899999999999996,0.146,1.7,10.7,6.0,5.0,1.2,2.8,9.3,16.3,-0.2,0.3,0.1,0.027000000000000003,-5.6,-0.6,-6.3,-0.3,151587,151587,1416852,0,0,0,0
Jimmy Butler,SF,29,Philadelphia 76ers,55,1824,19.8,0.569,0.198,0.40700000000000003,6.3,10.4,8.4,18.0,2.6,1.2,8.4,22.1,4.4,2.1,6.6,0.172,2.4,0.5,2.9,2.3,20445779,20445779,0,0,0,0,0
Bruno Caboclo,SF,23,Memphis Grizzlies,34,800,12.4,0.5710000000000001,0.578,0.222,5.8,16.5,11.1,9.4,0.9,3.9,13.3,15.9,0.6,0.9,1.5,0.09,-1.0,1.2,0.2,0.4,670211,670211,1845301,0,0,0,0
José Calderón,PG,37,Detroit Pistons,49,632,7.1,0.45299999999999996,0.475,0.092,1.8,8.8,5.2,24.9,1.2,0.4,21.9,10.9,0.0,0.5,0.6,0.043,-4.0,-1.2,-5.1,-0.5,2393887,2393887,0,0,0,0,0
Kentavious Caldwell-Pope,SG,25,Los Angeles Lakers,82,2035,12.9,0.568,0.575,0.209,2.5,9.4,6.0,7.5,1.7,0.5,7.3,18.1,2.3,1.8,4.0,0.095,0.6,-1.2,-0.6,0.7,20089282,12000000,0,0,0,0,0
Isaiah Canaan,PG,27,Phoenix Suns,19,503,7.3,0.515,0.5579999999999999,0.155,1.1,9.8,5.4,17.0,1.1,0.0,17.4,14.2,-0.1,0.0,-0.1,-0.006999999999999999,-2.7,-2.5,-5.2,-0.4,456733,456733,0,0,0,0,0
Isaiah Canaan,PG,27,Minnesota Timberwolves,7,95,12.3,0.536,0.655,0.138,0.0,5.7,2.8,26.9,1.0,0.9,11.5,15.4,0.1,0.0,0.2,0.079,-0.4,-4.6,-5.0,-0.1,198580,198580,0,0,0,0,0
Isaiah Canaan,PG,27,Milwaukee Bucks,4,31,5.2,0.5,0.833,0.0,3.5,9.3,6.6,11.6,0.0,2.7,25.0,10.8,0.0,0.0,0.0,0.03,-4.2,-0.1,-4.3,0.0,99290,99290,0,0,0,0,0
Clint Capela,C,24,Houston Rockets,67,2249,23.8,0.6579999999999999,0.0,0.35700000000000004,14.4,27.6,20.8,7.1,1.0,3.9,10.0,18.2,7.8,3.0,10.8,0.23,1.3,1.6,2.9,2.8,87380061,15293104,16456522,17500000,18543478,19586957,0
DeMarre Carroll,PF,32,Brooklyn Nets,67,1703,12.1,0.546,0.539,0.42100000000000004,4.2,17.3,10.8,7.2,0.9,0.5,9.7,18.6,1.5,1.6,3.1,0.08800000000000001,-1.0,-0.7,-1.7,0.1,15400000,15400000,0,0,0,0,0
Jevon Carter,PG,23,Memphis Grizzlies,39,577,7.8,0.43200000000000005,0.551,0.17300000000000001,2.7,10.3,6.4,17.4,2.2,1.8,14.2,18.0,-0.7,0.7,0.0,-0.003,-3.8,-0.1,-4.0,-0.3,838464,838464,1416852,0,0,0,0
Vince Carter,SF,42,Atlanta Hawks,76,1330,11.8,0.565,0.675,0.141,2.4,13.2,7.7,9.3,1.5,1.8,8.8,16.7,1.2,0.7,1.9,0.07,-0.2,-1.4,-1.6,0.1,2393887,2393887,0,0,0,0,0
Wendell Carter,C,19,Chicago Bulls,44,1110,15.2,0.541,0.086,0.302,8.4,21.8,15.0,10.7,1.1,4.5,13.4,19.1,0.7,1.2,1.9,0.08,-2.4,1.8,-0.5,0.4,9642600,4441200,5201400,5448840,6920027,0,0
Michael Carter-Williams,PG,27,Orlando Magic,12,227,16.1,0.44,0.306,0.435,7.4,19.6,13.5,28.9,2.4,3.3,11.9,16.1,0.2,0.4,0.6,0.134,-1.1,3.5,2.4,0.3,2326464,297870,0,0,0,0,0
Omri Casspi,SF,30,Memphis Grizzlies,36,520,15.7,0.606,0.267,0.36,3.6,21.5,12.4,8.1,1.9,1.6,11.0,18.0,0.6,0.7,1.3,0.11900000000000001,-2.0,0.1,-1.8,0.0,2176260,2176260,0,0,0,0,0
Willie Cauley-Stein,C,25,Sacramento Kings,81,2213,18.0,0.5660000000000001,0.003,0.34299999999999997,8.2,23.7,15.8,12.3,2.0,2.0,9.0,17.5,3.8,2.9,6.7,0.146,-0.2,2.2,2.0,2.3,4696875,4696875,0,0,0,0,0
Tyson Chandler,C,36,Phoenix Suns,7,89,11.5,0.653,0.0,1.5,8.6,40.5,24.3,9.1,1.1,0.9,26.0,13.0,0.1,0.1,0.2,0.092,-5.0,0.0,-5.0,-0.1,13585000,13585000,0,0,0,0,0
Tyson Chandler,C,36,Los Angeles Lakers,48,786,11.2,0.626,0.011000000000000001,0.7929999999999999,11.4,23.6,17.6,4.8,1.1,2.3,23.0,8.0,0.9,1.1,1.9,0.11699999999999999,-2.9,2.0,-0.9,0.2,0,2393887,0,0,0,0,0
Wilson Chandler,SF,31,Los Angeles Clippers,15,226,5.8,0.46299999999999997,0.606,0.106,1.9,19.5,11.0,5.9,0.6,1.1,9.2,14.2,-0.1,0.2,0.0,0.009000000000000001,-3.5,-1.3,-4.8,-0.2,12800562,12800562,0,0,0,0,0
Chris Chiozza,PG,23,Houston Rockets,7,33,7.0,0.375,0.625,0.0,3.3,10.3,6.7,16.1,1.5,2.6,11.1,11.8,0.0,0.0,0.0,0.023,-4.5,-0.2,-4.7,0.0,137376,137376,1416852,1663861,0,0,0
Marquese Chriss,PF,21,Cleveland Cavaliers,27,395,10.7,0.47,0.39,0.26,8.9,23.8,16.0,6.1,1.9,1.5,12.9,20.7,-0.3,0.2,0.0,-0.003,-3.7,-1.7,-5.4,-0.3,3206160,3206160,0,0,0,0,0
Gary Clark,PF,24,Houston Rockets,51,641,9.2,0.48,0.914,0.046,4.1,16.2,10.0,3.8,1.5,3.5,4.3,10.9,0.3,0.7,1.0,0.071,-2.4,0.6,-1.8,0.0,2013724,596872,1416852,1663861,0,0,0
Ian Clark,SG,27,New Orleans Pelicans,60,973,8.3,0.502,0.527,0.09699999999999999,1.4,8.0,4.7,12.9,1.1,0.7,12.7,19.3,-0.4,0.3,-0.1,-0.003,-2.2,-2.9,-5.1,-0.8,1757429,1757429,0,0,0,0,0
Jordan Clarkson,SG,26,Cleveland Cavaliers,81,2214,16.8,0.539,0.377,0.163,3.9,9.9,6.8,15.6,1.3,0.5,9.6,27.6,1.9,-0.1,1.8,0.039,1.5,-3.5,-2.0,0.0,25937500,12500000,13437500,0,0,0,0
John Collins,PF,21,Atlanta Hawks,61,1829,21.8,0.627,0.19,0.32,12.3,22.1,17.1,11.0,0.6,1.8,11.2,23.7,5.0,1.0,6.0,0.158,2.6,-1.2,1.4,1.6,4985640,2299080,2686560,4137302,0,0,0
Zach Collins,C,21,Portland Trail Blazers,77,1356,13.5,0.562,0.303,0.315,8.8,16.5,12.7,7.1,0.9,3.9,14.5,16.6,1.4,1.5,2.9,0.10400000000000001,-0.9,1.0,0.1,0.7,7869120,3628920,4240200,5406255,0,0,0
Darren Collison,PG,31,Indiana Pacers,76,2143,16.7,0.574,0.294,0.28800000000000003,1.9,9.9,6.0,29.9,2.5,0.4,14.4,17.7,3.9,2.9,6.8,0.153,1.2,0.0,1.2,1.8,10000000,10000000,0,0,0,0,0
Mike Conley,PG,31,Memphis Grizzlies,70,2342,21.4,0.569,0.38,0.363,1.9,9.7,5.7,33.4,2.0,0.9,9.1,27.3,5.7,2.3,8.0,0.16399999999999998,4.8,-1.3,3.4,3.2,30521116,30521116,32511623,34504132,0,0,0
Pat Connaughton,SG,26,Milwaukee Bucks,61,1261,13.6,0.573,0.5710000000000001,0.114,5.2,15.0,10.4,12.6,1.2,1.7,8.2,13.3,2.0,1.9,3.9,0.149,0.4,1.2,1.6,1.2,3364050,1641000,1723050,0,0,0,0
Quinn Cook,PG,25,Golden State Warriors,74,1059,13.1,0.565,0.456,0.059000000000000004,2.3,13.0,7.9,15.2,0.9,0.2,10.0,20.2,1.0,0.8,1.8,0.08199999999999999,-0.2,-2.7,-2.9,-0.2,1544951,1544951,0,0,0,0,0
DeMarcus Cousins,C,28,Golden State Warriors,30,771,21.4,0.562,0.256,0.38799999999999996,6.2,27.0,17.1,20.4,2.5,4.8,14.2,28.1,0.9,1.5,2.4,0.151,0.2,3.4,3.6,1.1,5337000,5337000,0,0,0,0,0
Robert Covington,SF,28,Minnesota Timberwolves,22,763,14.7,0.58,0.604,0.26899999999999996,2.9,14.9,8.8,5.8,3.1,2.7,8.4,16.5,0.9,0.9,1.8,0.114,1.4,1.6,3.0,1.0,46879127,10464092,11301219,12138345,12975471,0,0
Allen Crabbe,SG,26,Brooklyn Nets,43,1133,7.7,0.519,0.6940000000000001,0.15,1.5,12.2,6.9,5.8,1.0,0.9,10.4,16.4,-0.2,1.0,0.8,0.035,-1.9,-0.5,-2.5,-0.1,18500000,18500000,18500000,0,0,0,0
Torrey Craig,SF,28,Denver Nuggets,75,1503,10.4,0.547,0.519,0.193,6.4,12.6,9.5,6.3,1.2,2.7,10.1,12.4,1.4,1.7,3.0,0.096,-1.0,0.9,-0.1,0.7,4100000,2000000,2100000,0,0,0,0
Jamal Crawford,SG,38,Phoenix Suns,64,1211,11.7,0.522,0.461,0.251,0.7,7.2,3.9,27.7,1.3,0.8,16.9,20.8,0.1,0.0,0.2,0.006,-2.0,-4.1,-6.0,-1.2,0,2393887,0,0,0,0,0
Mitch Creek,SF,26,Brooklyn Nets,4,36,21.5,0.573,0.1,0.7,14.6,14.5,14.6,20.2,1.3,0.0,0.0,15.3,0.2,0.0,0.2,0.258,3.2,0.0,3.2,0.0,94742,94742,0,0,0,0,0
Jae Crowder,SF,28,Utah Jazz,80,2166,12.1,0.5379999999999999,0.655,0.247,3.1,15.9,9.6,8.9,1.4,1.1,8.8,19.1,1.3,3.1,4.4,0.09699999999999999,0.0,0.4,0.4,1.3,7305825,7305825,7815533,0,0,0,0
Dante Cunningham,PF,31,San Antonio Spurs,64,928,10.2,0.585,0.41100000000000003,0.114,5.7,16.3,11.0,6.8,1.4,1.2,11.7,8.9,1.0,0.9,1.9,0.09699999999999999,-1.0,0.8,-0.1,0.4,2500000,2500000,0,0,0,0,0
Seth Curry,SG,28,Portland Trail Blazers,74,1399,11.4,0.595,0.54,0.11199999999999999,2.1,6.9,4.6,6.5,1.2,0.7,11.1,16.6,1.5,0.9,2.4,0.08199999999999999,0.5,-1.8,-1.3,0.2,2795000,2795000,0,0,0,0,0
Stephen Curry,PG,30,Golden State Warriors,69,2331,24.4,0.6409999999999999,0.604,0.214,2.2,14.2,8.4,24.2,1.9,0.9,11.6,30.4,7.2,2.5,9.7,0.19899999999999998,7.7,-1.4,6.3,4.9,166476240,37457154,40231758,43006362,45780966,0,0
Troy Daniels,SG,27,Phoenix Suns,51,760,9.8,0.5579999999999999,0.705,0.084,1.9,8.9,5.3,5.0,1.6,0.5,8.7,17.6,0.2,0.1,0.3,0.02,-1.0,-3.4,-4.4,-0.5,3258539,3258539,0,0,0,0,0
Anthony Davis,C,25,New Orleans Pelicans,56,1850,30.3,0.597,0.141,0.42200000000000004,9.9,27.5,18.8,19.0,2.2,6.0,8.4,29.5,6.4,3.1,9.5,0.247,4.7,3.9,8.5,4.9,25434263,25434263,27093019,28751775,0,0,0
Deyonta Davis,C,22,Atlanta Hawks,9,118,15.6,0.682,0.045,0.455,8.7,23.7,16.0,5.8,1.2,3.7,10.2,10.1,0.3,0.1,0.4,0.145,-1.7,1.0,-0.7,0.0,196553,196553,1645357,0,0,0,0
Ed Davis,C,29,Brooklyn Nets,81,1446,17.3,0.632,0.006999999999999999,0.536,15.8,34.6,25.2,6.0,1.2,1.8,14.6,12.7,3.3,2.5,5.7,0.191,-1.4,1.7,0.4,0.9,4449000,4449000,0,0,0,0,0
Dewayne Dedmon,C,29,Atlanta Hawks,64,1609,16.0,0.602,0.413,0.215,6.7,25.0,15.7,8.1,2.0,3.8,12.7,16.7,2.1,1.9,4.0,0.11900000000000001,-0.4,1.7,1.3,1.3,7200000,7200000,0,0,0,0,0
Sam Dekker,PF,24,Washington Wizards,38,619,13.2,0.514,0.23600000000000002,0.17300000000000001,7.6,12.6,10.1,8.4,2.1,1.0,7.8,16.6,0.4,0.4,0.8,0.059000000000000004,-1.6,-0.9,-2.5,-0.1,2760095,2760095,0,0,0,0,0
Matthew Dellavedova,PG,28,Cleveland Cavaliers,36,715,11.5,0.537,0.534,0.215,0.9,9.9,5.2,31.3,0.8,0.2,18.9,18.4,0.5,-0.1,0.4,0.026000000000000002,-0.8,-4.3,-5.1,-0.6,19215000,9607500,9607500,0,0,0,0
Luol Deng,SF,33,Minnesota Timberwolves,22,392,14.6,0.588,0.373,0.297,5.4,14.6,10.0,6.5,1.8,1.7,9.5,15.8,0.5,0.3,0.8,0.10099999999999999,-0.2,-0.5,-0.6,0.1,2393887,2393887,0,0,0,0,0
DeMar DeRozan,SG,29,San Antonio Spurs,77,2688,19.6,0.542,0.034,0.336,2.2,16.4,9.4,27.6,1.6,1.1,11.7,27.9,3.6,2.6,6.3,0.11199999999999999,0.4,0.5,0.9,2.0,55479950,27739975,27739975,27739975,0,0,0
Cheick Diallo,PF,22,New Orleans Pelicans,64,896,17.5,0.644,0.015,0.247,8.8,29.3,19.2,5.1,1.5,3.0,14.0,16.0,1.4,1.2,2.6,0.14,-2.1,0.5,-1.6,0.1,1544951,1544951,0,0,0,0,0
Hamidou Diallo,SG,20,Oklahoma City Thunder,51,526,10.1,0.49700000000000005,0.145,0.358,7.2,12.0,9.5,4.4,1.9,1.6,10.7,16.6,0.1,0.7,0.8,0.069,-4.3,-0.3,-4.7,-0.4,2255316,838464,1416852,1663861,0,0,0
Gorgui Dieng,C,29,Minnesota Timberwolves,76,1031,18.1,0.5720000000000001,0.149,0.281,8.3,24.1,16.1,10.3,2.2,3.4,11.9,19.6,1.5,1.3,2.8,0.132,-0.9,1.4,0.5,0.7,48687640,15170787,16229213,17287640,0,0,0
Spencer Dinwiddie,PG,25,Brooklyn Nets,68,1914,16.3,0.58,0.447,0.43,1.4,7.6,4.6,25.6,1.0,0.7,13.4,24.9,3.5,1.4,4.8,0.121,1.9,-2.1,-0.2,0.8,23656092,1656092,10600000,11400000,12300000,0,0
Donte DiVincenzo,SG,22,Milwaukee Bucks,27,411,9.1,0.507,0.669,0.09699999999999999,4.2,11.4,8.0,9.7,1.5,1.2,12.8,15.1,0.0,0.6,0.6,0.069,-1.9,0.1,-1.8,0.0,5386800,2481000,2905800,3044160,4675830,0,0
Luka Dončić,SG,19,Dallas Mavericks,72,2318,19.6,0.545,0.433,0.409,4.0,21.9,13.0,31.6,1.6,0.9,15.0,30.5,2.1,2.8,4.9,0.10099999999999999,2.9,1.2,4.1,3.6,14244000,6560640,7683360,8049360,10174391,0,0
Tyler Dorsey,SG,22,Memphis Grizzlies,21,447,13.1,0.541,0.531,0.2,4.4,13.3,8.8,14.2,0.8,0.2,8.2,20.7,0.4,0.3,0.7,0.073,0.2,-2.3,-2.1,0.0,1378242,1378242,0,0,0,0,0
Damyean Dotson,SG,24,New York Knicks,73,2004,10.8,0.526,0.49,0.14,1.7,12.2,6.8,10.4,1.4,0.4,8.7,17.3,0.7,0.9,1.5,0.037000000000000005,-0.9,-1.4,-2.3,-0.2,2996762,1378242,1618520,0,0,0,0
Goran Dragić,PG,32,Miami Heat,36,991,13.9,0.517,0.379,0.233,2.1,9.8,6.0,27.3,1.5,0.5,12.9,23.7,0.6,1.0,1.6,0.079,0.1,-1.3,-1.2,0.2,37327075,18109175,19217900,0,0,0,0
Andre Drummond,C,25,Detroit Pistons,79,2647,23.4,0.555,0.036000000000000004,0.392,16.8,34.7,25.4,7.2,2.5,4.4,12.4,22.9,4.1,5.9,10.0,0.18100000000000002,-0.7,3.6,2.9,3.3,52527282,25434263,27093019,28751775,0,0,0
Jared Dudley,PF,33,Brooklyn Nets,59,1220,7.8,0.5539999999999999,0.632,0.192,2.9,10.4,6.7,9.2,1.4,1.0,14.2,10.4,0.6,1.2,1.8,0.07,-1.7,1.0,-0.7,0.4,9530000,9530000,0,0,0,0,0
Kris Dunn,PG,24,Chicago Bulls,46,1389,12.4,0.484,0.19,0.136,1.5,13.3,7.3,30.0,2.4,1.3,16.2,20.1,-0.5,1.2,0.6,0.022000000000000002,-2.0,0.3,-1.8,0.1,9569007,4221000,5348007,0,0,0,0
Kevin Durant,SF,30,Golden State Warriors,78,2702,24.2,0.631,0.281,0.366,1.4,17.5,9.8,26.2,1.0,2.6,12.3,29.0,8.6,2.9,11.5,0.204,4.2,0.1,4.3,4.3,30000000,30000000,0,0,0,0,0
Henry Ellenson,PF,22,Detroit Pistons,2,25,14.8,0.551,0.4,0.2,0.0,40.9,19.7,6.2,0.0,0.0,0.0,18.8,0.0,0.0,0.1,0.149,-3.7,-2.9,-6.6,0.0,1857480,1857480,0,0,0,0,0
Henry Ellenson,PF,22,New York Knicks,17,234,12.9,0.536,0.4,0.271,2.2,23.8,12.7,10.0,1.4,0.7,8.6,19.0,0.1,0.2,0.3,0.07,-2.3,-1.4,-3.8,-0.1,427289,427289,0,0,0,0,0
Wayne Ellington,SG,31,Detroit Pistons,28,764,12.5,0.584,0.795,0.121,1.1,7.7,4.3,8.6,1.9,0.3,8.3,17.7,0.9,0.7,1.6,0.102,1.7,-1.1,0.6,0.5,2383076,2383076,0,0,0,0,0
Joel Embiid,C,24,Philadelphia 76ers,64,2154,26.1,0.593,0.21899999999999997,0.541,8.1,34.0,21.4,18.4,1.0,4.4,13.2,33.3,4.9,3.8,8.7,0.19399999999999998,2.0,2.1,4.1,3.3,25467250,25467250,27270000,29290000,31310000,33330000,0
James Ennis,SF,28,Philadelphia 76ers,18,281,9.9,0.51,0.434,0.27699999999999997,8.9,15.4,12.2,6.7,0.5,2.0,10.6,15.5,0.2,0.2,0.4,0.071,-2.0,-1.2,-3.2,-0.1,3504282,1621415,0,0,0,0,0
Jacob Evans,SG,21,Golden State Warriors,30,204,3.5,0.374,0.28300000000000003,0.019,3.3,9.5,6.5,13.7,1.2,1.2,17.1,13.5,-0.3,0.2,-0.1,-0.03,-5.9,-0.9,-6.9,-0.3,3570120,1644240,1925880,2017320,3641263,0,0
Tyreke Evans,SG,29,Indiana Pacers,69,1402,11.5,0.483,0.327,0.242,2.7,13.0,7.9,17.5,2.0,1.1,13.9,26.4,-1.7,2.0,0.3,0.01,-3.1,-0.5,-3.6,-0.6,12400000,12400000,0,0,0,0,0
Dante Exum,PG,23,Utah Jazz,42,664,11.2,0.516,0.257,0.35700000000000004,2.7,8.3,5.5,24.1,1.0,0.6,15.7,21.3,0.2,0.7,1.0,0.069,-2.6,-1.4,-4.0,-0.3,27300000,9600000,9600000,9600000,0,0,0
Kenneth Faried,C,29,Brooklyn Nets,12,118,20.5,0.622,0.11900000000000001,0.381,13.4,25.7,19.6,2.8,0.8,2.7,10.9,19.6,0.2,0.2,0.4,0.168,-2.0,-1.5,-3.5,0.0,13764045,13764045,0,0,0,0,0
Kenneth Faried,C,29,Houston Rockets,25,610,21.8,0.622,0.09,0.37200000000000005,14.6,23.0,18.7,4.9,1.2,2.6,9.4,20.4,1.8,0.7,2.5,0.198,0.1,-0.9,-0.7,0.2,917272,917272,0,0,0,0,0
Derrick Favors,C,27,Utah Jazz,76,1766,21.8,0.624,0.126,0.368,12.9,21.3,17.2,8.0,1.5,4.8,10.5,19.4,4.4,3.5,7.9,0.215,1.1,3.2,4.3,2.8,16000000,16900000,16900000,0,0,0,0
Cristiano Felício,C,26,Chicago Bulls,60,746,13.4,0.568,0.022000000000000002,0.408,11.4,20.5,15.9,7.2,0.7,0.8,13.5,14.3,0.9,0.4,1.4,0.08800000000000001,-2.5,-1.1,-3.5,-0.3,24156500,8470980,8156500,7529020,0,0,0
Raymond Felton,PG,34,Oklahoma City Thunder,33,379,11.2,0.505,0.452,0.096,1.1,8.4,4.6,18.7,1.2,1.3,9.0,16.6,0.3,0.4,0.7,0.087,-2.3,-1.9,-4.2,-0.2,2393887,2393887,0,0,0,0,0
Terrance Ferguson,SG,20,Oklahoma City Thunder,74,1931,6.4,0.5660000000000001,0.6729999999999999,0.11800000000000001,1.7,6.0,3.8,4.8,1.0,0.7,9.4,10.6,1.2,1.6,2.8,0.07,-1.5,-0.5,-1.9,0.0,4594680,2118840,2475840,3944013,0,0,0
Yogi Ferrell,PG,25,Sacramento Kings,71,1067,12.7,0.55,0.423,0.19,1.2,9.5,5.3,17.0,1.6,0.3,9.5,16.3,1.3,0.6,1.9,0.087,-0.5,-1.8,-2.3,-0.1,6150000,3000000,3150000,0,0,0,0
Dorian Finney-Smith,SF,25,Dallas Mavericks,81,1985,11.0,0.53,0.48100000000000004,0.195,7.5,13.4,10.5,6.9,1.7,1.5,11.4,14.0,1.2,2.0,3.3,0.079,-1.0,1.1,0.2,1.1,13544951,1544951,0,0,0,0,0
Bryn Forbes,SG,25,San Antonio Spurs,82,2293,12.0,0.586,0.522,0.099,0.9,10.4,5.7,10.6,1.0,0.1,8.8,17.4,2.5,1.3,3.8,0.079,1.0,-1.7,-0.7,0.7,6000000,3125000,2875000,0,0,0,0
Evan Fournier,SG,26,Orlando Magic,81,2553,12.3,0.536,0.42100000000000004,0.159,1.6,9.4,5.4,17.6,1.4,0.4,11.9,22.1,0.8,2.5,3.2,0.061,-0.4,-1.1,-1.5,0.3,34000000,17000000,17000000,17000000,0,0,0
De'Aaron Fox,PG,21,Sacramento Kings,81,2546,18.1,0.544,0.21100000000000002,0.37799999999999995,1.7,10.8,6.2,33.2,2.4,1.5,15.0,24.5,3.2,2.5,5.6,0.106,1.1,0.0,1.1,2.0,11863680,5470920,6392760,8099627,0,0,0
Melvin Frazier,SG,22,Orlando Magic,10,44,1.2,0.33,0.28600000000000003,0.19,7.2,4.9,6.1,3.3,1.1,0.0,4.2,23.5,-0.2,0.0,-0.1,-0.133,-8.4,-4.5,-12.9,-0.1,2466852,1050000,1416852,1663861,0,0,0
Tim Frazier,PG,28,New Orleans Pelicans,47,909,11.6,0.552,0.395,0.21,3.7,11.8,7.8,28.0,1.3,0.4,22.0,12.3,1.1,0.4,1.5,0.081,-0.9,-1.3,-2.2,0.0,1621415,1621415,0,0,0,0,0
Tim Frazier,PG,28,Milwaukee Bucks,12,211,11.8,0.523,0.364,0.19699999999999998,4.6,10.0,7.5,26.0,1.1,0.4,18.2,17.4,0.2,0.3,0.4,0.09699999999999999,-1.7,-1.0,-2.7,0.0,205098,205098,0,0,0,0,0
Jimmer Fredette,SG,29,Phoenix Suns,6,65,3.6,0.348,0.44799999999999995,0.207,1.7,10.4,6.0,17.5,2.2,0.0,13.6,24.2,-0.2,0.0,-0.2,-0.166,-7.6,-3.5,-11.1,-0.1,198580,198580,0,0,0,0,0
Channing Frye,C,35,Cleveland Cavaliers,36,341,8.9,0.524,0.675,0.12,1.2,16.4,8.5,8.6,0.9,1.3,9.5,17.5,0.1,0.0,0.1,0.016,-1.9,-2.9,-4.8,-0.2,2393887,2393887,0,0,0,0,0
Danilo Gallinari,SF,30,Los Angeles Clippers,68,2059,21.0,0.633,0.42100000000000004,0.45899999999999996,2.9,18.1,10.7,13.2,1.1,0.9,8.5,23.8,6.4,1.8,8.2,0.191,4.2,-1.2,2.9,2.6,21587579,21587579,22615559,0,0,0,0
Langston Galloway,SG,27,Detroit Pistons,80,1745,10.7,0.534,0.647,0.16399999999999998,3.0,7.9,5.4,7.3,1.0,0.4,3.7,16.1,2.1,1.3,3.4,0.094,0.2,-1.6,-1.3,0.3,14333333,7000000,7333333,0,0,0,0
Billy Garrett,SG,24,New York Knicks,4,63,9.8,0.452,0.29600000000000004,0.14800000000000002,0.0,5.1,2.5,18.0,0.8,1.3,6.5,20.9,0.0,0.0,0.0,-0.019,-4.0,-4.4,-8.4,-0.1,42634,42634,0,0,0,0,0
Marc Gasol,C,34,Toronto Raptors,26,648,16.0,0.565,0.278,0.278,4.1,24.0,14.3,21.2,1.8,2.9,14.6,16.3,0.9,1.2,2.1,0.157,-0.3,3.5,3.2,0.9,49714725,24119025,25595700,0,0,0,0
Pau Gasol,C,38,San Antonio Spurs,27,330,18.0,0.544,0.114,0.43200000000000005,7.3,34.4,21.0,20.2,0.7,3.6,11.8,15.8,0.6,0.5,1.1,0.16,-1.4,2.8,1.5,0.3,20200000,15100000,5100000,0,0,0,0
Pau Gasol,C,38,Milwaukee Bucks,3,30,1.7,0.29100000000000004,0.5,0.33299999999999996,0.0,31.9,16.9,7.7,0.0,2.8,22.5,12.4,-0.1,0.1,0.0,-0.063,-10.7,1.6,-9.1,-0.1,527467,527467,0,0,0,0,0
Rudy Gay,PF,32,San Antonio Spurs,69,1842,17.5,0.583,0.247,0.19699999999999998,3.8,23.9,13.9,14.7,1.4,1.6,12.3,22.1,2.2,2.2,4.4,0.115,0.2,0.8,1.0,1.4,38087200,10087200,0,0,0,0,0
Paul George,SF,28,Oklahoma City Thunder,77,2841,23.3,0.583,0.469,0.335,3.7,19.6,11.4,17.7,2.8,1.0,10.0,29.5,7.0,4.9,11.9,0.201,4.7,0.7,5.5,5.3,30560700,30560700,33005556,35450412,37895268,0,0
Taj Gibson,PF,33,Minnesota Timberwolves,70,1686,17.8,0.612,0.063,0.33,10.8,18.3,14.5,7.3,1.5,2.0,10.6,17.2,3.7,1.4,5.1,0.14400000000000002,0.8,0.2,1.0,1.3,14000000,14000000,0,0,0,0,0
Harry Giles,PF,20,Sacramento Kings,58,820,14.4,0.526,0.017,0.261,8.1,20.1,14.0,15.2,1.8,2.3,15.8,23.2,0.0,1.0,1.0,0.055999999999999994,-3.0,0.9,-2.1,0.0,4785840,2207040,2578800,3976510,0,0,0
Shai Gilgeous-Alexander,PG,20,Los Angeles Clippers,82,2174,13.4,0.5539999999999999,0.19399999999999998,0.272,2.9,8.3,5.7,17.8,2.1,1.6,15.0,18.3,1.5,1.9,3.3,0.07400000000000001,-0.6,0.2,-0.3,0.9,3375360,3375360,3952920,4141320,5495532,0,0
Rudy Gobert,C,26,Utah Jazz,81,2577,24.6,0.682,0.0,0.733,13.2,30.2,21.9,9.6,1.2,5.8,12.1,17.8,8.7,5.7,14.4,0.268,2.0,5.1,7.0,5.9,74775281,23241573,25008427,26525281,0,0,0
Aaron Gordon,PF,23,Orlando Magic,78,2633,15.1,0.5379999999999999,0.332,0.242,5.2,18.4,11.7,16.6,1.1,1.8,12.3,21.8,1.8,3.3,5.1,0.09300000000000001,-0.2,1.2,1.0,2.0,76000000,21590909,19863636,18136364,16409091,0,0
Eric Gordon,SG,30,Houston Rockets,68,2158,12.2,0.5489999999999999,0.64,0.162,0.9,6.9,3.8,9.4,0.9,1.1,8.2,22.0,1.7,1.0,2.6,0.059000000000000004,0.0,-2.9,-2.9,-0.5,27558105,13500375,14057730,0,0,0,0
Marcin Gortat,C,34,Los Angeles Clippers,47,751,12.8,0.562,0.0,0.258,9.8,26.5,18.4,12.0,0.4,2.5,19.4,14.4,0.6,0.8,1.4,0.08900000000000001,-2.5,1.4,-1.1,0.2,13565218,13565218,0,0,0,0,0
Devonte' Graham,PG,23,Charlotte Hornets,46,676,10.3,0.45899999999999996,0.56,0.213,1.6,8.6,5.0,24.8,1.7,0.3,11.3,17.0,0.2,0.3,0.5,0.035,-1.6,-2.7,-4.3,-0.4,2405316,988464,1416852,1663861,0,0,0
Treveon Graham,SG,25,Brooklyn Nets,35,715,6.1,0.45799999999999996,0.67,0.115,3.4,12.3,7.9,6.5,0.9,0.8,7.8,12.8,-0.1,0.6,0.5,0.033,-2.8,-0.1,-2.9,-0.2,1512601,1512601,1645357,0,0,0,0
Jerami Grant,PF,24,Oklahoma City Thunder,80,2612,13.8,0.5920000000000001,0.35600000000000004,0.26899999999999996,3.7,13.1,8.2,4.2,1.1,3.2,6.8,15.4,4.0,3.3,7.3,0.134,-0.6,0.9,0.3,1.5,8653847,8653847,9346153,9346153,0,0,0
Jerian Grant,PG,26,Orlando Magic,60,939,10.8,0.526,0.5,0.182,2.1,9.1,5.6,22.4,2.3,0.5,17.7,13.4,0.5,1.1,1.7,0.085,-1.9,-0.1,-2.0,0.0,2639314,2639314,0,0,0,0,0
Danny Green,SG,31,Toronto Raptors,80,2216,13.0,0.632,0.69,0.07,3.0,12.2,7.7,7.7,1.6,2.0,10.4,14.1,3.0,2.9,5.9,0.128,1.7,1.2,2.9,2.7,10000000,10000000,0,0,0,0,0
Draymond Green,PF,28,Golden State Warriors,66,2065,12.9,0.526,0.391,0.21600000000000003,3.2,20.8,12.4,26.8,2.2,2.8,26.8,13.1,1.1,3.2,4.3,0.1,-1.4,3.4,2.0,2.1,36008695,17469565,18539130,0,0,0,0
Gerald Green,SG,33,Houston Rockets,73,1473,11.4,0.555,0.763,0.11800000000000001,2.2,11.7,6.8,4.1,1.1,1.6,8.3,19.5,0.9,1.0,1.9,0.061,-0.8,-2.6,-3.4,-0.5,4958640,2393887,0,0,0,0,0
JaMychal Green,PF,28,Los Angeles Clippers,24,471,14.3,0.6,0.488,0.128,7.4,27.3,17.7,4.3,1.2,1.3,11.7,17.6,0.5,0.6,1.1,0.113,-0.4,-1.3,-1.7,0.0,12633667,7866667,0,0,0,0,0
Jeff Green,PF,32,Washington Wizards,77,2097,13.6,0.608,0.466,0.3,2.9,13.3,8.0,9.2,1.0,1.6,11.5,17.8,2.8,0.8,3.6,0.083,0.2,-1.4,-1.2,0.4,2393887,2393887,0,0,0,0,0
Blake Griffin,PF,29,Detroit Pistons,75,2622,21.0,0.581,0.389,0.41,4.0,20.1,11.8,27.1,1.0,0.9,13.8,30.2,5.1,2.9,8.0,0.147,4.2,0.4,4.6,4.4,102919892,32088932,34234964,36595996,38957028,0,0
Daniel Hamilton,SG,23,Atlanta Hawks,19,204,7.1,0.455,0.38299999999999995,0.1,5.0,19.5,12.1,14.5,1.4,0.4,20.3,15.7,-0.2,0.1,-0.1,-0.024,-5.0,-0.9,-5.8,-0.2,1349383,1349383,0,0,0,0,0
Dusty Hannahs,SG,25,Memphis Grizzlies,2,26,4.5,0.311,0.41700000000000004,0.16699999999999998,0.0,4.4,2.2,28.8,1.9,0.0,7.2,23.9,-0.1,0.0,-0.1,-0.125,-7.2,-5.1,-12.2,-0.1,47371,47371,0,0,0,0,0
Tim Hardaway,SG,26,Dallas Mavericks,19,558,11.6,0.514,0.524,0.161,1.4,10.3,5.9,10.9,1.0,0.3,7.7,23.9,0.0,0.4,0.4,0.03,-0.8,-2.5,-3.3,-0.2,35475000,17325000,18150000,18975000,0,0,0
James Harden,PG,29,Houston Rockets,78,2867,30.6,0.616,0.539,0.449,2.5,17.8,10.0,39.5,2.7,1.7,14.5,40.5,11.4,3.8,15.2,0.254,10.5,1.1,11.7,9.9,152903854,30431854,37800000,40824000,43848000,46872000,0
Maurice Harkless,SF,25,Portland Trail Blazers,60,1415,13.2,0.547,0.309,0.188,5.9,14.1,10.1,7.1,2.3,3.0,9.7,13.9,1.5,1.9,3.4,0.114,-0.1,2.3,2.2,1.5,10837079,10837079,11511234,0,0,0,0
Montrezl Harrell,C,25,Los Angeles Clippers,82,2158,23.4,0.636,0.019,0.466,9.3,16.7,13.1,12.5,1.6,4.0,11.0,23.5,6.1,2.6,8.7,0.193,2.6,1.6,4.2,3.4,12000000,6000000,6000000,0,0,0,0
Devin Harris,PG,35,Dallas Mavericks,68,1071,10.7,0.527,0.5760000000000001,0.386,1.2,9.9,5.6,16.7,1.6,1.3,12.1,18.5,0.6,0.9,1.5,0.068,-1.3,-0.9,-2.2,-0.1,2393887,2393887,0,0,0,0,0
Gary Harris,SG,24,Denver Nuggets,57,1639,12.2,0.526,0.38,0.226,2.7,7.9,5.3,11.0,1.6,1.0,8.9,20.0,1.1,1.5,2.6,0.076,-0.7,-1.0,-1.8,0.1,74000000,16517857,17839286,19160714,20482143,0,0
Joe Harris,SG,27,Brooklyn Nets,76,2293,13.5,0.645,0.516,0.17800000000000002,2.4,10.9,6.7,11.9,0.8,0.6,13.0,17.0,3.8,1.7,5.5,0.11599999999999999,1.4,-0.5,1.0,1.7,16003333,8333333,7670000,0,0,0,0
Tobias Harris,PF,26,Philadelphia 76ers,27,944,15.3,0.562,0.33799999999999997,0.221,3.7,19.7,11.9,12.6,0.6,1.1,8.8,21.3,1.2,0.9,2.1,0.105,0.1,-0.8,-0.7,0.3,194800000,14800000,0,0,0,0,0
Shaquille Harrison,PG,25,Chicago Bulls,73,1430,12.4,0.494,0.209,0.289,2.5,14.5,8.4,14.1,3.0,1.8,11.1,16.5,-0.1,1.6,1.4,0.048,-2.7,1.4,-1.3,0.2,1486265,1311265,0,0,0,0,0
Josh Hart,SG,23,Los Angeles Lakers,67,1715,9.3,0.526,0.591,0.172,2.2,12.6,7.5,7.0,1.7,1.9,10.4,13.5,0.2,1.9,2.1,0.059000000000000004,-1.8,1.1,-0.7,0.6,1655160,1655160,1934160,3491159,0,0,0
Isaiah Hartenstein,PF,20,Houston Rockets,28,221,10.0,0.562,0.146,0.341,10.3,13.3,11.8,9.4,1.6,4.6,21.6,11.8,0.2,0.3,0.5,0.10099999999999999,-3.0,2.4,-0.6,0.1,838464,838464,1416852,1663861,0,0,0
Udonis Haslem,C,38,Miami Heat,10,74,3.6,0.36,0.364,0.121,4.3,34.5,19.4,4.0,0.0,0.0,7.9,21.9,-0.2,0.1,-0.1,-0.075,-10.2,-3.9,-14.1,-0.2,2393887,2393887,0,0,0,0,0
Gordon Hayward,PF,28,Boston Celtics,72,1863,15.6,0.575,0.364,0.294,2.9,15.5,9.2,18.4,1.6,1.1,12.8,19.0,2.6,2.3,4.9,0.126,0.1,0.4,0.5,1.2,63914985,31214295,32700690,34187085,0,0,0
Juan Hernangómez,PF,23,Denver Nuggets,70,1358,11.0,0.58,0.5760000000000001,0.27399999999999997,5.1,16.1,10.6,5.3,1.0,1.6,9.5,12.2,1.6,1.4,3.0,0.105,-0.9,0.0,-0.9,0.4,5487390,2166360,3321030,0,0,0,0
Willy Hernangómez,C,24,Charlotte Hornets,58,812,20.4,0.5870000000000001,0.132,0.488,15.3,26.3,20.7,11.5,1.0,2.1,13.9,22.1,1.8,0.8,2.6,0.153,0.2,-0.4,-0.2,0.4,1544951,1544951,1676700,0,0,0,0
Mario Hezonja,SF,23,New York Knicks,58,1206,10.8,0.49700000000000005,0.32799999999999996,0.24600000000000002,2.4,18.7,10.4,11.5,2.3,0.6,14.6,21.3,-1.1,1.1,-0.1,-0.003,-3.6,-0.4,-4.0,-0.6,6500000,6500000,0,0,0,0,0
Buddy Hield,SG,26,Sacramento Kings,82,2615,17.5,0.5870000000000001,0.479,0.142,4.1,12.4,8.1,11.9,1.0,1.1,9.2,25.1,4.3,1.6,5.9,0.10800000000000001,3.1,-2.0,1.1,2.1,8694968,3833760,4861208,0,0,0,0
Nenê Hilário,C,36,Houston Rockets,42,546,11.9,0.552,0.026000000000000002,0.405,6.7,18.4,12.5,6.8,1.6,2.3,7.4,11.7,0.8,0.6,1.4,0.12300000000000001,-3.0,1.1,-2.0,0.0,3651480,3651480,0,0,0,0,0
George Hill,PG,32,Milwaukee Bucks,47,958,11.6,0.534,0.465,0.242,3.0,9.4,6.4,13.3,1.9,0.6,9.4,14.4,1.0,1.4,2.3,0.11699999999999999,-0.9,0.4,-0.5,0.4,40000000,19000000,1000000,0,0,0,0
Solomon Hill,SF,27,New Orleans Pelicans,44,878,6.8,0.49700000000000005,0.5670000000000001,0.18,4.1,11.5,7.8,7.6,1.2,0.9,13.9,10.4,0.1,0.4,0.5,0.028999999999999998,-2.1,-0.2,-2.3,-0.1,12252928,12252928,13258781,0,0,0,0
Aaron Holiday,PG,22,Indiana Pacers,50,646,11.9,0.518,0.485,0.191,0.9,10.4,5.8,19.3,1.6,1.8,12.3,21.9,0.1,0.8,0.9,0.065,-1.5,-1.1,-2.6,-0.1,4151160,1911960,2239200,2345640,3980551,0,0
Jrue Holiday,SG,28,New Orleans Pelicans,67,2402,19.4,0.555,0.313,0.23399999999999999,3.3,11.0,7.2,31.8,2.1,1.8,14.1,25.4,3.5,1.9,5.4,0.10800000000000001,2.9,-0.1,2.8,2.9,78238333,25976111,26131111,26131111,27020000,0,0
Justin Holiday,SG,29,Memphis Grizzlies,44,1282,8.9,0.509,0.509,0.157,2.3,11.3,6.7,7.1,2.1,1.1,12.2,16.3,-0.6,1.4,0.8,0.028999999999999998,-2.6,0.3,-2.2,-0.1,4384616,4384616,0,0,0,0,0
Rondae Hollis-Jefferson,SF,24,Brooklyn Nets,59,1234,12.5,0.46399999999999997,0.10099999999999999,0.376,7.1,19.2,13.2,11.7,1.7,1.7,10.7,21.6,-0.5,1.7,1.2,0.047,-4.3,1.2,-3.0,-0.3,2470357,2470357,0,0,0,0,0
Richaun Holmes,C,25,Phoenix Suns,70,1184,20.7,0.647,0.0,0.479,10.6,20.5,15.5,7.9,1.7,5.6,10.5,17.9,3.1,1.1,4.3,0.17300000000000001,-0.1,1.5,1.4,1.0,1600520,1600520,0,0,0,0,0
Rodney Hood,SG,26,Portland Trail Blazers,27,659,10.9,0.5489999999999999,0.387,0.18899999999999997,1.2,6.0,3.6,7.1,1.5,0.9,7.5,16.3,0.6,0.5,1.1,0.077,-0.5,-1.2,-1.7,0.0,9190887,3472887,0,0,0,0,0
Al Horford,C,32,Boston Celtics,68,1973,20.2,0.605,0.281,0.131,6.5,18.3,12.4,21.2,1.4,3.9,11.8,18.9,4.5,2.9,7.5,0.18100000000000002,2.1,2.7,4.8,3.4,28928710,28928710,0,0,0,0,0
Danuel House,SF,25,Houston Rockets,39,979,12.2,0.6459999999999999,0.706,0.282,2.8,13.3,7.9,5.9,1.1,1.0,11.0,14.1,1.6,0.7,2.3,0.113,0.4,-1.1,-0.6,0.3,11094003,94003,0,0,0,0,0
Dwight Howard,C,33,Washington Wizards,9,230,17.4,0.638,0.0,0.696,11.1,28.3,19.6,2.6,1.4,1.5,15.1,19.6,0.4,0.2,0.6,0.124,-2.9,-2.3,-5.2,-0.2,5337000,5337000,5603850,0,0,0,0
Kevin Huerter,SG,20,Atlanta Hawks,75,2048,10.1,0.5329999999999999,0.537,0.085,3.0,9.7,6.3,14.5,1.5,1.1,13.8,15.7,0.7,0.7,1.5,0.034,-0.9,-1.0,-1.9,0.1,4887240,2250960,2636280,2761920,4253357,0,0
Isaac Humphries,C,21,Atlanta Hawks,5,56,3.4,0.35700000000000004,0.524,0.0,7.4,13.4,10.3,0.0,0.8,0.0,0.0,15.2,-0.1,0.0,-0.1,-0.047,-6.5,-6.3,-12.8,-0.2,47371,47371,0,0,0,0,0
Chandler Hutchison,SF,22,Chicago Bulls,44,895,8.8,0.507,0.239,0.182,3.7,18.9,11.2,5.3,1.2,0.6,10.0,12.2,0.0,0.6,0.6,0.03,-3.9,-0.4,-4.3,-0.5,4323840,1991520,2332320,2443440,4019459,0,0
Serge Ibaka,C,29,Toronto Raptors,74,2010,18.7,0.5820000000000001,0.193,0.20199999999999999,8.6,23.2,16.1,7.7,0.7,4.3,10.7,22.9,2.8,3.3,6.1,0.146,-0.7,1.2,0.5,1.3,44938271,21666667,23271604,0,0,0,0
Andre Iguodala,SF,35,Golden State Warriors,68,1578,13.1,0.5870000000000001,0.47700000000000004,0.222,3.4,13.2,8.5,16.8,1.8,2.7,13.6,10.4,2.4,1.8,4.2,0.129,0.2,1.7,1.9,1.6,16000000,16000000,17185185,0,0,0,0
Ersan İlyasova,PF,31,Milwaukee Bucks,67,1231,11.6,0.5479999999999999,0.42,0.19399999999999998,8.2,16.2,12.5,5.5,1.2,1.4,10.4,15.7,1.2,1.9,3.0,0.11900000000000001,-1.5,0.1,-1.3,0.2,14000000,7000000,7000000,7000000,0,0,0
Joe Ingles,PF,31,Utah Jazz,82,2568,13.4,0.581,0.602,0.153,1.5,12.2,7.0,26.1,1.8,0.6,18.4,17.5,2.5,3.6,6.0,0.113,1.0,0.8,1.8,2.5,35863638,13045455,11954546,10863637,0,0,0
Andre Ingram,SG,33,Los Angeles Lakers,4,15,-11.9,0.0,0.5,0.0,7.0,6.7,6.9,0.0,3.1,0.0,14.3,19.3,-0.1,0.0,-0.1,-0.408,-16.9,-3.0,-19.9,-0.1,76236,76236,0,0,0,0,0
Brandon Ingram,SF,21,Los Angeles Lakers,52,1760,13.4,0.555,0.129,0.396,2.5,13.0,7.8,12.9,0.7,1.4,13.1,23.2,0.6,1.4,2.0,0.055,-2.2,-0.6,-2.8,-0.3,5757120,5757120,7265485,0,0,0,0
Kyrie Irving,PG,26,Boston Celtics,67,2214,24.3,0.5920000000000001,0.35,0.19699999999999998,3.4,12.7,8.1,35.0,2.2,1.4,11.3,29.6,6.2,2.9,9.1,0.19699999999999998,6.0,0.4,6.4,4.7,20099189,20099189,0,0,0,0,0
Jonathan Isaac,PF,21,Orlando Magic,75,1996,13.0,0.537,0.435,0.221,5.2,17.0,11.0,5.7,1.4,4.1,10.1,16.3,0.9,3.1,4.0,0.096,-1.9,2.0,0.1,1.1,10775520,4969080,5806440,7362566,0,0,0
Wesley Iwundu,SF,24,Orlando Magic,68,1233,8.7,0.531,0.28800000000000003,0.376,3.2,13.0,8.0,7.9,1.1,1.5,12.1,12.8,0.5,1.4,1.9,0.073,-3.4,0.7,-2.7,-0.2,2996762,1378242,1618520,0,0,0,0
Frank Jackson,PG,20,New Orleans Pelicans,61,1169,9.4,0.517,0.37799999999999995,0.163,2.2,9.5,5.9,8.0,1.0,0.1,9.1,18.5,0.1,0.4,0.4,0.018000000000000002,-2.2,-2.8,-5.0,-0.9,2996762,1378242,1618520,0,0,0,0
Jaren Jackson,PF,19,Memphis Grizzlies,58,1515,16.4,0.591,0.24100000000000002,0.33399999999999996,5.3,15.0,10.1,7.2,1.7,5.1,12.7,22.8,1.2,2.2,3.3,0.105,-1.4,1.4,0.1,0.8,12842520,5915040,6927480,7257360,9180560,0,0
Josh Jackson,SG,21,Phoenix Suns,79,1988,10.6,0.48700000000000004,0.268,0.253,3.6,15.9,9.7,14.1,1.8,2.3,15.6,23.9,-2.8,1.1,-1.7,-0.04,-4.3,-0.5,-4.8,-1.4,6041520,6041520,7059480,8930242,0,0,0
Justin Jackson,SF,23,Dallas Mavericks,29,531,13.9,0.584,0.45299999999999996,0.153,3.9,9.4,6.7,8.4,0.8,0.2,3.3,17.0,1.0,0.3,1.3,0.114,0.7,-2.1,-1.4,0.1,6088800,2807880,3280920,5029650,0,0,0
Reggie Jackson,PG,28,Detroit Pistons,82,2289,15.2,0.547,0.45,0.225,2.1,8.5,5.2,24.7,1.2,0.3,11.4,24.5,3.1,1.9,5.0,0.105,1.8,-2.0,-0.3,1.0,35130434,17043478,18086956,0,0,0,0
LeBron James,SF,34,Los Angeles Lakers,55,1937,25.6,0.588,0.299,0.382,3.1,21.3,12.4,39.4,1.7,1.4,13.3,31.6,4.7,2.6,7.2,0.179,6.2,1.9,8.1,4.9,112310573,35654150,37436858,39219565,41002273,0,0
John Jenkins,SG,27,Washington Wizards,4,14,20.5,1.5,1.0,0.0,0.0,7.9,3.9,9.9,0.0,0.0,0.0,6.1,0.1,0.0,0.1,0.20199999999999999,7.4,-5.3,2.2,0.0,99290,99290,0,0,0,0,0
John Jenkins,SG,27,New York Knicks,22,319,9.3,0.518,0.544,0.175,1.9,10.1,5.9,9.9,0.0,0.5,7.5,16.1,0.2,0.0,0.2,0.024,-2.1,-3.5,-5.6,-0.3,198580,198580,0,0,0,0,0
Jonas Jerebko,PF,31,Golden State Warriors,73,1218,13.5,0.588,0.53,0.225,6.6,18.1,12.6,10.1,1.1,1.2,9.9,15.2,2.1,1.2,3.3,0.13,0.6,-0.6,0.0,0.6,2165481,2165481,0,0,0,0,0
Alize Johnson,PF,22,Indiana Pacers,14,64,6.3,0.33299999999999996,0.125,0.5,7.1,25.5,16.5,2.0,0.8,4.2,0.0,13.3,-0.1,0.1,0.0,0.027000000000000003,-8.3,0.2,-8.1,-0.1,2255316,838464,1416852,0,0,0,0
Amir Johnson,C,31,Philadelphia 76ers,51,529,13.1,0.574,0.255,0.261,9.7,19.5,14.7,16.0,1.4,1.9,20.5,17.4,0.4,0.7,1.1,0.098,-1.4,0.6,-0.7,0.2,2393887,2393887,0,0,0,0,0
B.J. Johnson,SF,23,Atlanta Hawks,6,43,14.0,0.622,0.375,0.125,4.8,15.0,9.8,0.0,2.1,0.0,10.6,17.9,0.0,0.0,0.1,0.076,-3.1,-5.4,-8.5,-0.1,94742,94742,0,0,0,0,0
James Johnson,PF,31,Miami Heat,55,1164,10.9,0.522,0.39299999999999996,0.185,2.0,14.1,8.0,17.0,1.5,2.1,15.3,17.8,0.0,1.5,1.5,0.062,-2.5,0.9,-1.6,0.1,30001100,14651700,15349400,16047100,0,0,0
Stanley Johnson,SF,22,New Orleans Pelicans,18,247,8.9,0.496,0.374,0.14300000000000002,3.8,13.7,8.8,15.1,2.3,0.3,21.2,20.4,-0.3,0.2,-0.1,-0.027999999999999997,-3.8,-0.9,-4.7,-0.2,3940402,3940402,0,0,0,0,0
Tyler Johnson,PG,26,Phoenix Suns,13,406,12.8,0.506,0.44799999999999995,0.312,4.0,10.3,7.1,18.6,1.6,1.2,9.0,16.5,0.4,0.1,0.5,0.06,-0.4,-1.3,-1.7,0.0,38490740,19245370,19245370,0,0,0,0
Wesley Johnson,SF,31,Washington Wizards,12,157,2.0,0.37200000000000005,0.65,0.25,1.4,11.2,6.2,5.6,0.6,2.7,11.9,13.6,-0.3,0.0,-0.2,-0.075,-6.3,-1.5,-7.7,-0.2,6134520,6134520,0,0,0,0,0
Nikola Jokić,C,23,Denver Nuggets,80,2504,26.3,0.589,0.22399999999999998,0.292,9.8,27.6,18.7,37.0,2.1,1.9,15.4,27.4,7.5,4.3,11.8,0.226,5.7,3.8,9.5,7.3,142710045,24605181,26573595,28542009,30510423,32478837,0
Damian Jones,C,23,Golden State Warriors,24,410,15.3,0.72,0.0,0.5,8.4,11.0,9.8,8.7,1.4,5.1,15.1,11.1,1.0,0.5,1.5,0.17300000000000001,0.5,2.5,3.0,0.5,1544951,1544951,2305057,0,0,0,0
Derrick Jones,SF,21,Miami Heat,60,1153,14.0,0.5589999999999999,0.281,0.377,8.8,13.3,11.1,4.7,1.9,3.3,10.2,15.6,1.2,1.7,2.9,0.121,-1.3,1.5,0.2,0.6,1512601,1512601,1645357,0,0,0,0
Jemerrio Jones,SF,23,Los Angeles Lakers,6,143,12.1,0.39799999999999996,0.303,0.061,11.8,23.4,17.7,11.4,2.3,2.9,12.9,11.3,0.0,0.2,0.2,0.084,-2.9,3.7,0.8,0.1,52108,52108,1416852,0,0,0,0
Terrence Jones,PF,27,Houston Rockets,2,5,-15.8,0.225,0.5,0.25,0.0,90.3,44.2,0.0,0.0,0.0,18.4,47.2,-0.1,0.0,-0.1,-0.6609999999999999,-36.1,-16.2,-52.3,-0.1,198580,198580,0,0,0,0,0
Tyus Jones,PG,22,Minnesota Timberwolves,68,1560,13.7,0.491,0.28300000000000003,0.155,1.6,7.7,4.6,28.3,2.5,0.3,9.0,14.1,2.1,0.9,3.0,0.091,-0.3,-1.5,-1.8,0.1,2444053,2444053,0,0,0,0,0
DeAndre Jordan,C,30,New York Knicks,19,493,22.1,0.6809999999999999,0.0,0.537,13.3,33.0,22.9,18.2,0.9,3.4,21.6,16.8,1.3,0.6,1.9,0.18100000000000002,0.6,2.9,3.6,0.7,22900000,22900000,0,0,0,0,0
Cory Joseph,PG,27,Indiana Pacers,82,2063,11.0,0.474,0.312,0.078,2.1,12.6,7.5,20.7,2.2,0.9,12.4,13.7,0.5,2.9,3.5,0.081,-2.0,1.4,-0.5,0.8,7945000,7945000,0,0,0,0,0
Frank Kaminsky,C,25,Charlotte Hornets,47,755,16.8,0.5870000000000001,0.466,0.359,5.5,18.1,11.7,12.9,0.8,1.4,10.6,22.1,1.3,0.5,1.8,0.114,1.1,-1.9,-0.9,0.2,3627842,3627842,0,0,0,0,0
Enes Kanter,C,26,New York Knicks,44,1128,21.8,0.585,0.047,0.276,15.5,27.5,21.4,13.1,0.8,1.3,13.1,22.9,2.4,0.9,3.4,0.14300000000000002,1.0,-0.2,0.8,0.8,18622514,18622514,0,0,0,0,0
Enes Kanter,C,26,Portland Trail Blazers,23,512,23.5,0.614,0.055999999999999994,0.316,18.3,22.8,20.6,9.9,1.3,1.4,13.7,23.4,1.5,0.6,2.1,0.196,2.5,-0.3,2.3,0.6,653556,653556,0,0,0,0,0
Luke Kennard,SG,22,Detroit Pistons,63,1437,11.9,0.56,0.517,0.11699999999999999,0.9,13.5,7.0,12.3,0.9,0.6,9.4,18.1,1.3,1.3,2.5,0.085,-0.5,-1.0,-1.5,0.2,7102440,3275280,3827160,5273826,0,0,0
Michael Kidd-Gilchrist,PF,25,Charlotte Hornets,64,1179,13.3,0.5529999999999999,0.142,0.37,7.9,14.8,11.3,7.4,1.3,2.9,10.0,15.7,1.5,1.0,2.5,0.1,-1.7,0.4,-1.3,0.2,26000000,13000000,13000000,0,0,0,0
Maxi Kleber,PF,27,Dallas Mavericks,71,1502,13.1,0.579,0.565,0.192,6.5,16.9,11.7,6.8,1.2,4.4,11.4,13.5,1.6,1.8,3.5,0.111,-0.8,2.3,1.5,1.3,35378242,1378242,0,0,0,0,0
Brandon Knight,PG,27,Cleveland Cavaliers,27,618,10.5,0.515,0.455,0.10800000000000001,1.5,7.7,4.5,15.1,1.5,0.3,10.1,17.6,0.3,0.0,0.2,0.019,-1.0,-2.9,-3.8,-0.3,30275000,14631250,15643750,0,0,0,0
Kevin Knox,PF,19,New York Knicks,75,2158,8.7,0.475,0.39799999999999996,0.247,2.9,13.6,8.1,6.0,1.0,0.9,10.1,22.3,-2.2,0.9,-1.3,-0.03,-3.6,-2.4,-6.0,-2.2,8120040,3739920,4380120,4588680,5845978,0,0
Furkan Korkmaz,SG,21,Philadelphia 76ers,48,679,11.5,0.528,0.588,0.18,2.6,13.8,8.3,10.7,2.0,0.2,8.6,17.9,0.4,0.7,1.1,0.079,-0.8,-1.5,-2.2,0.0,1740000,1740000,0,0,0,0,0
Luke Kornet,PF,23,New York Knicks,46,784,14.8,0.531,0.682,0.163,3.6,14.6,9.0,10.5,1.7,4.5,7.6,17.9,0.6,0.7,1.4,0.083,0.1,0.6,0.7,0.5,1619000,1619000,0,0,0,0,0
Kyle Korver,SG,37,Utah Jazz,54,1083,11.2,0.569,0.722,0.14,0.9,12.2,6.7,8.6,1.0,0.7,8.9,18.7,0.8,1.3,2.0,0.091,0.1,-1.0,-1.0,0.3,7560000,7560000,3440000,0,0,0,0
Kosta Koufos,C,29,Sacramento Kings,42,502,12.3,0.47700000000000004,0.0,0.157,10.4,26.3,18.2,9.5,1.4,3.1,14.2,15.7,0.0,0.7,0.7,0.063,-4.3,1.8,-2.5,-0.1,8739500,8739500,0,0,0,0,0
Rodions Kurucs,SF,20,Brooklyn Nets,63,1294,11.0,0.545,0.41,0.205,4.6,15.4,10.0,6.0,1.5,1.5,13.6,18.4,0.1,1.5,1.6,0.059000000000000004,-2.6,0.2,-2.4,-0.1,5097708,1618320,1699236,1780152,1861068,0,0
Kyle Kuzma,PF,23,Los Angeles Lakers,70,2314,14.0,0.546,0.38799999999999996,0.23,2.7,14.1,8.5,11.5,0.8,0.9,10.0,23.8,1.2,1.9,3.1,0.065,-0.3,-1.3,-1.7,0.2,3664440,1689840,1974600,3562178,0,0,0
Skal Labissière,PF,22,Portland Trail Blazers,9,63,22.6,0.716,0.105,0.316,8.7,23.2,16.1,11.9,2.3,3.8,15.6,17.2,0.2,0.1,0.3,0.21600000000000003,1.7,2.4,4.2,0.1,3883798,1544951,2338847,0,0,0,0
Jeremy Lamb,SG,26,Charlotte Hornets,79,2250,17.3,0.552,0.337,0.266,3.1,18.1,10.4,11.9,1.9,1.2,6.8,22.5,3.3,2.0,5.3,0.113,0.6,-0.6,0.1,1.2,7488372,7488372,0,0,0,0,0
Zach LaVine,SG,23,Chicago Bulls,63,2171,18.7,0.574,0.28300000000000003,0.33,2.0,12.9,7.4,22.6,1.3,1.0,14.2,30.5,1.7,1.1,2.8,0.062,1.8,-1.7,0.0,1.1,78000000,19500000,19500000,19500000,19500000,0,0
Jake Layman,SF,24,Portland Trail Blazers,71,1327,13.5,0.594,0.42700000000000005,0.16699999999999998,4.6,12.6,8.7,5.6,1.1,1.8,9.2,15.9,1.9,1.2,3.1,0.111,0.4,-0.6,-0.3,0.6,1544951,1544951,0,0,0,0,0
T.J. Leaf,PF,21,Indiana Pacers,58,522,16.9,0.5720000000000001,0.16899999999999998,0.16899999999999998,9.3,17.1,13.3,6.9,0.8,3.2,5.8,17.5,0.9,0.7,1.6,0.14800000000000002,-1.0,0.0,-1.0,0.1,5220840,2407560,2813280,4326825,0,0,0
Courtney Lee,SG,33,Dallas Mavericks,22,268,8.3,0.47,0.47600000000000003,0.085,1.2,9.5,5.4,11.4,2.4,0.3,9.6,15.1,-0.1,0.3,0.2,0.027999999999999997,-3.3,-0.3,-3.6,-0.1,25013450,12253780,12759670,0,0,0,0
Walt Lemon,PG,26,Chicago Bulls,6,167,16.3,0.46799999999999997,0.057,0.126,2.6,15.1,8.8,30.3,3.2,0.5,9.8,26.6,-0.1,0.2,0.1,0.026000000000000002,-1.5,0.1,-1.4,0.0,99107,99107,0,0,0,0,0
Alex Len,C,25,Atlanta Hawks,77,1544,17.2,0.575,0.315,0.33299999999999996,10.5,18.5,14.4,8.6,0.8,3.9,11.5,22.1,2.2,1.0,3.2,0.1,-0.1,-0.8,-0.9,0.4,8510000,4350000,4160000,0,0,0,0
Kawhi Leonard,SF,27,Toronto Raptors,60,2040,25.8,0.606,0.267,0.377,4.2,18.6,11.6,16.4,2.5,1.0,8.4,30.3,6.1,3.4,9.5,0.22399999999999998,4.3,0.7,5.0,3.6,23114067,23114067,0,0,0,0,0
Meyers Leonard,C,26,Portland Trail Blazers,61,878,15.8,0.675,0.45899999999999996,0.21100000000000002,6.1,21.8,14.2,11.8,0.7,0.8,14.0,14.8,2.1,0.9,3.0,0.16399999999999998,1.8,-0.4,1.4,0.8,10595506,10595506,11286515,0,0,0,0
Jon Leuer,PF,29,Detroit Pistons,41,402,13.2,0.616,0.09699999999999999,0.27399999999999997,7.1,19.8,13.2,5.5,1.5,0.8,15.4,16.1,0.4,0.5,0.9,0.11,-2.9,-0.1,-3.0,-0.1,10002681,10002681,3169348,3169348,3169347,0,0
Caris LeVert,SF,24,Brooklyn Nets,40,1063,14.9,0.509,0.319,0.255,3.5,11.4,7.5,23.2,1.9,1.0,11.4,24.0,0.5,1.2,1.7,0.077,-0.3,0.1,-0.2,0.5,4328518,1702800,2625718,0,0,0,0
Damian Lillard,PG,28,Portland Trail Blazers,80,2838,23.7,0.588,0.419,0.335,2.6,11.1,7.0,30.6,1.5,1.0,10.8,29.3,9.7,2.4,12.1,0.205,6.6,-1.1,5.5,5.4,285406963,27977689,29802321,31626953,43750000,47250000,50750000
Jeremy Lin,PG,30,Atlanta Hawks,51,1003,15.9,0.594,0.342,0.435,1.6,11.0,6.2,26.7,1.8,0.6,17.6,22.6,1.5,0.4,1.9,0.092,0.1,-2.4,-2.3,-0.1,13768421,13768421,0,0,0,0,0
Jeremy Lin,PG,30,Toronto Raptors,23,433,8.2,0.46399999999999997,0.355,0.271,1.5,13.1,7.5,15.7,1.0,1.1,13.0,19.8,-0.3,0.5,0.2,0.02,-3.9,-0.6,-4.5,-0.3,697000,697000,0,0,0,0,0
Shaun Livingston,PG,33,Golden State Warriors,64,967,11.7,0.555,0.01,0.243,4.9,7.9,6.5,14.8,1.5,2.3,14.1,12.0,1.2,0.9,2.0,0.10099999999999999,-1.9,0.5,-1.5,0.1,10974358,8307692,666667,666667,666666,0,0
Kevon Looney,C,22,Golden State Warriors,80,1481,17.3,0.636,0.028999999999999998,0.303,14.6,15.4,15.0,10.9,1.5,3.0,11.5,12.8,4.2,1.8,6.0,0.19399999999999998,1.9,1.8,3.7,2.1,11196637,1567007,0,0,0,0,0
Brook Lopez,C,30,Milwaukee Bucks,81,2322,14.6,0.597,0.6509999999999999,0.16899999999999998,1.5,15.0,8.7,5.7,1.0,6.5,8.9,16.7,2.3,4.3,6.7,0.138,-0.2,2.9,2.7,2.8,55382000,3382000,0,0,0,0,0
Robin Lopez,C,30,Chicago Bulls,74,1606,15.9,0.598,0.057999999999999996,0.23,9.4,10.0,9.7,8.8,0.3,4.2,14.0,18.6,2.0,0.7,2.7,0.081,-1.0,-0.1,-1.1,0.4,14357750,14357750,0,0,0,0,0
Kevin Love,PF,30,Cleveland Cavaliers,22,598,19.5,0.561,0.519,0.40299999999999997,5.9,40.0,22.2,12.8,0.5,0.7,11.2,27.4,1.0,0.4,1.3,0.106,0.8,-2.4,-1.7,0.0,144519025,24119025,28900000,31300000,31300000,28900000,0
Kyle Lowry,PG,32,Toronto Raptors,65,2213,16.5,0.562,0.613,0.263,2.1,12.9,7.6,34.8,2.0,1.2,18.1,19.6,3.6,3.0,6.6,0.14400000000000002,2.5,0.6,3.1,2.8,64496296,31200000,33296296,0,0,0,0
Timothé Luwawu-Cabarrot,SF,23,Chicago Bulls,29,546,9.0,0.515,0.537,0.2,1.4,14.5,7.9,5.8,1.3,1.1,7.8,16.5,0.0,0.3,0.3,0.026000000000000002,-2.6,-1.6,-4.2,-0.3,1544951,1544951,0,0,0,0,0
Tyler Lydon,PF,22,Denver Nuggets,25,94,9.3,0.595,0.556,0.16699999999999998,8.0,12.7,10.4,8.2,1.0,0.0,17.2,10.6,0.1,0.1,0.2,0.086,-1.4,-1.2,-2.5,0.0,1874640,1874640,0,0,0,0,0
Trey Lyles,PF,23,Denver Nuggets,64,1120,12.7,0.5,0.40399999999999997,0.23399999999999999,4.2,19.6,11.9,11.3,1.3,1.8,11.1,23.4,-0.2,1.4,1.2,0.05,-2.6,-0.7,-3.3,-0.4,3364249,3364249,0,0,0,0,0
Scott Machado,PG,28,Los Angeles Lakers,4,19,22.2,0.7759999999999999,0.16699999999999998,0.16699999999999998,0.0,0.0,0.0,23.5,2.4,0.0,0.0,14.0,0.1,0.0,0.1,0.281,2.4,-6.8,-4.4,0.0,47371,47371,0,0,0,0,0
Shelvin Mack,PG,28,Charlotte Hornets,4,42,-6.6,0.251,0.14300000000000002,0.643,0.0,5.2,2.6,3.0,2.3,0.0,18.2,22.5,-0.3,0.0,-0.3,-0.304,-14.5,-3.0,-17.5,-0.2,2029463,2029463,0,0,0,0,0
Ian Mahinmi,C,32,Washington Wizards,34,498,12.0,0.531,0.154,0.5870000000000001,10.3,17.7,13.9,6.5,2.4,2.7,13.8,12.9,0.5,0.5,1.0,0.092,-2.3,1.3,-1.0,0.1,31394205,15944154,15450051,0,0,0,0
Thon Maker,PF,21,Detroit Pistons,29,563,10.2,0.514,0.56,0.35100000000000003,4.5,16.5,10.3,6.7,1.0,5.0,13.4,13.7,0.1,0.8,0.9,0.075,-3.0,2.5,-0.5,0.2,6369363,2799720,3569643,0,0,0,0
Boban Marjanović,C,30,Philadelphia 76ers,22,305,23.3,0.6629999999999999,0.067,0.3,11.4,27.3,19.6,17.1,0.8,2.6,13.9,21.7,0.9,0.4,1.3,0.204,1.7,0.7,2.5,0.3,7000000,7000000,0,0,0,0,0
Lauri Markkanen,PF,21,Chicago Bulls,52,1682,17.1,0.5529999999999999,0.418,0.245,4.7,25.9,15.2,7.2,1.1,1.7,8.8,25.1,1.3,1.5,2.7,0.078,-0.3,-1.6,-1.9,0.0,9836520,4536120,5300400,6731508,0,0,0
Jarell Martin,PF,24,Orlando Magic,42,328,9.4,0.528,0.5479999999999999,0.106,3.5,20.5,11.9,7.8,0.4,2.0,9.2,15.9,0.1,0.4,0.5,0.073,-3.1,-0.8,-3.9,-0.2,2416222,2416222,0,0,0,0,0
Frank Mason,PG,24,Sacramento Kings,38,435,12.4,0.502,0.379,0.337,1.4,9.0,5.1,26.3,1.7,0.8,15.6,21.8,0.0,0.3,0.3,0.033,-2.0,-2.5,-4.5,-0.3,1378242,1378242,0,0,0,0,0
Yante Maten,PF,22,Miami Heat,2,13,5.7,0.25,0.25,0.0,8.2,16.4,12.3,0.0,3.8,0.0,0.0,13.2,0.0,0.0,0.0,-0.026000000000000002,-8.9,-1.7,-10.6,0.0,114211,14211,1416852,1663861,0,0,0
Wesley Matthews,SG,32,New York Knicks,2,54,2.9,0.33,0.526,0.263,1.9,4.0,2.9,12.9,0.9,1.6,8.6,18.4,-0.1,0.0,-0.1,-0.115,-6.3,-3.4,-9.7,-0.1,18622514,18622514,0,0,0,0,0
Wesley Matthews,SG,32,Indiana Pacers,23,725,9.2,0.5429999999999999,0.619,0.22899999999999998,1.7,8.1,5.0,10.1,1.3,0.5,11.8,15.8,0.3,0.7,1.0,0.067,-0.5,-0.6,-1.2,0.2,737715,737715,0,0,0,0,0
Luc Mbah a Moute,PF,32,Los Angeles Clippers,4,61,6.7,0.495,0.33299999999999996,0.278,3.6,8.4,6.1,4.5,0.8,1.3,9.0,15.4,0.0,0.0,0.0,0.009000000000000001,-3.3,-2.1,-5.4,-0.1,4320500,4320500,0,0,0,0,0
Patrick McCaw,SG,23,Cleveland Cavaliers,3,53,-0.7,0.278,0.444,0.0,0.0,6.6,3.1,4.9,1.9,0.0,25.0,9.9,-0.2,0.0,-0.2,-0.13699999999999998,-8.1,-1.2,-9.3,-0.1,323529,323529,0,0,0,0,0
Patrick McCaw,SG,23,Toronto Raptors,26,344,8.7,0.569,0.444,0.278,2.3,11.6,7.1,9.8,2.9,0.5,18.8,9.3,0.2,0.5,0.7,0.096,-2.0,2.1,0.1,0.2,8786000,786000,0,0,0,0,0
CJ McCollum,SG,27,Portland Trail Blazers,70,2375,17.0,0.5529999999999999,0.358,0.154,2.9,9.7,6.3,13.8,1.1,0.9,7.4,25.5,4.0,1.7,5.6,0.114,2.2,-1.9,0.3,1.3,82670877,25759766,27556959,29354152,0,0,0
T.J. McConnell,PG,26,Philadelphia 76ers,76,1470,13.4,0.555,0.1,0.08800000000000001,2.1,10.2,6.3,24.7,2.5,0.9,17.3,15.0,1.2,1.7,2.9,0.094,-1.7,0.0,-1.6,0.1,1600520,1600520,0,0,0,0,0
Doug McDermott,SF,27,Indiana Pacers,77,1340,11.6,0.617,0.488,0.187,1.4,7.5,4.5,7.1,0.7,0.5,8.4,16.3,1.8,1.1,2.9,0.10300000000000001,0.0,-2.1,-2.1,0.0,22000001,7333334,7333334,7333333,0,0,0
JaVale McGee,C,31,Los Angeles Lakers,75,1671,21.8,0.634,0.019,0.237,12.3,22.5,17.5,4.8,1.3,7.3,13.2,20.2,3.0,2.9,5.9,0.171,-0.9,2.8,1.9,1.7,10593887,2393887,0,0,0,0,0
Alfonzo McKinnie,SF,26,Golden State Warriors,72,1003,11.2,0.569,0.429,0.175,9.0,16.9,13.1,4.0,0.9,1.3,9.2,13.9,1.2,0.9,2.1,0.1,-0.9,-1.5,-2.5,-0.1,1349383,1349383,1588231,0,0,0,0
Ben McLemore,SG,25,Sacramento Kings,19,158,10.5,0.541,0.6409999999999999,0.188,1.9,9.4,5.5,3.4,1.8,1.6,6.7,19.4,0.1,0.1,0.2,0.055,-1.1,-2.6,-3.7,-0.1,5460000,5460000,0,0,0,0,0
Jordan McRae,SG,27,Washington Wizards,27,333,14.3,0.55,0.26899999999999996,0.26899999999999996,1.9,11.3,6.5,13.2,1.8,1.8,9.4,20.4,0.3,0.2,0.5,0.066,-1.9,-1.8,-3.7,-0.1,17092,17092,1645357,0,0,0,0
Jodie Meeks,SG,31,Toronto Raptors,8,104,16.0,0.647,0.462,0.026000000000000002,1.1,11.1,6.2,11.5,0.5,0.8,4.8,17.1,0.2,0.1,0.3,0.153,1.4,-2.2,-0.8,0.0,319677,319677,0,0,0,0,0
Salah Mejri,C,32,Dallas Mavericks,36,399,16.1,0.5589999999999999,0.304,0.28600000000000003,9.7,25.3,17.6,13.2,1.2,5.5,14.3,15.8,0.5,0.6,1.1,0.136,-1.6,3.5,1.9,0.4,1567007,1567007,0,0,0,0,0
De'Anthony Melton,PG,20,Phoenix Suns,50,984,9.9,0.466,0.371,0.109,2.8,12.5,7.5,22.3,3.3,1.9,21.8,15.0,-0.8,0.8,0.0,0.002,-3.5,1.0,-2.6,-0.1,949000,949000,1416852,0,0,0,0
Chimezie Metu,PF,21,San Antonio Spurs,29,145,6.4,0.389,0.034,0.293,6.8,20.1,13.5,12.0,2.0,1.2,18.6,24.4,-0.5,0.2,-0.3,-0.099,-9.0,-0.2,-9.2,-0.3,2255316,838464,1416852,1663861,0,0,0
Khris Middleton,SF,27,Milwaukee Bucks,77,2393,16.5,0.5579999999999999,0.413,0.225,2.3,16.5,9.8,20.1,1.6,0.2,12.1,25.1,2.5,3.6,6.1,0.12300000000000001,0.7,0.1,0.8,1.7,150103448,13000000,0,0,0,0,0
C.J. Miles,SF,31,Memphis Grizzlies,13,294,10.8,0.544,0.629,0.133,0.4,10.1,5.2,7.4,1.4,1.6,7.5,18.3,0.1,0.3,0.3,0.054000000000000006,-1.4,-1.5,-2.9,-0.1,8333333,8333333,8730158,0,0,0,0
Darius Miller,SF,28,New Orleans Pelicans,69,1757,8.4,0.55,0.752,0.147,0.8,6.6,3.8,10.4,1.1,1.1,10.3,13.4,1.1,0.6,1.6,0.045,-0.1,-1.5,-1.7,0.1,9055000,2205000,0,0,0,0,0
Malcolm Miller,SF,25,Toronto Raptors,10,67,13.7,0.63,0.8079999999999999,0.154,1.7,6.3,4.0,2.1,0.7,1.2,3.5,18.5,0.1,0.1,0.2,0.13,1.8,-3.8,-2.0,0.0,457418,457418,1588231,0,0,0,0
Patty Mills,PG,30,San Antonio Spurs,82,1908,13.2,0.5720000000000001,0.609,0.155,1.4,8.9,5.2,17.6,1.3,0.4,11.6,18.5,2.2,1.2,3.5,0.087,1.5,-2.0,-0.5,0.7,37285714,11571429,12428571,13285714,0,0,0
Paul Millsap,PF,33,Denver Nuggets,70,1895,17.9,0.57,0.239,0.374,8.7,20.2,14.4,10.6,2.2,2.5,10.9,19.6,3.2,2.9,6.1,0.155,0.5,1.9,2.4,2.1,60230769,29730769,30500000,0,0,0,0
Nikola Mirotić,PF,27,Milwaukee Bucks,14,320,16.2,0.562,0.644,0.17,4.7,18.3,11.9,8.6,1.5,2.4,7.0,20.4,0.4,0.6,1.0,0.147,0.7,0.2,0.9,0.2,12500000,12500000,0,0,0,0,0
Donovan Mitchell,SG,22,Utah Jazz,77,2598,17.2,0.537,0.33899999999999997,0.259,2.5,10.5,6.6,21.2,2.0,0.9,11.3,31.6,1.3,3.7,5.0,0.092,0.8,-0.2,0.6,1.7,6747240,3111480,3635760,5195501,0,0,0
Malik Monk,SG,20,Charlotte Hornets,73,1258,11.8,0.518,0.563,0.174,1.3,10.6,5.9,14.3,1.4,1.3,12.0,24.6,-0.4,0.7,0.3,0.012,-1.1,-2.7,-3.9,-0.6,7475880,3447480,4028400,5345687,0,0,0
Greg Monroe,C,28,Boston Celtics,2,5,60.2,0.6,0.0,0.0,63.9,0.0,32.0,73.4,0.0,0.0,0.0,43.1,0.1,0.0,0.1,0.534,38.2,6.8,44.9,0.1,122344,122344,0,0,0,0,0
Greg Monroe,C,28,Philadelphia 76ers,3,52,31.7,0.736,0.043,0.478,8.4,17.8,13.2,23.5,0.9,0.0,3.5,23.2,0.4,0.0,0.4,0.37,7.7,-2.0,5.7,0.1,59820,59820,0,0,0,0,0
E'Twaun Moore,SG,29,New Orleans Pelicans,53,1463,11.5,0.5670000000000001,0.331,0.111,2.5,6.4,4.5,9.5,1.3,0.4,9.6,17.3,1.2,0.5,1.7,0.055,-0.2,-1.9,-2.2,-0.1,17473613,8808685,8664928,0,0,0,0
Eric Moreland,PF,27,Toronto Raptors,4,38,7.1,0.5,0.14300000000000002,0.0,11.7,35.9,24.1,13.3,1.3,2.2,41.7,13.6,-0.1,0.1,0.0,0.026000000000000002,-6.6,3.5,-3.1,0.0,106237,106237,0,0,0,0,0
Marcus Morris,PF,29,Boston Celtics,75,2091,14.2,0.568,0.461,0.205,3.9,19.5,11.7,7.5,1.0,1.1,9.1,20.9,2.1,2.5,4.5,0.10400000000000001,-0.4,-1.0,-1.4,0.3,5375000,5375000,0,0,0,0,0
Markieff Morris,PF,29,Oklahoma City Thunder,24,387,10.4,0.475,0.37799999999999995,0.122,5.2,19.6,12.1,6.8,1.3,0.4,4.1,18.0,0.2,0.5,0.7,0.083,-3.1,-1.4,-4.5,-0.2,573295,573295,0,0,0,0,0
Monte Morris,PG,23,Denver Nuggets,82,1970,16.2,0.5770000000000001,0.32299999999999995,0.115,1.9,8.8,5.3,21.7,1.8,0.2,6.6,17.1,4.4,1.8,6.2,0.151,1.5,-1.3,0.2,1.1,2937614,1349383,1588231,1663861,0,0,0
Donatas Motiejūnas,PF,28,San Antonio Spurs,3,13,-0.5,0.436,0.0,0.33299999999999996,16.9,8.3,12.6,11.9,0.0,6.5,30.4,33.5,-0.1,0.0,-0.1,-0.24600000000000002,-11.2,-0.3,-11.5,0.0,59820,59820,0,0,0,0,0
Emmanuel Mudiay,PG,22,New York Knicks,59,1607,14.6,0.531,0.284,0.251,2.1,10.9,6.4,24.2,1.3,1.0,14.6,25.6,0.1,0.7,0.8,0.023,-0.5,-1.9,-2.4,-0.2,4294480,4294480,0,0,0,0,0
Jamal Murray,PG,21,Denver Nuggets,75,2447,16.0,0.5379999999999999,0.353,0.19,2.9,11.2,7.0,22.4,1.3,1.0,11.1,24.9,2.8,2.3,5.1,0.1,1.1,-1.0,0.1,1.3,7944546,3499800,4444746,0,0,0,0
Džanan Musa,SG,19,Brooklyn Nets,9,39,5.8,0.415,0.455,0.091,2.7,10.7,6.7,8.6,2.4,0.0,14.9,29.0,-0.2,0.0,-0.1,-0.152,-7.6,-2.8,-10.4,-0.1,3543840,1632240,1911600,2002800,3615054,0,0
Mike Muscala,PF,27,Los Angeles Lakers,17,265,12.5,0.578,0.687,0.096,2.4,14.5,8.6,7.1,0.7,3.4,5.5,14.3,0.3,0.3,0.6,0.107,-0.6,0.0,-0.6,0.1,5000000,5000000,0,0,0,0,0
Sviatoslav Mykhailiuk,SF,21,Detroit Pistons,3,20,9.8,0.375,0.5,0.0,5.3,5.7,5.5,28.5,2.5,0.0,11.1,19.4,0.0,0.0,0.0,0.016,-2.7,-2.0,-4.7,0.0,2904546,1487694,1416852,1663861,0,0,0
Abdel Nader,SF,25,Oklahoma City Thunder,61,694,8.8,0.522,0.465,0.16699999999999998,2.0,15.7,8.6,3.8,1.3,1.5,10.1,15.1,0.0,0.9,0.9,0.062,-4.2,-0.9,-5.1,-0.5,2996762,1378242,1618520,1752950,0,0,0
Larry Nance,C,26,Cleveland Cavaliers,67,1795,18.6,0.583,0.205,0.28,10.0,24.9,17.1,17.8,2.8,1.9,15.3,15.5,3.3,1.6,4.9,0.131,1.4,2.6,4.0,2.7,47072391,2272391,12727273,11709091,10690909,9672727,0
Shabazz Napier,PG,27,Brooklyn Nets,56,983,15.3,0.534,0.524,0.317,1.9,8.7,5.3,22.2,2.0,1.3,11.7,24.0,1.0,1.0,2.0,0.098,0.5,-1.1,-0.7,0.3,1942422,1942422,1845301,0,0,0,0
Raul Neto,PG,26,Utah Jazz,37,474,13.5,0.5579999999999999,0.373,0.205,1.4,12.6,7.1,28.7,1.4,0.7,16.6,19.0,0.5,0.6,1.1,0.11599999999999999,-1.0,-0.6,-1.6,0.0,2150000,2150000,0,0,0,0,0
Georges Niang,PF,25,Utah Jazz,59,516,13.0,0.613,0.58,0.133,2.4,15.7,9.1,10.1,0.9,0.9,10.7,17.8,0.7,0.7,1.3,0.12300000000000001,-0.2,-0.8,-1.1,0.1,1512601,1512601,1645357,1783557,0,0,0
Joakim Noah,C,33,Memphis Grizzlies,42,693,18.6,0.5710000000000001,0.005,0.512,9.2,29.6,19.3,20.6,1.4,4.2,16.1,20.0,1.0,1.2,2.2,0.15,-1.9,3.5,1.6,0.6,0,1731173,0,0,0,0,0
Nerlens Noel,C,24,Oklahoma City Thunder,77,1055,19.3,0.608,0.0,0.28600000000000003,12.1,20.0,15.9,5.9,2.9,7.7,13.4,13.8,1.9,2.5,4.3,0.198,-1.6,5.5,3.9,1.6,3786023,1757429,0,0,0,0,0
Dirk Nowitzki,PF,40,Dallas Mavericks,51,795,9.6,0.469,0.545,0.133,0.7,20.5,10.6,6.9,0.5,1.9,4.3,22.5,-0.5,0.8,0.3,0.016,-3.8,-2.1,-5.9,-0.8,5000000,5000000,0,0,0,0,0
Frank Ntilikina,PG,20,New York Knicks,43,904,6.0,0.41700000000000004,0.408,0.106,1.4,8.9,5.0,19.5,1.6,1.3,15.9,16.6,-1.3,0.4,-0.8,-0.045,-4.5,-1.2,-5.7,-0.8,9011520,4155720,4855800,6176578,0,0,0
James Nunnally,SF,28,Minnesota Timberwolves,13,64,12.1,0.593,0.619,0.19,0.0,6.8,3.3,10.9,0.7,0.0,4.2,15.6,0.1,0.0,0.1,0.09699999999999999,0.3,-4.5,-4.2,0.0,655632,655632,0,0,0,0,0
Jusuf Nurkić,C,24,Portland Trail Blazers,72,1974,23.4,0.57,0.035,0.442,13.4,26.7,20.2,17.9,1.7,4.2,14.6,24.7,4.4,3.3,7.8,0.18899999999999997,1.6,3.6,5.1,3.5,39111111,11111111,12000000,12000000,12000000,0,0
David Nwaba,SG,26,Cleveland Cavaliers,51,984,12.5,0.5579999999999999,0.28600000000000003,0.324,4.4,14.4,9.2,8.1,1.8,1.5,8.8,14.6,1.1,0.3,1.4,0.069,-1.1,-0.6,-1.7,0.1,1512601,1512601,0,0,0,0,0
Royce O'Neale,SF,25,Utah Jazz,82,1671,9.0,0.589,0.513,0.122,1.5,16.7,9.2,10.0,1.5,1.1,16.2,11.0,0.7,2.5,3.3,0.094,-2.0,2.1,0.1,0.9,1378242,1378242,1618520,0,0,0,0
Kyle O'Quinn,C,28,Indiana Pacers,45,371,16.8,0.537,0.08800000000000001,0.154,8.9,26.4,17.8,22.4,1.2,6.0,17.6,20.8,0.2,0.8,1.0,0.125,-2.4,4.1,1.8,0.4,4449000,4449000,0,0,0,0,0
Semi Ojeleye,PF,24,Boston Celtics,56,594,8.5,0.531,0.563,0.247,4.3,11.2,7.7,5.1,0.8,0.6,9.8,14.1,0.2,0.5,0.7,0.057,-2.5,-1.7,-4.3,-0.3,2996762,1378242,1618520,1752950,0,0,0
Jahlil Okafor,C,23,New Orleans Pelicans,59,935,17.9,0.603,0.013999999999999999,0.24600000000000002,9.2,21.4,15.4,6.3,0.7,3.5,11.5,19.9,1.4,0.8,2.2,0.115,-1.7,-0.5,-2.3,-0.1,1621330,1567007,1702486,0,0,0,0
Élie Okobo,PG,21,Phoenix Suns,53,958,7.6,0.489,0.455,0.162,1.4,10.1,5.7,18.7,1.6,0.6,18.2,17.0,-0.7,0.2,-0.5,-0.027000000000000003,-3.7,-2.2,-5.9,-0.9,2655316,1238464,1416852,1663861,1802057,0,0
Josh Okogie,SG,20,Minnesota Timberwolves,74,1757,9.4,0.49200000000000005,0.423,0.319,2.5,10.9,6.6,6.9,2.4,1.6,9.8,15.4,-0.1,1.4,1.2,0.034,-2.0,0.4,-1.7,0.1,4691400,2160720,2530680,2651040,4087904,0,0
Victor Oladipo,SG,26,Indiana Pacers,36,1147,17.6,0.519,0.36700000000000005,0.24,2.1,17.1,9.8,25.2,2.6,0.9,11.2,27.9,0.4,1.9,2.3,0.09699999999999999,1.3,1.0,2.3,1.3,63000000,21000000,21000000,21000000,0,0,0
Kelly Olynyk,PF,27,Miami Heat,79,1812,14.4,0.61,0.5660000000000001,0.32799999999999996,4.2,17.8,11.0,11.4,1.4,1.8,15.0,18.0,2.3,2.5,4.7,0.126,0.3,0.8,1.1,1.4,23805412,12137527,11667885,12198243,0,0,0
Cedi Osman,SF,23,Cleveland Cavaliers,76,2444,11.5,0.536,0.44299999999999995,0.214,2.0,14.8,8.1,12.1,1.2,0.4,11.0,18.6,1.2,0.2,1.5,0.028999999999999998,-0.4,-1.7,-2.1,-0.1,5682143,2775000,2907143,0,0,0,0
Kelly Oubre,SF,23,Phoenix Suns,40,1180,16.4,0.555,0.384,0.29600000000000004,4.3,14.2,9.2,8.7,2.3,2.8,10.7,24.7,0.5,0.8,1.3,0.054000000000000006,-0.4,-0.8,-1.2,0.2,33208630,3208630,0,0,0,0,0
Zaza Pachulia,C,34,Detroit Pistons,68,878,13.7,0.539,0.021,0.642,11.9,21.5,16.5,14.7,1.7,1.6,18.7,15.0,1.1,1.3,2.3,0.128,-2.1,2.4,0.2,0.5,2393887,2393887,0,0,0,0,0
Jabari Parker,PF,23,Washington Wizards,25,682,17.0,0.5870000000000001,0.284,0.267,5.9,23.0,14.3,15.4,1.6,2.0,17.4,24.0,0.3,0.6,0.9,0.063,-0.8,0.1,-0.7,0.2,20000000,20000000,0,0,0,0,0
Tony Parker,PG,36,Charlotte Hornets,56,1003,15.3,0.512,0.11,0.268,1.5,7.6,4.5,33.3,1.0,0.6,12.7,25.5,0.6,0.3,0.9,0.044000000000000004,-1.5,-3.7,-5.3,-0.8,5000000,5000000,0,0,0,0,0
Chandler Parsons,SF,30,Memphis Grizzlies,25,496,8.5,0.484,0.516,0.13699999999999998,0.9,15.2,7.9,13.4,1.9,1.0,14.2,20.3,-0.6,0.6,0.0,-0.004,-3.7,-0.6,-4.3,-0.3,24107258,24107258,25102511,0,0,0,0
Patrick Patterson,PF,29,Oklahoma City Thunder,63,861,8.1,0.493,0.626,0.13699999999999998,4.9,13.0,8.8,4.6,0.9,1.3,8.7,12.0,0.2,0.9,1.1,0.064,-3.0,-0.6,-3.7,-0.4,11162800,5451600,5711200,0,0,0,0
Justin Patton,C,21,Philadelphia 76ers,3,21,10.5,0.317,0.28600000000000003,0.28600000000000003,10.4,19.6,15.1,18.7,4.5,0.0,0.0,15.7,0.0,0.0,0.0,0.079,-2.3,2.1,-0.2,0.0,2667600,2667600,0,0,0,0,0
Chris Paul,PG,33,Houston Rockets,58,1857,19.7,0.56,0.493,0.282,2.1,13.9,7.9,39.3,3.0,0.8,15.8,22.5,4.4,2.2,6.6,0.172,2.9,0.2,3.0,2.4,35654150,35654150,38506482,41358814,44211146,0,0
Cameron Payne,PG,24,Chicago Bulls,31,536,10.3,0.49200000000000005,0.35100000000000003,0.149,2.0,8.8,5.4,22.4,1.8,1.0,16.0,17.4,-0.1,0.3,0.2,0.013999999999999999,-2.7,-1.6,-4.3,-0.3,3263295,3263295,0,0,0,0,0
Cameron Payne,PG,24,Cleveland Cavaliers,9,176,15.3,0.596,0.455,0.29100000000000004,1.8,10.6,6.0,20.0,2.3,1.5,15.1,18.1,0.2,0.1,0.3,0.08199999999999999,0.4,-1.5,-1.1,0.0,177063,177063,0,0,0,0,0
Elfrid Payton,PG,24,New Orleans Pelicans,42,1250,14.0,0.502,0.255,0.18,4.1,14.0,9.1,33.5,1.6,1.1,20.1,18.3,0.6,0.9,1.5,0.057999999999999996,-0.7,-0.1,-0.9,0.4,3000000,3000000,0,0,0,0,0
Gary Payton,PG,26,Washington Wizards,3,16,36.9,0.688,0.25,0.0,6.7,6.9,6.8,45.1,8.9,5.3,11.1,23.8,0.1,0.0,0.1,0.358,9.8,5.2,14.9,0.1,85458,85458,0,0,0,0,0
Theo Pinson,SG,23,Brooklyn Nets,18,211,8.1,0.49,0.63,0.301,2.0,15.9,9.0,14.1,1.4,0.0,17.9,20.0,-0.2,0.2,0.0,0.004,-3.7,-1.0,-4.8,-0.1,1450434,4737,0,0,0,0,0
Mason Plumlee,C,28,Denver Nuggets,82,1731,17.8,0.602,0.023,0.44799999999999995,10.3,22.5,16.4,19.5,1.9,3.9,19.2,16.2,2.9,2.9,5.8,0.16,-0.1,3.9,3.8,2.6,26958904,12917808,14041096,0,0,0,0
Miles Plumlee,C,30,Atlanta Hawks,18,173,18.9,0.654,0.0,0.625,9.5,14.3,11.8,14.7,1.6,2.0,14.0,16.7,0.4,0.1,0.5,0.145,0.2,-0.3,-0.1,0.1,12500000,12500000,12500000,0,0,0,0
Jakob Pöltl,C,23,San Antonio Spurs,77,1273,19.4,0.64,0.0,0.317,15.4,19.7,17.6,10.0,1.1,4.5,12.7,13.1,3.5,1.6,5.1,0.193,1.5,2.7,4.2,2.0,6702206,2947320,3754886,0,0,0,0
Quincy Pondexter,SF,30,San Antonio Spurs,53,292,13.2,0.6409999999999999,0.31,0.7240000000000001,3.0,14.1,8.6,10.6,1.8,0.3,14.5,13.5,0.5,0.3,0.8,0.128,-0.8,-0.6,-1.4,0.0,2165481,2165481,0,0,0,0,0
Otto Porter,SF,25,Chicago Bulls,15,492,18.0,0.609,0.39799999999999996,0.159,3.1,15.4,9.2,13.0,1.8,1.6,10.4,21.3,0.8,0.4,1.1,0.11199999999999999,1.7,-0.4,1.3,0.4,53262489,26011913,27250576,28489239,0,0,0
Bobby Portis,PF,23,Washington Wizards,28,768,15.3,0.53,0.33299999999999996,0.132,8.8,25.7,17.1,8.4,1.5,1.3,10.6,23.3,0.2,0.7,0.9,0.057999999999999996,-1.4,-1.4,-2.8,-0.2,2494346,2494346,0,0,0,0,0
Dwight Powell,C,27,Dallas Mavericks,77,1662,20.4,0.682,0.261,0.523,9.1,17.3,13.2,10.7,1.3,2.6,10.1,17.2,5.6,1.9,7.5,0.215,2.8,1.2,4.0,2.5,52890625,9631250,10259375,10185185,11000000,11814815,0
Norman Powell,SG,25,Toronto Raptors,60,1126,13.3,0.596,0.425,0.188,1.6,11.5,6.7,11.6,1.7,1.0,13.1,19.0,1.0,1.4,2.4,0.102,-0.4,-0.3,-0.7,0.4,30349728,9367200,10116576,10865952,11615328,0,0
Ivan Rabb,PF,21,Memphis Grizzlies,49,721,16.1,0.586,0.071,0.325,10.7,21.5,16.0,12.0,1.2,1.8,12.6,17.2,1.2,0.9,2.1,0.13699999999999998,-1.3,0.7,-0.6,0.2,1750000,1378242,1618520,0,0,0,0
Chasson Randle,PG,25,Washington Wizards,49,743,9.9,0.555,0.53,0.28600000000000003,1.4,6.8,4.1,17.5,1.6,0.3,15.0,16.4,0.4,0.2,0.6,0.040999999999999995,-1.4,-3.0,-4.4,-0.4,869094,869094,0,0,0,0,0
Julius Randle,PF,24,New Orleans Pelicans,73,2232,21.0,0.6,0.179,0.447,7.6,21.6,14.7,15.8,1.1,1.6,13.8,27.8,4.2,1.9,6.1,0.131,1.8,-0.4,1.4,1.9,8641000,8641000,0,0,0,0,0
J.J. Redick,SG,34,Philadelphia 76ers,76,2379,15.1,0.602,0.589,0.248,0.9,7.2,4.1,12.9,0.6,0.6,8.1,21.9,4.6,1.2,5.9,0.11800000000000001,2.7,-3.3,-0.7,0.8,12250000,12250000,0,0,0,0,0
Cameron Reynolds,SG,23,Minnesota Timberwolves,19,259,10.4,0.58,0.654,0.115,1.6,11.3,6.4,6.8,1.1,0.7,5.7,14.1,0.3,0.1,0.4,0.078,-0.1,-2.2,-2.3,0.0,203695,203695,0,0,0,0,0
Josh Richardson,SG,25,Miami Heat,73,2539,14.0,0.536,0.44799999999999995,0.225,2.3,8.8,5.5,17.9,1.5,1.2,9.1,20.9,3.0,2.6,5.6,0.106,1.0,-0.4,0.6,1.7,9367200,9367200,10100000,10800000,11600000,0,0
Austin Rivers,SG,26,Houston Rockets,47,1345,8.2,0.511,0.585,0.13,1.2,6.4,3.7,11.7,1.1,0.8,7.4,13.9,0.8,0.6,1.4,0.05,-1.4,-1.5,-2.9,-0.3,3329641,1155323,0,0,0,0,0
Duncan Robinson,PF,24,Miami Heat,15,161,7.6,0.514,0.7609999999999999,0.13,1.3,11.2,6.3,4.4,1.5,0.0,7.6,14.0,0.0,0.2,0.2,0.051,-2.6,-1.6,-4.2,-0.1,1009474,9474,1416852,1663861,0,0,0
Glenn Robinson,SF,25,Detroit Pistons,47,610,8.7,0.511,0.35200000000000004,0.22699999999999998,2.9,10.0,6.4,5.1,1.1,1.1,8.5,15.0,0.1,0.6,0.7,0.054000000000000006,-3.5,-0.8,-4.2,-0.3,4075000,4075000,0,0,0,0,0
Jerome Robinson,SG,21,Los Angeles Clippers,33,320,7.2,0.491,0.518,0.08199999999999999,1.0,12.2,6.8,8.3,1.6,0.7,10.2,16.7,-0.2,0.3,0.1,0.012,-2.8,-1.5,-4.3,-0.2,6613920,3046200,3567720,3737520,5340916,0,0
Mitchell Robinson,C,20,New York Knicks,66,1360,22.0,0.6920000000000001,0.0,0.46399999999999997,13.3,19.4,16.3,4.2,1.8,10.0,9.1,12.1,4.0,2.2,6.1,0.217,0.5,5.2,5.7,2.7,3045152,1485440,1559712,1663861,1802057,0,0
Rajon Rondo,PG,32,Los Angeles Lakers,46,1369,12.1,0.473,0.32899999999999996,0.083,2.6,15.5,9.2,35.5,1.9,0.4,22.1,17.4,-0.2,1.5,1.3,0.047,-2.0,0.5,-1.6,0.1,11564753,9000000,0,0,0,0,0
Derrick Rose,PG,30,Minnesota Timberwolves,51,1392,19.5,0.557,0.19399999999999998,0.212,2.5,8.3,5.4,26.4,1.1,0.7,9.1,27.3,2.6,0.3,3.0,0.102,2.3,-2.9,-0.6,0.5,2176260,2176260,0,0,0,0,0
Terrence Ross,SG,27,Orlando Magic,81,2150,15.4,0.561,0.551,0.14,1.3,12.8,7.0,9.9,1.6,1.1,7.6,23.9,1.7,2.6,4.3,0.095,1.0,-1.3,-0.3,0.9,60500000,10500000,0,0,0,0,0
Terry Rozier,PG,24,Boston Celtics,79,1791,12.9,0.501,0.506,0.14,1.9,16.4,9.1,17.7,1.8,1.0,8.8,18.6,0.9,2.3,3.2,0.086,-1.0,0.2,-0.7,0.6,3050390,3050390,0,0,0,0,0
Ricky Rubio,PG,28,Utah Jazz,68,1899,14.0,0.52,0.348,0.312,1.9,11.8,6.9,32.1,2.3,0.4,17.8,22.7,0.9,2.8,3.7,0.095,-0.6,0.6,0.0,0.9,14975000,14975000,0,0,0,0,0
D'Angelo Russell,PG,22,Brooklyn Nets,81,2448,19.4,0.5329999999999999,0.419,0.135,2.3,11.2,6.8,41.3,1.9,0.6,13.6,31.9,2.4,2.6,5.0,0.09699999999999999,3.9,-0.5,3.4,3.3,7019698,7019698,0,0,0,0,0
Domantas Sabonis,C,22,Indiana Pacers,74,1838,21.9,0.63,0.024,0.41600000000000004,11.5,29.8,20.8,18.2,1.3,1.5,16.2,23.5,4.3,3.3,7.6,0.19699999999999998,1.5,2.2,3.7,2.6,6189355,2659800,3529555,0,0,0,0
JaKarr Sampson,SF,25,Chicago Bulls,4,127,22.5,0.633,0.259,0.389,4.2,23.4,13.7,5.3,1.5,2.0,5.9,23.1,0.3,0.1,0.5,0.17300000000000001,0.6,-2.0,-1.5,0.0,88531,88531,0,0,0,0,0
Dario Šarić,PF,24,Minnesota Timberwolves,68,1627,14.3,0.579,0.449,0.213,6.8,17.7,12.2,8.8,1.2,0.3,10.5,17.8,2.4,0.9,3.3,0.099,1.0,-1.4,-0.4,0.7,2526840,2526840,3481986,0,0,0,0
Tomáš Satoranský,PG,27,Washington Wizards,80,2164,14.1,0.59,0.306,0.302,4.0,10.0,7.0,24.6,1.8,0.5,16.7,14.1,3.8,0.9,4.7,0.10400000000000001,0.4,-1.0,-0.6,0.8,3129187,3129187,0,0,0,0,0
Dennis Schröder,PG,25,Oklahoma City Thunder,79,2314,12.7,0.508,0.33,0.20600000000000002,1.6,11.3,6.3,20.4,1.3,0.4,12.5,24.2,0.4,2.4,2.9,0.06,-1.6,-1.5,-3.1,-0.6,46500000,15500000,15500000,15500000,0,0,0
Mike Scott,PF,30,Philadelphia 76ers,27,647,7.7,0.537,0.626,0.079,3.2,13.2,8.3,4.6,0.7,0.6,8.0,13.8,0.2,0.5,0.7,0.052000000000000005,-1.4,-1.7,-3.1,-0.2,14092850,4320500,0,0,0,0,0
Thabo Sefolosha,SF,34,Utah Jazz,50,609,12.1,0.599,0.523,0.14800000000000002,1.4,20.1,10.9,6.1,3.4,0.7,13.6,12.9,0.2,1.2,1.5,0.115,-2.0,2.6,0.6,0.4,5250000,5250000,0,0,0,0,0
Wayne Selden,SG,24,Chicago Bulls,43,984,8.1,0.489,0.345,0.196,2.3,12.8,7.5,10.8,1.1,0.6,13.8,18.0,-0.8,0.4,-0.4,-0.019,-3.7,-1.4,-5.1,-0.8,1544951,1544951,0,0,0,0,0
Collin Sexton,PG,20,Cleveland Cavaliers,82,2605,12.0,0.52,0.245,0.21100000000000002,2.3,8.0,5.0,15.3,0.8,0.2,12.3,25.2,-0.1,-0.5,-0.6,-0.011000000000000001,-1.5,-3.7,-5.2,-2.1,8833560,4068600,4764960,4991880,6349671,0,0
Landry Shamet,SG,21,Los Angeles Clippers,25,694,11.3,0.601,0.7190000000000001,0.18600000000000003,1.1,7.3,4.3,11.5,0.9,0.2,7.7,15.0,1.1,0.3,1.4,0.094,2.1,-2.3,-0.2,0.3,3698760,1703640,1995120,2090040,3768342,0,0
Iman Shumpert,SG,28,Houston Rockets,20,382,6.3,0.456,0.7240000000000001,0.040999999999999995,2.3,13.6,7.8,7.6,1.5,0.9,10.7,12.7,-0.2,0.3,0.2,0.019,-3.4,-0.5,-3.8,-0.2,11011234,11011234,0,0,0,0,0
Pascal Siakam,PF,24,Toronto Raptors,80,2548,18.7,0.628,0.226,0.32,5.4,17.5,11.6,14.6,1.4,1.7,12.5,20.8,5.7,3.6,9.3,0.175,2.0,1.4,3.4,3.5,3896790,1544951,2351839,0,0,0,0
Ben Simmons,PG,22,Philadelphia 76ers,79,2700,20.0,0.5820000000000001,0.006,0.446,6.9,20.0,13.7,34.2,2.0,1.8,19.3,22.1,4.6,3.6,8.2,0.146,1.4,2.6,4.1,4.1,184198450,6434520,8113930,29250000,31590000,33930000,36270000
Jonathon Simmons,SF,29,Philadelphia 76ers,15,219,12.9,0.5529999999999999,0.32799999999999996,0.391,2.0,10.3,6.3,20.7,2.4,0.4,13.8,16.7,0.2,0.2,0.5,0.10099999999999999,-1.1,-1.0,-2.1,0.0,6000000,6000000,1000000,0,0,0,0
Anfernee Simons,SG,19,Portland Trail Blazers,20,141,11.1,0.535,0.46,0.254,2.3,7.4,4.9,13.7,0.3,0.0,13.6,24.3,0.0,0.0,0.1,0.02,-1.6,-4.7,-6.3,-0.2,3985080,1835520,2149560,2252040,3938818,0,0
Marcus Smart,SG,24,Boston Celtics,80,2200,13.1,0.568,0.61,0.228,2.8,8.6,5.7,19.1,3.1,1.1,16.5,14.6,2.2,3.1,5.3,0.11599999999999999,0.6,1.3,1.8,2.1,51999900,11660716,12553471,13446428,14339285,0,0
Dennis Smith,PG,21,New York Knicks,21,600,13.5,0.473,0.28300000000000003,0.253,2.4,7.9,5.1,32.2,2.2,1.3,14.2,27.0,-0.5,0.3,-0.2,-0.013999999999999999,-0.9,-1.8,-2.7,-0.1,8283600,3819960,4463640,5686677,0,0,0
Ish Smith,PG,30,Detroit Pistons,56,1251,11.8,0.485,0.276,0.127,1.9,11.1,6.3,25.4,1.1,0.7,10.6,19.9,0.5,1.1,1.7,0.064,-1.7,-1.1,-2.8,-0.2,6000000,6000000,0,0,0,0,0
J.R. Smith,SG,33,Cleveland Cavaliers,11,222,7.8,0.444,0.494,0.127,0.0,9.4,4.5,13.8,2.5,1.2,11.7,18.6,-0.3,0.1,-0.2,-0.038,-3.5,-1.7,-5.2,-0.2,19090000,14720000,1456667,1456667,1456666,0,0
Jason Smith,C,32,New Orleans Pelicans,2,20,4.6,0.405,0.778,0.222,10.5,10.2,10.4,6.2,0.0,0.0,9.2,22.3,0.0,0.0,0.0,-0.049,-2.6,-5.8,-8.4,0.0,5450000,5450000,0,0,0,0,0
Zhaire Smith,SG,19,Philadelphia 76ers,6,111,9.5,0.5329999999999999,0.47100000000000003,0.235,2.9,9.3,6.2,12.3,0.9,1.4,13.8,16.4,0.0,0.1,0.1,0.048,-2.3,-1.7,-4.0,-0.1,5670600,2611800,3058800,3204600,4915856,0,0
Tony Snell,SF,27,Milwaukee Bucks,74,1304,10.7,0.585,0.565,0.11599999999999999,2.4,9.4,6.1,6.7,0.9,1.2,5.7,12.9,1.6,1.6,3.2,0.11699999999999999,-0.7,-0.4,-1.0,0.3,10607143,10607143,11392857,12178571,0,0,0
Ray Spalding,PF,21,Phoenix Suns,13,147,14.7,0.516,0.064,0.255,11.1,25.3,18.1,5.2,2.9,4.5,14.7,17.9,0.0,0.2,0.2,0.051,-4.7,1.4,-3.4,-0.1,232117,232117,0,0,0,0,0
Omari Spellman,PF,21,Atlanta Hawks,46,805,12.4,0.516,0.525,0.184,9.2,16.3,12.7,8.0,1.5,2.7,10.5,14.9,0.6,0.5,1.2,0.07,-1.0,0.0,-1.0,0.2,1620480,1620480,1897800,1988280,3588845,0,0
Nik Stauskas,SG,25,Cleveland Cavaliers,24,342,11.3,0.544,0.578,0.257,2.5,13.2,7.6,8.0,1.0,0.8,8.3,16.9,0.3,0.0,0.3,0.046,-1.0,-3.0,-4.0,-0.2,540472,540472,0,0,0,0,0
Lance Stephenson,SG,28,Los Angeles Lakers,68,1123,11.8,0.529,0.456,0.16899999999999998,3.0,16.5,9.9,17.3,1.7,0.5,15.6,20.3,-0.1,1.2,1.1,0.049,-1.7,-0.4,-2.1,0.0,4449000,4449000,0,0,0,0,0
Edmond Sumner,PG,23,Indiana Pacers,23,210,7.6,0.44299999999999995,0.42200000000000004,0.375,4.9,7.8,6.3,6.3,2.8,2.1,11.8,17.6,-0.2,0.3,0.1,0.02,-4.1,0.5,-3.6,-0.1,449794,449794,0,0,0,0,0
Caleb Swanigan,PF,21,Sacramento Kings,3,33,11.7,0.405,0.222,0.222,12.2,25.6,18.7,15.6,2.8,2.6,16.8,14.9,0.0,0.1,0.0,0.053,-3.4,3.1,-0.2,0.0,3773160,1740000,2033160,3665787,0,0,0
Jayson Tatum,SF,20,Boston Celtics,79,2455,15.1,0.547,0.3,0.22,3.0,17.7,10.4,10.0,1.6,2.1,9.7,22.1,1.6,3.4,5.0,0.09699999999999999,-1.4,0.6,-0.8,0.8,14530800,6700800,7830000,9897120,0,0,0
Jeff Teague,PG,30,Minnesota Timberwolves,42,1264,15.4,0.528,0.252,0.368,1.3,7.7,4.5,37.6,1.6,1.2,16.7,19.3,1.7,0.5,2.2,0.085,0.0,-2.4,-2.4,-0.1,38000000,19000000,19000000,0,0,0,0
Garrett Temple,SG,32,Los Angeles Clippers,26,510,8.0,0.514,0.509,0.292,2.1,10.9,6.7,9.4,2.4,0.8,11.8,11.2,0.2,0.5,0.6,0.061,-1.3,0.8,-0.4,0.2,8000000,8000000,0,0,0,0,0
Miloš Teodosić,PG,31,Los Angeles Clippers,15,150,6.5,0.557,0.675,0.175,2.2,8.9,5.7,28.8,0.9,0.5,32.8,18.0,-0.1,0.1,-0.1,-0.019,-2.9,-3.2,-6.1,-0.2,6300000,6300000,0,0,0,0,0
Emanuel Terry,PF,22,Phoenix Suns,2,20,19.9,0.654,0.0,0.33299999999999996,10.9,22.5,16.6,8.0,7.2,0.0,22.5,19.1,0.0,0.0,0.1,0.127,-1.3,2.9,1.6,0.0,47371,47371,0,0,0,0,0
Daniel Theis,C,26,Boston Celtics,66,908,17.0,0.624,0.252,0.28600000000000003,10.2,16.2,13.2,10.5,1.1,4.1,9.9,15.8,2.3,1.3,3.5,0.188,0.8,1.5,2.3,1.0,6378242,1378242,0,0,0,0,0
Isaiah Thomas,SG,29,Denver Nuggets,12,181,7.0,0.43700000000000006,0.434,0.273,3.0,4.8,3.9,18.6,1.4,0.5,14.0,30.4,-0.4,0.1,-0.3,-0.077,-4.5,-4.2,-8.7,-0.3,2029463,2029463,0,0,0,0,0
Khyri Thomas,SG,22,Detroit Pistons,26,195,6.2,0.413,0.507,0.159,2.2,9.3,5.6,6.0,1.8,2.2,5.1,17.2,-0.2,0.2,0.0,0.005,-4.7,-0.5,-5.2,-0.2,1676928,838464,838464,1663861,0,0,0
Lance Thomas,PF,30,New York Knicks,46,783,6.4,0.48200000000000004,0.401,0.183,2.7,13.1,7.8,5.0,1.0,0.8,10.1,12.9,-0.3,0.3,0.1,0.004,-4.1,-1.2,-5.3,-0.7,7119650,7119650,0,0,0,0,0
Klay Thompson,SG,28,Golden State Warriors,78,2652,16.6,0.5710000000000001,0.42700000000000005,0.113,1.6,10.1,6.0,10.5,1.5,1.5,7.2,25.6,2.9,2.3,5.3,0.095,1.2,-2.0,-0.8,0.8,208892325,18988725,0,0,0,0,0
Tristan Thompson,C,27,Cleveland Cavaliers,43,1198,18.4,0.551,0.0,0.27899999999999997,15.4,25.7,20.3,11.2,1.2,1.2,12.1,17.7,2.1,0.5,2.6,0.105,0.2,0.1,0.3,0.7,36008695,17469565,18539130,0,0,0,0
Sindarius Thornwell,SG,24,Los Angeles Clippers,64,313,5.2,0.485,0.306,0.6940000000000001,1.7,12.8,7.5,7.2,2.1,1.8,23.8,11.3,-0.3,0.3,0.0,0.004,-5.1,1.1,-4.0,-0.2,1378242,1378242,0,0,0,0,0
Anthony Tolliver,PF,33,Minnesota Timberwolves,65,1079,8.6,0.5710000000000001,0.83,0.23199999999999998,1.5,16.2,8.8,5.5,0.8,1.7,11.2,12.5,0.6,0.5,1.2,0.052000000000000005,-1.2,-1.0,-2.2,-0.1,5750000,5750000,0,0,0,0,0
Karl-Anthony Towns,C,23,Minnesota Timberwolves,77,2545,26.3,0.622,0.27,0.342,10.9,29.3,20.0,17.2,1.3,4.2,13.7,28.9,7.2,3.2,10.4,0.19699999999999998,4.8,2.0,6.8,5.7,163709435,7839435,27250000,29430000,31610000,33790000,35970000
Gary Trent,SG,20,Portland Trail Blazers,15,111,3.6,0.377,0.42,0.14,1.0,9.4,5.3,6.2,0.4,1.4,7.0,21.7,-0.3,0.1,-0.2,-0.092,-6.7,-3.6,-10.3,-0.2,3919177,838464,1416852,1663861,0,0,0
Allonzo Trier,SG,23,New York Knicks,64,1459,12.2,0.564,0.255,0.431,2.2,12.2,7.1,12.9,0.9,0.8,15.8,21.5,0.4,0.5,0.9,0.03,-2.2,-2.0,-4.2,-0.8,6933100,3382000,3551100,0,0,0,0
P.J. Tucker,PF,33,Houston Rockets,82,2802,9.2,0.547,0.74,0.113,4.7,14.4,9.5,4.6,2.3,1.2,10.3,9.5,2.0,3.0,5.0,0.086,-0.5,1.8,1.3,2.3,18887764,7969537,8349039,7969537,0,0,0
Evan Turner,PG,30,Portland Trail Blazers,73,1605,11.6,0.504,0.11699999999999999,0.239,2.5,18.9,10.9,23.6,1.0,0.9,18.9,15.9,0.5,1.5,2.0,0.06,-2.5,0.7,-1.8,0.1,17868852,17868852,18606557,0,0,0,0
Myles Turner,C,22,Indiana Pacers,74,2119,18.0,0.5670000000000001,0.251,0.258,5.4,22.0,13.9,8.0,1.4,8.4,10.3,20.0,1.9,4.4,6.3,0.14400000000000002,-1.4,4.7,3.3,2.8,75410284,3410284,18000000,18000000,18000000,18000000,0
Ekpe Udoh,C,31,Utah Jazz,51,320,20.9,0.698,0.0,0.41700000000000004,9.3,20.9,15.2,12.8,1.5,7.7,13.2,13.1,0.9,0.7,1.6,0.23800000000000002,-0.1,5.7,5.6,0.6,3360000,3360000,0,0,0,0,0
Jonas Valančiūnas,C,26,Memphis Grizzlies,19,527,24.4,0.594,0.065,0.326,10.9,32.7,21.6,15.7,0.6,5.4,13.8,31.4,0.7,0.9,1.5,0.14,-0.4,2.0,1.6,0.5,61539326,16539326,0,0,0,0,0
Jarred Vanderbilt,PF,19,Denver Nuggets,17,69,12.4,0.513,0.053,0.526,10.9,25.2,18.0,5.9,4.3,1.3,25.5,19.4,-0.1,0.1,0.1,0.037000000000000005,-6.1,2.1,-4.0,0.0,2255316,838464,1416852,1663861,0,0,0
Fred VanVleet,PG,24,Toronto Raptors,64,1760,13.7,0.539,0.493,0.192,1.3,8.7,5.1,23.9,1.6,0.9,11.2,17.9,2.4,1.9,4.3,0.11699999999999999,0.7,-0.7,0.0,0.9,17653847,8653847,9000000,0,0,0,0
Noah Vonleh,PF,23,New York Knicks,68,1722,13.9,0.561,0.311,0.355,6.7,25.8,16.0,11.1,1.3,2.5,14.7,14.8,1.5,1.7,3.2,0.09,-1.6,1.6,0.0,0.9,1621415,1621415,0,0,0,0,0
Nikola Vučević,C,28,Orlando Magic,80,2510,25.5,0.573,0.171,0.168,9.4,31.9,20.5,21.9,1.6,3.0,9.9,28.0,5.4,4.7,10.1,0.193,3.0,3.4,6.4,5.3,112750000,12750000,0,0,0,0,0
Dwyane Wade,SG,37,Miami Heat,72,1885,15.8,0.51,0.272,0.243,3.9,12.2,8.0,26.5,1.5,1.8,13.5,27.9,0.1,2.3,2.4,0.061,-0.4,0.0,-0.5,0.7,2393887,2393887,0,0,0,0,0
Moritz Wagner,C,21,Los Angeles Lakers,43,446,10.1,0.5329999999999999,0.45,0.31,4.0,15.4,9.8,7.4,1.1,2.4,16.7,21.7,-0.3,0.5,0.2,0.02,-4.0,-1.1,-5.1,-0.3,1762080,1762080,2063520,3893618,2161920,0,0
Dion Waiters,SG,27,Miami Heat,44,1138,11.4,0.53,0.605,0.092,0.7,10.2,5.4,16.4,1.2,0.7,11.4,21.1,0.1,1.1,1.2,0.052000000000000005,-0.3,-1.6,-1.9,0.0,36300000,11550000,12100000,12650000,0,0,0
Kemba Walker,PG,28,Charlotte Hornets,82,2863,21.7,0.5579999999999999,0.434,0.267,1.9,11.9,6.8,29.4,1.7,1.0,10.1,31.5,5.5,1.9,7.4,0.12300000000000001,5.1,-1.7,3.3,3.9,12000000,12000000,0,0,0,0,0
Lonnie Walker,SG,20,San Antonio Spurs,17,118,10.8,0.446,0.28300000000000003,0.217,0.0,15.6,7.9,10.3,2.9,2.2,7.4,20.3,-0.1,0.2,0.0,0.019,-4.7,0.3,-4.4,-0.1,5117640,2357160,2760480,2892000,4447896,0,0
John Wall,PG,28,Washington Wizards,32,1104,18.0,0.527,0.306,0.317,1.5,10.1,5.7,39.2,2.1,2.2,16.1,28.8,0.5,0.7,1.2,0.051,1.1,-1.2,-0.2,0.5,141641800,19169800,37800000,40824000,43848000,46872000,0
Tyrone Wallace,PG,24,Los Angeles Clippers,62,628,7.0,0.45,0.08800000000000001,0.263,3.5,13.2,8.5,9.5,1.6,0.9,12.9,18.7,-0.8,0.5,-0.3,-0.023,-5.5,-0.9,-6.3,-0.7,1349383,1349383,1588231,0,0,0,0
Taurean Waller-Prince,SF,24,Atlanta Hawks,55,1552,11.9,0.575,0.53,0.195,1.5,12.3,6.7,11.1,1.6,1.1,13.4,19.5,0.8,0.7,1.5,0.047,-0.4,-1.5,-1.9,0.0,2526840,2526840,3481986,0,0,0,0
Brad Wanamaker,PG,29,Boston Celtics,36,343,14.3,0.597,0.371,0.267,0.9,11.8,6.4,22.5,1.7,0.5,13.9,17.1,0.6,0.4,1.0,0.134,-0.8,-1.4,-2.2,0.0,2284161,838464,0,0,0,0,0
T.J. Warren,SF,25,Phoenix Suns,43,1360,16.3,0.58,0.295,0.203,2.5,11.8,7.1,7.7,1.8,1.8,7.2,22.7,1.6,0.5,2.1,0.07400000000000001,0.1,-1.8,-1.7,0.1,11750000,11750000,10810000,11750000,12690000,0,0
Russell Westbrook,PG,30,Oklahoma City Thunder,73,2630,21.1,0.501,0.27899999999999997,0.306,4.1,28.3,15.8,46.5,2.5,1.1,16.3,30.9,1.8,5.0,6.8,0.124,2.5,3.9,6.5,5.6,35654150,35654150,38178000,41006000,43848000,46662000,0
Derrick White,PG,24,San Antonio Spurs,67,1728,14.8,0.555,0.262,0.22699999999999998,2.2,13.3,7.8,21.0,1.9,2.3,14.0,17.7,1.7,1.9,3.6,0.10099999999999999,-0.2,1.1,0.9,1.3,3615240,1667160,1948080,3516284,0,0,0
Okaro White,PF,26,Washington Wizards,3,6,-4.5,0.0,1.0,0.0,17.8,18.4,18.1,0.0,0.0,0.0,0.0,14.1,0.0,0.0,0.0,-0.251,-11.0,-8.2,-19.2,0.0,264919,264919,0,0,0,0,0
Hassan Whiteside,C,29,Miami Heat,72,1674,23.5,0.564,0.024,0.35700000000000004,16.3,35.6,25.9,5.6,1.3,7.3,11.0,22.6,2.3,4.0,6.3,0.18,-2.2,3.0,0.8,1.2,25434263,25434263,27093018,0,0,0,0
Andrew Wiggins,SF,23,Minnesota Timberwolves,73,2543,12.4,0.493,0.28800000000000003,0.245,3.5,11.4,7.4,10.9,1.3,1.6,9.3,24.4,-0.6,1.3,0.6,0.012,-1.7,-1.3,-2.9,-0.6,146667250,25467250,27270000,29290000,31310000,33330000,0
Kenrich Williams,SF,24,New Orleans Pelicans,46,1079,9.7,0.485,0.5589999999999999,0.068,5.4,15.5,10.5,9.5,1.9,1.4,11.1,12.3,0.3,0.9,1.2,0.053,-1.2,0.9,-0.3,0.5,1038464,838464,1443842,0,0,0,0
Lou Williams,SG,32,Los Angeles Clippers,75,1993,21.2,0.5539999999999999,0.256,0.426,2.2,9.4,5.9,33.0,1.3,0.4,11.8,32.4,3.9,1.2,5.1,0.12300000000000001,3.1,-2.6,0.4,1.2,24000000,8000000,8000000,8000000,0,0,0
Marvin Williams,PF,32,Charlotte Hornets,75,2133,12.6,0.5479999999999999,0.586,0.132,3.8,17.1,10.3,6.1,1.6,2.5,6.4,14.9,1.9,1.9,3.8,0.086,-0.2,0.5,0.3,1.3,29093750,14087500,15006250,0,0,0,0
Robert Williams,C,21,Boston Celtics,32,283,18.8,0.703,0.0,0.294,10.2,20.4,15.3,3.3,1.5,12.5,14.8,10.3,0.5,0.6,1.2,0.201,-2.4,6.7,4.4,0.5,3591960,1654440,1937520,2029920,3661976,0,0
D.J. Wilson,PF,22,Milwaukee Bucks,48,882,10.3,0.515,0.506,0.187,5.5,19.2,12.8,7.6,0.9,1.9,10.5,14.4,0.3,1.4,1.7,0.09300000000000001,-2.4,0.9,-1.6,0.1,5495400,2534280,2961120,4548280,0,0,0
Justise Winslow,SF,22,Miami Heat,66,1959,12.8,0.513,0.342,0.183,3.4,15.9,9.6,21.9,1.8,0.9,14.9,20.8,0.2,2.6,2.8,0.067,-1.1,1.0,-0.1,1.0,29448926,3448926,13000000,13000000,13000000,0,0
Christian Wood,PF,23,New Orleans Pelicans,8,189,23.4,0.613,0.228,0.446,7.2,27.0,17.3,4.9,1.7,4.3,11.3,26.9,0.3,0.3,0.6,0.152,-0.9,-1.0,-1.9,0.0,1512601,1512601,1645357,0,0,0,0
Delon Wright,PG,26,Memphis Grizzlies,26,802,16.6,0.519,0.294,0.336,4.0,15.9,9.9,26.9,2.6,1.8,11.6,19.2,0.9,1.1,2.0,0.11900000000000001,0.3,1.9,2.2,0.8,2536898,2536898,0,0,0,0,0
Guerschon Yabusele,PF,23,Boston Celtics,41,251,12.4,0.542,0.364,0.28600000000000003,9.8,12.8,11.3,8.2,1.5,2.5,14.8,17.5,0.2,0.3,0.5,0.09,-2.1,-0.1,-2.1,0.0,5784840,2667600,3117240,0,0,0,0
Nick Young,SG,33,Denver Nuggets,4,37,2.3,0.5,0.889,0.0,0.0,2.9,1.5,6.8,0.0,2.4,18.2,12.7,0.0,0.0,0.0,-0.021,-4.4,-2.6,-7.0,0.0,311070,311070,0,0,0,0,0
Thaddeus Young,PF,30,Indiana Pacers,81,2489,16.2,0.569,0.174,0.161,8.7,14.4,11.7,12.0,2.4,1.3,12.0,18.0,3.0,3.9,6.9,0.133,0.8,2.1,2.9,3.1,13764045,13764045,0,0,0,0,0
Trae Young,PG,20,Atlanta Hawks,81,2503,17.0,0.539,0.384,0.33,2.6,10.2,6.3,40.5,1.3,0.5,17.6,28.4,2.5,0.7,3.3,0.062,1.8,-2.8,-1.1,0.6,11629440,5356440,6273000,6571800,8326471,0,0
Cody Zeller,C,26,Charlotte Hornets,49,1243,17.2,0.611,0.064,0.409,9.4,19.7,14.5,12.1,1.5,2.9,13.2,16.3,2.6,1.2,3.9,0.15,0.2,1.7,2.0,1.2,43415730,13528090,14471910,15415730,0,0,0
Tyler Zeller,C,29,Atlanta Hawks,2,11,1.5,0.0,0.5,0.0,18.7,39.1,28.7,10.6,0.0,0.0,0.0,7.4,0.0,0.0,0.0,-0.013000000000000001,-6.8,-0.4,-7.2,0.0,106974,106974,0,0,0,0,0
Tyler Zeller,C,29,Memphis Grizzlies,4,82,19.4,0.64,0.0,0.643,12.1,12.5,12.3,6.2,0.6,3.5,10.0,21.8,0.2,0.1,0.3,0.191,-0.3,-1.3,-1.5,0.0,64185,64185,0,0,0,0,0
Ante Žižić,C,22,Cleveland Cavaliers,59,1082,16.2,0.59,0.0,0.39899999999999997,10.6,22.8,16.4,7.7,0.6,1.8,13.6,18.2,1.7,0.3,2.0,0.087,-1.7,-1.4,-3.1,-0.3,4234560,1952760,2281800,3872215,0,0,0
Ivica Zubac,C,21,Los Angeles Clippers,26,524,18.3,0.574,0.0,0.32299999999999995,12.7,27.2,20.2,10.9,0.9,3.6,14.8,20.1,0.7,0.7,1.4,0.132,-1.2,1.5,0.3,0.3,22544951,1544951,0,0,0,0,0
