Player,Position,Team,GS,FG,FGA,FG%,3P,3PA,3P%,2P,2PA,2P%,FT,FTA,FT%,ORB,DRB,TRB,AST,STL,BLK,TOV,PF,PTS,ORtg,DRtg,Age,G,MP,PER,TS%,3PAr,FTr,ORB%,DRB%,TRB%,AST%,STL%,BLK%,TOV%,USG%,OWS,DWS,WS,WS/48,OBPM,DBPM,BPM,VORP,Guaranteed,Salary 2018-19,Salary 2019-20,Salary 2020-21,Salary 2021-22,Salary 2022-23,Salary 2023-24,role
Paul George,SF,Oklahoma City Thunder,77,11.6,26.5,0.438,4.8,12.4,0.386,6.8,14.1,0.484,7.4,8.9,0.8390000000000001,1.7,8.6,10.3,5.2,2.8,0.6,3.4,3.5,35.5,116.0,105,28,77,2841,23.3,0.583,0.469,0.335,3.7,19.6,11.4,17.7,2.8,1.0,10.0,29.5,7.0,4.9,11.9,0.201,4.7,0.7,5.5,5.3,30560700,30560700,33005556,35450412,37895268,0,0,FU
Steven Adams,C,Oklahoma City Thunder,80,8.4,14.1,0.595,0.0,0.0,0.0,8.4,14.1,0.596,2.6,5.1,0.5,6.8,6.5,13.3,2.2,2.0,1.3,2.4,3.6,19.4,120.0,106,25,80,2669,18.5,0.591,0.002,0.361,14.7,14.8,14.7,6.6,2.0,2.4,12.6,16.4,5.1,4.0,9.1,0.163,0.6,2.1,2.7,3.2,77528091,24157304,25842697,27528090,0,0,0,FU
Russell Westbrook,PG,Oklahoma City Thunder,73,11.2,26.1,0.428,2.1,7.3,0.29,9.1,18.8,0.481,5.3,8.0,0.6559999999999999,1.9,12.4,14.3,13.9,2.5,0.6,5.8,4.3,29.7,105.0,103,30,73,2630,21.1,0.501,0.279,0.306,4.1,28.3,15.8,46.5,2.5,1.1,16.3,30.9,1.8,5.0,6.8,0.124,2.5,3.9,6.5,5.6,35654150,35654150,38178000,41006000,43848000,46662000,0,FU
Jerami Grant,PF,Oklahoma City Thunder,77,7.3,14.7,0.4970000000000001,2.1,5.2,0.392,5.3,9.5,0.555,2.8,3.9,0.71,1.7,5.7,7.5,1.4,1.1,1.8,1.2,3.8,19.5,119.0,108,24,80,2612,13.8,0.5920000000000001,0.35600000000000004,0.269,3.7,13.1,8.2,4.2,1.1,3.2,6.8,15.4,4.0,3.3,7.3,0.134,-0.6,0.9,0.3,1.5,8653847,8653847,9346153,9346153,0,0,0,FU
Dennis Schröder,PG,Oklahoma City Thunder,14,9.2,22.3,0.414,2.5,7.3,0.341,6.7,14.9,0.45,3.8,4.6,0.8190000000000001,0.8,5.0,5.7,6.5,1.3,0.2,3.5,3.8,24.7,103.0,110,25,79,2314,12.7,0.508,0.33,0.206,1.6,11.3,6.3,20.4,1.3,0.4,12.5,24.2,0.4,2.4,2.9,0.06,-1.6,-1.5,-3.1,-0.6,46500000,15500000,15500000,15500000,0,0,0,FU
Mikal Bridges,SF,Phoenix Suns,56,4.8,11.1,0.43,2.1,6.2,0.335,2.7,4.9,0.5479999999999999,1.9,2.3,0.805,1.1,4.1,5.2,3.4,2.5,0.8,1.4,4.0,13.5,112.0,115,22,82,2417,10.8,0.556,0.556,0.21,2.5,9.7,6.0,9.8,2.5,1.3,10.2,12.2,1.7,1.2,2.9,0.058,-0.5,0.3,-0.2,1.1,7713960,3552960,4161000,4359000,5557725,0,0,FU
Devin Booker,SG,Phoenix Suns,64,12.5,26.7,0.467,2.9,8.8,0.326,9.6,17.9,0.536,8.4,9.7,0.866,0.8,4.8,5.6,9.2,1.2,0.3,5.6,4.3,36.2,109.0,118,22,64,2242,20.2,0.584,0.33,0.362,1.9,11.3,6.5,34.1,1.2,0.5,15.4,32.9,3.3,0.3,3.5,0.076,3.8,-3.0,0.8,1.6,161364365,3314365,27250000,29430000,31610000,33790000,35970000,FU
Deandre Ayton,C,Phoenix Suns,70,11.1,19.0,0.585,0.0,0.1,0.0,11.1,18.9,0.588,3.1,4.1,0.746,4.9,11.1,15.9,2.7,1.3,1.5,2.8,4.6,25.4,117.0,113,20,71,2183,20.5,0.608,0.005,0.217,11.1,26.1,18.5,9.6,1.3,2.6,11.7,21.2,4.1,1.7,5.8,0.128,-0.1,0.2,0.2,1.2,17728080,8165160,9562920,10018200,12632950,0,0,FU
Josh Jackson,SG,Phoenix Suns,29,8.3,20.2,0.413,1.8,5.4,0.324,6.6,14.8,0.445,3.4,5.1,0.6709999999999999,1.6,6.7,8.3,4.4,1.8,1.3,4.2,5.0,21.9,91.0,114,21,79,1988,10.6,0.487,0.268,0.253,3.6,15.9,9.7,14.1,1.8,2.3,15.6,23.9,-2.8,1.1,-1.7,-0.04,-4.3,-0.5,-4.8,-1.4,6041520,6041520,7059480,8930242,0,0,0,FU
T.J. Warren,SF,Phoenix Suns,36,10.4,21.5,0.486,2.7,6.3,0.428,7.7,15.1,0.51,3.5,4.4,0.815,1.1,5.0,6.1,2.2,1.8,1.0,1.8,4.2,27.1,111.0,116,25,43,1360,16.3,0.58,0.295,0.203,2.5,11.8,7.1,7.7,1.8,1.8,7.2,22.7,1.6,0.5,2.1,0.07400000000000001,0.1,-1.8,-1.7,0.1,11750000,11750000,10810000,11750000,12690000,0,0,FU
Trae Young,PG,Atlanta Hawks,81,9.7,23.2,0.418,2.9,8.9,0.324,6.8,14.3,0.477,6.3,7.6,0.8290000000000001,1.2,4.4,5.6,12.1,1.3,0.3,5.7,2.6,28.6,107.0,117,20,81,2503,17.0,0.539,0.384,0.33,2.6,10.2,6.3,40.5,1.3,0.5,17.6,28.4,2.5,0.7,3.3,0.062,1.8,-2.8,-1.1,0.6,11629440,5356440,6273000,6571800,8326471,0,0,FU
Kevin Huerter,SG,Atlanta Hawks,59,6.2,14.8,0.419,3.1,8.0,0.385,3.1,6.9,0.457,0.9,1.3,0.732,1.4,4.2,5.5,4.8,1.5,0.6,2.5,3.5,16.4,106.0,116,20,75,2048,10.1,0.5329999999999999,0.537,0.085,3.0,9.7,6.3,14.5,1.5,1.1,13.8,15.7,0.7,0.7,1.5,0.034,-0.9,-1.0,-1.9,0.1,4887240,2250960,2636280,2761920,4253357,0,0,FU
DeAndre' Bembry,SG,Atlanta Hawks,15,6.6,14.7,0.446,1.2,4.1,0.289,5.4,10.6,0.508,2.1,3.3,0.64,1.3,7.3,8.6,4.8,2.5,1.0,3.4,4.5,16.4,97.0,112,24,82,1931,10.8,0.508,0.281,0.221,2.9,16.9,9.7,14.7,2.5,1.8,17.4,17.2,-0.9,1.7,0.9,0.022,-3.3,1.1,-2.2,-0.1,4238622,1634640,2603982,0,0,0,0,FU
John Collins,PF,Atlanta Hawks,59,11.7,21.0,0.56,1.4,4.0,0.348,10.4,17.0,0.609,5.1,6.7,0.763,5.5,9.5,15.0,3.1,0.6,1.0,3.0,5.0,30.0,122.0,115,21,61,1829,21.8,0.627,0.19,0.32,12.3,22.1,17.1,11.0,0.6,1.8,11.2,23.7,5.0,1.0,6.0,0.158,2.6,-1.2,1.4,1.6,4985640,2299080,2686560,4137302,0,0,0,FU
Kent Bazemore,SG,Atlanta Hawks,35,7.8,19.4,0.402,2.7,8.4,0.32,5.1,11.0,0.465,3.6,4.9,0.726,1.0,6.3,7.3,4.3,2.5,1.2,3.4,4.8,21.9,98.0,112,29,67,1643,11.9,0.507,0.434,0.253,2.3,14.6,8.3,13.5,2.5,2.2,13.6,22.0,-0.7,1.4,0.7,0.021,-2.2,0.0,-2.2,-0.1,18089887,18089887,19269662,0,0,0,0,FU
Josh Richardson,SG,Miami Heat,73,8.1,19.7,0.412,3.2,8.9,0.35700000000000004,5.0,10.9,0.458,3.8,4.4,0.861,1.0,4.0,5.1,5.7,1.5,0.7,2.2,3.8,23.3,111.0,110,25,73,2539,14.0,0.536,0.448,0.225,2.3,8.8,5.5,17.9,1.5,1.2,9.1,20.9,3.0,2.6,5.6,0.106,1.0,-0.4,0.6,1.7,9367200,9367200,10100000,10800000,11600000,0,0,FU
Justise Winslow,SF,Miami Heat,52,8.1,18.7,0.433,2.4,6.4,0.375,5.7,12.3,0.462,2.1,3.4,0.628,1.6,7.3,8.9,7.0,1.8,0.5,3.5,4.4,20.7,102.0,108,22,66,1959,12.8,0.513,0.342,0.183,3.4,15.9,9.6,21.9,1.8,0.9,14.9,20.8,0.2,2.6,2.8,0.067,-1.1,1.0,-0.1,1.0,29448926,3448926,13000000,13000000,13000000,0,0,FU
Bam Adebayo,C,Miami Heat,28,7.2,12.4,0.5760000000000001,0.1,0.4,0.2,7.1,12.0,0.588,4.2,5.8,0.735,4.2,11.0,15.2,4.7,1.8,1.7,3.1,5.2,18.6,120.0,104,21,82,1913,17.9,0.623,0.031,0.465,9.2,24.0,16.6,14.2,1.8,3.0,17.1,15.8,3.4,3.4,6.8,0.171,-0.6,3.6,3.0,2.4,6409920,2955840,3454080,5115492,0,0,0,FU
Dwyane Wade,SG,Miami Heat,2,10.8,24.9,0.433,2.2,6.8,0.33,8.6,18.1,0.472,4.3,6.0,0.708,1.8,5.6,7.4,7.8,1.5,1.0,4.3,3.1,28.1,102.0,109,37,72,1885,15.8,0.51,0.272,0.243,3.9,12.2,8.0,26.5,1.5,1.8,13.5,27.9,0.1,2.3,2.4,0.061,-0.4,0.0,-0.5,0.7,2393887,2393887,0,0,0,0,0,FU
Kelly Olynyk,PF,Miami Heat,36,7.0,15.2,0.463,3.0,8.6,0.354,4.0,6.6,0.604,4.1,5.0,0.8220000000000001,1.9,8.2,10.1,3.8,1.4,1.0,3.1,4.9,21.2,114.0,108,27,79,1812,14.4,0.61,0.5660000000000001,0.328,4.2,17.8,11.0,11.4,1.4,1.8,15.0,18.0,2.3,2.5,4.7,0.126,0.3,0.8,1.1,1.4,23805412,12137527,11667885,12198243,0,0,0,FU
DeMar DeRozan,SG,San Antonio Spurs,77,11.5,23.9,0.481,0.1,0.8,0.156,11.3,23.0,0.4920000000000001,6.6,8.0,0.83,1.0,7.4,8.4,8.6,1.6,0.7,3.6,3.2,29.7,110.0,111,29,77,2688,19.6,0.542,0.034,0.336,2.2,16.4,9.4,27.6,1.6,1.1,11.7,27.9,3.6,2.6,6.3,0.112,0.4,0.5,0.9,2.0,55479950,27739975,27739975,27739975,0,0,0,FU
LaMarcus Aldridge,C,San Antonio Spurs,81,12.4,24.0,0.519,0.2,0.8,0.238,12.3,23.2,0.528,6.3,7.5,0.847,4.6,9.0,13.5,3.5,0.8,1.9,2.6,3.3,31.4,117.0,110,33,81,2687,22.9,0.5760000000000001,0.032,0.312,10.3,19.8,15.1,11.6,0.8,3.4,8.8,26.9,6.4,2.9,9.3,0.16699999999999998,1.2,0.5,1.6,2.5,55347015,22347015,26000000,24000000,0,0,0,FU
Bryn Forbes,SG,San Antonio Spurs,81,7.7,16.8,0.456,3.7,8.8,0.426,3.9,8.1,0.489,1.5,1.7,0.885,0.4,4.7,5.1,3.7,1.0,0.1,1.7,3.4,20.6,113.0,114,25,82,2293,12.0,0.586,0.522,0.099,0.9,10.4,5.7,10.6,1.0,0.1,8.8,17.4,2.5,1.3,3.8,0.079,1.0,-1.7,-0.7,0.7,6000000,3125000,2875000,0,0,0,0,FU
Patty Mills,PG,San Antonio Spurs,1,7.2,17.0,0.425,4.1,10.3,0.394,3.1,6.6,0.475,2.3,2.6,0.8540000000000001,0.6,4.0,4.7,6.3,1.3,0.3,2.4,3.3,20.8,112.0,114,30,82,1908,13.2,0.5720000000000001,0.609,0.155,1.4,8.9,5.2,17.6,1.3,0.4,11.6,18.5,2.2,1.2,3.5,0.087,1.5,-2.0,-0.5,0.7,37285714,11571429,12428571,13285714,0,0,0,FU
Rudy Gay,PF,San Antonio Spurs,51,10.0,19.8,0.504,2.0,4.9,0.402,8.0,14.9,0.537,3.2,3.9,0.816,1.7,10.8,12.5,4.8,1.4,0.9,3.0,4.2,25.1,111.0,109,32,69,1842,17.5,0.583,0.247,0.197,3.8,23.9,13.9,14.7,1.4,1.6,12.3,22.1,2.2,2.2,4.4,0.115,0.2,0.8,1.0,1.4,38087200,10087200,0,0,0,0,0,FU
Donovan Mitchell,SG,Utah Jazz,77,12.2,28.2,0.4320000000000001,3.5,9.6,0.362,8.7,18.6,0.468,5.9,7.3,0.8059999999999999,1.1,4.7,5.8,5.9,2.0,0.6,4.0,3.8,33.7,104.0,107,22,77,2598,17.2,0.537,0.339,0.259,2.5,10.5,6.6,21.2,2.0,0.9,11.3,31.6,1.3,3.7,5.0,0.092,0.8,-0.2,0.6,1.7,6747240,3111480,3635760,5195501,0,0,0,FU
Rudy Gobert,C,Utah Jazz,80,8.8,13.2,0.669,0.0,0.0,,8.8,13.2,0.669,6.2,9.7,0.636,5.7,13.6,19.3,3.0,1.2,3.5,2.4,4.3,23.8,133.0,100,26,81,2577,24.6,0.682,0.0,0.733,13.2,30.2,21.9,9.6,1.2,5.8,12.1,17.8,8.7,5.7,14.4,0.268,2.0,5.1,7.0,5.9,74775281,23241573,25008427,26525281,0,0,0,FU
Joe Ingles,PF,Utah Jazz,82,6.7,14.9,0.448,3.5,9.0,0.391,3.2,5.9,0.5329999999999999,1.6,2.3,0.7070000000000001,0.7,5.5,6.1,8.7,1.8,0.4,3.6,3.4,18.5,110.0,107,31,82,2568,13.4,0.581,0.602,0.153,1.5,12.2,7.0,26.1,1.8,0.6,18.4,17.5,2.5,3.6,6.0,0.113,1.0,0.8,1.8,2.5,35863638,13045455,11954546,10863637,0,0,0,FU
Jae Crowder,SF,Utah Jazz,11,7.0,17.6,0.399,3.8,11.5,0.331,3.2,6.1,0.527,3.1,4.4,0.721,1.3,7.2,8.5,2.9,1.4,0.7,1.9,3.8,21.0,107.0,107,28,80,2166,12.1,0.5379999999999999,0.655,0.247,3.1,15.9,9.6,8.9,1.4,1.1,8.8,19.1,1.3,3.1,4.4,0.097,0.0,0.4,0.4,1.3,7305825,7305825,7815533,0,0,0,0,FU
Ricky Rubio,PG,Utah Jazz,67,7.4,18.4,0.404,2.0,6.4,0.311,5.4,12.0,0.454,4.9,5.7,0.855,0.8,5.3,6.1,10.5,2.3,0.3,4.5,4.5,21.8,105.0,107,28,68,1899,14.0,0.52,0.348,0.312,1.9,11.8,6.9,32.1,2.3,0.4,17.8,22.7,0.9,2.8,3.7,0.095,-0.6,0.6,0.0,0.9,14975000,14975000,0,0,0,0,0,FU
D'Angelo Russell,PG,Brooklyn Nets,81,12.8,29.5,0.434,4.5,12.3,0.369,8.3,17.1,0.482,3.1,4.0,0.78,1.0,5.1,6.1,10.9,1.9,0.4,4.9,2.7,33.3,107.0,110,22,81,2448,19.4,0.5329999999999999,0.419,0.135,2.3,11.2,6.8,41.3,1.9,0.6,13.6,31.9,2.4,2.6,5.0,0.097,3.9,-0.5,3.4,3.3,7019698,7019698,0,0,0,0,0,FU
Joe Harris,SG,Brooklyn Nets,76,7.8,15.5,0.5,3.8,8.0,0.474,4.0,7.5,0.528,2.3,2.8,0.8270000000000001,1.1,5.0,6.0,3.8,0.8,0.4,2.5,3.8,21.6,119.0,113,27,76,2293,13.5,0.645,0.516,0.17800000000000002,2.4,10.9,6.7,11.9,0.8,0.6,13.0,17.0,3.8,1.7,5.5,0.116,1.4,-0.5,1.0,1.7,16003333,8333333,7670000,0,0,0,0,FU
Jarrett Allen,C,Brooklyn Nets,80,7.6,12.9,0.59,0.1,1.0,0.133,7.5,11.9,0.629,4.5,6.3,0.7090000000000001,4.3,10.9,15.3,2.5,1.0,2.7,2.3,4.2,19.8,123.0,106,20,80,2096,18.5,0.632,0.079,0.489,9.6,24.0,16.8,7.9,1.0,4.5,13.0,15.9,4.4,3.3,7.6,0.175,-0.7,3.2,2.5,2.4,4410960,2034120,2376840,3909902,0,0,0,FU
Spencer Dinwiddie,PG,Brooklyn Nets,4,9.1,20.6,0.442,3.1,9.2,0.335,6.0,11.4,0.528,7.1,8.9,0.8059999999999999,0.6,3.5,4.1,7.7,1.0,0.4,3.8,4.7,28.4,114.0,113,25,68,1914,16.3,0.58,0.447,0.43,1.4,7.6,4.6,25.6,1.0,0.7,13.4,24.9,3.5,1.4,4.8,0.121,1.9,-2.1,-0.2,0.8,23656092,1656092,10600000,11400000,12300000,0,0,FU
DeMarre Carroll,PF,Brooklyn Nets,8,6.3,16.1,0.395,3.0,8.7,0.342,3.4,7.4,0.457,5.1,6.8,0.76,1.9,7.9,9.8,2.4,0.9,0.3,2.0,3.2,20.8,110.0,111,32,67,1703,12.1,0.546,0.539,0.421,4.2,17.3,10.8,7.2,0.9,0.5,9.7,18.6,1.5,1.6,3.1,0.08800000000000001,-1.0,-0.7,-1.7,0.1,15400000,15400000,0,0,0,0,0,FU
Damian Lillard,PG,Portland Trail Blazers,80,11.6,26.2,0.444,4.0,11.0,0.369,7.6,15.2,0.499,8.0,8.8,0.912,1.2,5.2,6.3,9.4,1.5,0.6,3.6,2.5,35.3,121.0,112,28,80,2838,23.7,0.588,0.419,0.335,2.6,11.1,7.0,30.6,1.5,1.0,10.8,29.3,9.7,2.4,12.1,0.205,6.6,-1.1,5.5,5.4,285406963,27977689,29802321,31626953,43750000,47250000,50750000,FU
CJ McCollum,SG,Portland Trail Blazers,70,11.6,25.3,0.459,3.4,9.1,0.375,8.2,16.3,0.506,3.2,3.9,0.828,1.3,4.5,5.8,4.2,1.1,0.6,2.2,3.5,29.9,113.0,113,27,70,2375,17.0,0.5529999999999999,0.358,0.154,2.9,9.7,6.3,13.8,1.1,0.9,7.4,25.5,4.0,1.7,5.6,0.114,2.2,-1.9,0.3,1.3,82670877,25759766,27556959,29354152,0,0,0,FU
Al-Farouq Aminu,PF,Portland Trail Blazers,81,5.4,12.5,0.433,2.0,5.9,0.343,3.4,6.6,0.514,3.2,3.7,0.867,2.4,10.5,12.9,2.2,1.4,0.7,1.5,3.0,16.1,118.0,109,28,81,2292,13.2,0.568,0.472,0.292,5.3,22.6,14.2,6.0,1.4,1.2,9.7,13.7,3.0,2.8,5.8,0.121,0.1,0.8,0.9,1.7,6957105,6957105,0,0,0,0,0,FU
Jusuf Nurkić,C,Portland Trail Blazers,72,10.3,20.3,0.508,0.1,0.7,0.103,10.2,19.6,0.523,6.9,9.0,0.773,6.0,12.4,18.4,5.7,1.7,2.5,4.1,6.1,27.6,116.0,105,24,72,1974,23.4,0.57,0.035,0.442,13.4,26.7,20.2,17.9,1.7,4.2,14.6,24.7,4.4,3.3,7.8,0.189,1.6,3.6,5.1,3.5,39111111,11111111,12000000,12000000,12000000,0,0,FU
Evan Turner,PG,Portland Trail Blazers,2,6.2,13.4,0.46,0.3,1.6,0.212,5.8,11.8,0.494,2.3,3.2,0.708,1.1,8.8,9.9,8.5,1.0,0.5,3.4,3.3,14.9,105.0,111,30,73,1605,11.6,0.504,0.117,0.239,2.5,18.9,10.9,23.6,1.0,0.9,18.9,15.9,0.5,1.5,2.0,0.06,-2.5,0.7,-1.8,0.1,17868852,17868852,18606557,0,0,0,0,FU
Mike Conley,PG,Memphis Grizzlies,70,10.4,23.8,0.438,3.3,9.0,0.364,7.1,14.7,0.483,7.3,8.6,0.845,0.8,4.2,5.1,9.5,2.0,0.5,2.8,2.6,31.4,117.0,111,31,70,2342,21.4,0.569,0.38,0.363,1.9,9.7,5.7,33.4,2.0,0.9,9.1,27.3,5.7,2.3,8.0,0.16399999999999998,4.8,-1.3,3.4,3.2,30521116,30521116,32511623,34504132,0,0,0,FU
Jaren Jackson,PF,Memphis Grizzlies,56,9.8,19.3,0.506,1.7,4.7,0.359,8.1,14.7,0.5529999999999999,5.0,6.5,0.7659999999999999,2.4,6.5,8.9,2.1,1.7,2.7,3.2,7.2,26.2,108.0,107,19,58,1515,16.4,0.591,0.241,0.334,5.3,15.0,10.1,7.2,1.7,5.1,12.7,22.8,1.2,2.2,3.3,0.105,-1.4,1.4,0.1,0.8,12842520,5915040,6927480,7257360,9180560,0,0,FU
Justin Holiday,SG,Memphis Grizzlies,39,5.8,14.8,0.389,2.5,7.6,0.333,3.3,7.3,0.447,2.1,2.3,0.9,1.0,4.9,6.0,2.4,2.1,0.6,2.2,3.3,16.2,96.0,110,29,44,1282,8.9,0.509,0.509,0.157,2.3,11.3,6.7,7.1,2.1,1.1,12.2,16.3,-0.6,1.4,0.8,0.029,-2.6,0.3,-2.2,-0.1,4384616,4384616,0,0,0,0,0,FU
Kyle Anderson,SF,Memphis Grizzlies,40,5.8,10.7,0.5429999999999999,0.3,1.3,0.265,5.5,9.4,0.583,1.4,2.5,0.578,1.9,7.9,9.7,5.0,2.1,1.4,2.3,4.3,13.4,110.0,107,25,43,1281,12.8,0.569,0.123,0.232,4.1,18.1,11.0,15.0,2.1,2.7,16.0,12.6,0.8,1.8,2.7,0.1,-2.1,3.3,1.2,1.0,37156300,8641000,9073050,9505100,9937150,0,0,FU
Delon Wright,PG,Memphis Grizzlies,11,7.1,16.4,0.434,1.2,4.8,0.256,5.9,11.6,0.508,4.1,5.5,0.742,1.8,6.9,8.7,8.6,2.6,0.9,2.5,3.1,19.6,110.0,107,26,26,802,16.6,0.519,0.294,0.336,4.0,15.9,9.9,26.9,2.6,1.8,11.6,19.2,0.9,1.1,2.0,0.119,0.3,1.9,2.2,0.8,2536898,2536898,0,0,0,0,0,FU
Bojan Bogdanović,SF,Indiana Pacers,81,9.9,20.0,0.4970000000000001,3.1,7.3,0.425,6.8,12.6,0.5379999999999999,4.7,5.8,0.807,0.6,5.7,6.3,3.1,1.3,0.0,2.5,2.6,27.6,114.0,110,29,81,2573,16.1,0.613,0.3670000000000001,0.29,1.5,12.7,7.2,9.5,1.3,0.0,10.2,22.4,3.9,2.8,6.8,0.126,1.4,-1.4,0.0,1.3,10500000,10500000,0,0,0,0,0,FU
Thaddeus Young,PF,Indiana Pacers,81,8.7,16.5,0.527,1.0,2.9,0.349,7.7,13.7,0.564,1.7,2.7,0.644,3.8,6.5,10.3,4.0,2.4,0.7,2.4,3.8,20.1,113.0,106,30,81,2489,16.2,0.569,0.174,0.161,8.7,14.4,11.7,12.0,2.4,1.3,12.0,18.0,3.0,3.9,6.9,0.133,0.8,2.1,2.9,3.1,13764045,13764045,0,0,0,0,0,FU
Darren Collison,PG,Indiana Pacers,76,7.0,15.0,0.467,1.8,4.4,0.407,5.2,10.6,0.4920000000000001,3.6,4.3,0.8320000000000001,0.8,4.5,5.3,10.5,2.5,0.2,2.9,3.1,19.5,118.0,108,31,76,2143,16.7,0.574,0.294,0.28800000000000003,1.9,9.9,6.0,29.9,2.5,0.4,14.4,17.7,3.9,2.9,6.8,0.153,1.2,0.0,1.2,1.8,10000000,10000000,0,0,0,0,0,FU
Myles Turner,C,Indiana Pacers,74,8.8,18.0,0.487,1.8,4.5,0.388,7.0,13.5,0.521,3.4,4.6,0.736,2.3,9.9,12.3,2.7,1.4,4.6,2.3,4.5,22.7,110.0,101,22,74,2119,18.0,0.5670000000000001,0.251,0.258,5.4,22.0,13.9,8.0,1.4,8.4,10.3,20.0,1.9,4.4,6.3,0.14400000000000002,-1.4,4.7,3.3,2.8,75410284,3410284,18000000,18000000,18000000,18000000,0,FU
Cory Joseph,PG,Indiana Pacers,9,5.4,13.0,0.412,1.3,4.1,0.322,4.1,8.9,0.454,0.7,1.0,0.698,0.9,5.7,6.6,7.6,2.2,0.5,1.9,3.1,12.7,105.0,107,27,82,2063,11.0,0.474,0.312,0.078,2.1,12.6,7.5,20.7,2.2,0.9,12.4,13.7,0.5,2.9,3.5,0.081,-2.0,1.4,-0.5,0.8,7945000,7945000,0,0,0,0,0,FU
Khris Middleton,SF,Milwaukee Bucks,77,9.8,22.3,0.441,3.5,9.2,0.378,6.4,13.1,0.485,4.2,5.0,0.8370000000000001,1.0,8.0,9.0,6.4,1.6,0.1,3.4,3.3,27.3,109.0,106,27,77,2393,16.5,0.5579999999999999,0.413,0.225,2.3,16.5,9.8,20.1,1.6,0.2,12.1,25.1,2.5,3.6,6.1,0.123,0.7,0.1,0.8,1.7,150103448,13000000,0,0,0,0,0,FU
Giannis Antetokounmpo,PF,Milwaukee Bucks,72,14.2,24.6,0.578,1.0,4.0,0.256,13.2,20.6,0.6409999999999999,9.9,13.5,0.7290000000000001,3.1,14.6,17.7,8.4,1.8,2.2,5.3,4.6,39.3,121.0,99,24,72,2358,30.9,0.644,0.163,0.55,7.3,30.0,19.3,30.3,1.8,3.9,14.8,32.3,8.9,5.5,14.4,0.292,5.7,5.0,10.8,7.6,77528091,24157304,25842697,27528090,0,0,0,FU
Brook Lopez,C,Milwaukee Bucks,81,7.1,15.7,0.452,3.7,10.2,0.365,3.4,5.5,0.613,2.2,2.7,0.8420000000000001,0.7,7.3,7.9,2.0,1.0,3.6,1.6,3.8,20.2,113.0,103,30,81,2322,14.6,0.597,0.6509999999999999,0.16899999999999998,1.5,15.0,8.7,5.7,1.0,6.5,8.9,16.7,2.3,4.3,6.7,0.138,-0.2,2.9,2.7,2.8,55382000,3382000,0,0,0,0,0,FU
Eric Bledsoe,PG,Milwaukee Bucks,78,9.6,19.9,0.484,2.5,7.7,0.329,7.1,12.2,0.5820000000000001,3.6,4.8,0.75,1.7,5.7,7.4,8.8,2.4,0.6,3.4,3.2,25.4,116.0,105,29,78,2272,19.3,0.5770000000000001,0.388,0.243,3.9,11.8,8.1,27.4,2.4,1.1,13.3,22.9,4.4,3.7,8.2,0.173,2.5,1.0,3.5,3.2,85000000,15000000,15625000,16875000,18125000,19375000,0,FU
Malcolm Brogdon,SG,Milwaukee Bucks,64,9.6,19.0,0.505,2.6,6.2,0.426,7.0,12.8,0.544,3.6,3.9,0.928,1.6,5.7,7.3,5.2,1.2,0.3,2.3,2.6,25.4,121.0,108,26,64,1832,17.8,0.614,0.326,0.203,3.8,11.7,8.0,16.2,1.2,0.6,10.0,20.7,4.2,2.3,6.5,0.171,1.9,-0.3,1.5,1.6,1544951,1544951,0,0,0,0,0,FU
Pascal Siakam,PF,Toronto Raptors,79,9.8,17.8,0.5489999999999999,1.5,4.0,0.369,8.3,13.7,0.602,4.5,5.7,0.785,2.3,8.0,10.3,4.7,1.4,1.0,2.9,4.5,25.5,120.0,107,24,80,2548,18.7,0.628,0.226,0.32,5.4,17.5,11.6,14.6,1.4,1.7,12.5,20.8,5.7,3.6,9.3,0.175,2.0,1.4,3.4,3.5,3896790,1544951,2351839,0,0,0,0,FU
Danny Green,SG,Toronto Raptors,80,6.3,13.6,0.465,4.3,9.4,0.455,2.1,4.2,0.487,0.8,1.0,0.841,1.3,5.6,6.9,2.7,1.6,1.1,1.6,3.7,17.8,119.0,108,31,80,2216,13.0,0.632,0.69,0.07,3.0,12.2,7.7,7.7,1.6,2.0,10.4,14.1,3.0,2.9,5.9,0.128,1.7,1.2,2.9,2.7,10000000,10000000,0,0,0,0,0,FU
Kyle Lowry,PG,Toronto Raptors,65,6.6,16.0,0.411,3.4,9.8,0.34700000000000003,3.2,6.2,0.514,3.5,4.2,0.83,0.9,5.9,6.8,12.2,2.0,0.7,3.9,3.6,20.1,115.0,108,32,65,2213,16.5,0.562,0.613,0.263,2.1,12.9,7.6,34.8,2.0,1.2,18.1,19.6,3.6,3.0,6.6,0.14400000000000002,2.5,0.6,3.1,2.8,64496296,31200000,33296296,0,0,0,0,FU
Kawhi Leonard,SF,Toronto Raptors,60,13.2,26.5,0.496,2.6,7.1,0.371,10.5,19.4,0.542,8.6,10.0,0.8540000000000001,1.8,8.5,10.3,4.7,2.5,0.6,2.8,2.0,37.5,119.0,105,27,60,2040,25.8,0.606,0.267,0.377,4.2,18.6,11.6,16.4,2.5,1.0,8.4,30.3,6.1,3.4,9.5,0.224,4.3,0.7,5.0,3.6,23114067,23114067,0,0,0,0,0,FU
Serge Ibaka,C,Toronto Raptors,51,11.1,20.9,0.529,1.2,4.0,0.29,9.9,16.9,0.586,3.2,4.2,0.763,3.7,10.6,14.3,2.4,0.7,2.5,2.7,5.0,26.5,113.0,105,29,74,2010,18.7,0.5820000000000001,0.193,0.202,8.6,23.2,16.1,7.7,0.7,4.3,10.7,22.9,2.8,3.3,6.1,0.146,-0.7,1.2,0.5,1.3,44938271,21666667,23271604,0,0,0,0,FU
Zach LaVine,SG,Chicago Bulls,62,11.8,25.4,0.467,2.7,7.2,0.374,9.2,18.2,0.504,7.0,8.4,0.8320000000000001,0.9,5.7,6.6,6.3,1.3,0.6,4.8,3.1,33.3,106.0,115,23,63,2171,18.7,0.574,0.28300000000000003,0.33,2.0,12.9,7.4,22.6,1.3,1.0,14.2,30.5,1.7,1.1,2.8,0.062,1.8,-1.7,0.0,1.1,78000000,19500000,19500000,19500000,19500000,0,0,FU
Ryan Arcidiacono,PG,Chicago Bulls,32,4.6,10.3,0.447,2.0,5.4,0.373,2.6,5.0,0.527,2.2,2.5,0.873,0.7,4.7,5.4,6.7,1.6,0.1,1.6,4.2,13.5,121.0,115,24,81,1961,11.6,0.588,0.519,0.244,1.5,10.8,6.1,18.9,1.6,0.2,12.0,11.7,2.8,0.9,3.7,0.09,-0.1,-1.0,-1.0,0.5,7349383,1349383,0,0,0,0,0,FU
Lauri Markkanen,PF,Chicago Bulls,51,9.9,22.9,0.43,3.5,9.6,0.361,6.4,13.3,0.479,4.9,5.6,0.872,2.1,11.4,13.6,2.2,1.1,1.0,2.5,3.5,28.1,107.0,112,21,52,1682,17.1,0.5529999999999999,0.418,0.245,4.7,25.9,15.2,7.2,1.1,1.7,8.8,25.1,1.3,1.5,2.7,0.078,-0.3,-1.6,-1.9,0.0,9836520,4536120,5300400,6731508,0,0,0,FU
Robin Lopez,C,Chicago Bulls,36,9.2,16.2,0.568,0.2,0.9,0.226,9.0,15.2,0.589,2.7,3.7,0.7240000000000001,4.2,4.4,8.6,2.7,0.3,2.4,2.9,3.7,21.3,113.0,115,30,74,1606,15.9,0.598,0.058,0.23,9.4,10.0,9.7,8.8,0.3,4.2,14.0,18.6,2.0,0.7,2.7,0.081,-1.0,-0.1,-1.1,0.4,14357750,14357750,0,0,0,0,0,FU
Shaquille Harrison,PG,Chicago Bulls,11,6.2,14.4,0.4320000000000001,0.8,3.0,0.27,5.4,11.4,0.475,2.8,4.2,0.667,1.1,6.4,7.5,4.7,3.0,1.0,2.0,4.2,16.1,101.0,110,25,73,1430,12.4,0.494,0.209,0.289,2.5,14.5,8.4,14.1,3.0,1.8,11.1,16.5,-0.1,1.6,1.4,0.048,-2.7,1.4,-1.3,0.2,1486265,1311265,0,0,0,0,0,FU
Bradley Beal,SG,Washington Wizards,82,11.9,25.2,0.475,3.3,9.3,0.35100000000000003,8.7,15.8,0.5479999999999999,5.7,7.0,0.8079999999999999,1.4,5.0,6.4,7.0,1.9,0.9,3.5,3.5,32.8,113.0,114,25,82,3028,20.8,0.581,0.37,0.278,3.1,11.7,7.4,24.1,1.9,1.6,11.0,28.4,5.9,1.7,7.6,0.12,3.9,-1.1,2.8,3.7,81279057,25434263,27093019,28751775,0,0,0,FU
Tomáš Satoranský,PG,Washington Wizards,54,5.6,11.6,0.485,1.4,3.5,0.395,4.2,8.1,0.524,2.9,3.5,0.8190000000000001,1.8,4.3,6.1,8.7,1.8,0.3,2.6,3.8,15.5,121.0,116,27,80,2164,14.1,0.59,0.306,0.302,4.0,10.0,7.0,24.6,1.8,0.5,16.7,14.1,3.8,0.9,4.7,0.104,0.4,-1.0,-0.6,0.8,3129187,3129187,0,0,0,0,0,FU
Jeff Green,PF,Washington Wizards,44,7.4,15.5,0.475,2.5,7.2,0.34700000000000003,4.9,8.3,0.586,4.1,4.7,0.888,1.3,5.7,7.0,3.1,1.0,0.9,2.3,3.6,21.4,115.0,116,32,77,2097,13.6,0.608,0.466,0.3,2.9,13.3,8.0,9.2,1.0,1.6,11.5,17.8,2.8,0.8,3.6,0.083,0.2,-1.4,-1.2,0.4,2393887,2393887,0,0,0,0,0,FU
Thomas Bryant,C,Washington Wizards,53,9.8,15.9,0.616,1.0,3.1,0.333,8.7,12.8,0.685,3.4,4.3,0.7809999999999999,3.6,10.8,14.4,2.9,0.8,2.1,1.9,4.0,24.0,130.0,112,21,72,1496,21.0,0.674,0.197,0.273,8.1,25.1,16.5,9.3,0.8,3.8,9.6,17.6,4.3,1.3,5.6,0.17800000000000002,1.2,0.4,1.6,1.3,26378242,1378242,0,0,0,0,0,FU
Trevor Ariza,SF,Washington Wizards,43,6.7,16.5,0.409,3.1,9.5,0.322,3.7,6.9,0.528,3.0,3.9,0.777,1.1,6.2,7.3,5.3,1.7,0.4,2.2,2.8,19.6,109.0,115,33,43,1465,13.0,0.5379999999999999,0.58,0.238,2.5,14.5,8.4,15.5,1.7,0.7,10.6,18.2,1.1,0.8,1.9,0.062,0.6,-0.8,-0.2,0.7,15000000,15000000,0,0,0,0,0,FU
Aaron Gordon,PF,Orlando Magic,78,8.7,19.4,0.449,2.2,6.4,0.349,6.5,13.0,0.499,3.4,4.7,0.731,2.4,8.3,10.7,5.4,1.1,1.0,3.0,3.2,23.2,107.0,109,23,78,2633,15.1,0.5379999999999999,0.332,0.242,5.2,18.4,11.7,16.6,1.1,1.8,12.3,21.8,1.8,3.3,5.1,0.093,-0.2,1.2,1.0,2.0,76000000,21590909,19863636,18136364,16409091,0,0,FU
Evan Fournier,SG,Orlando Magic,81,9.0,20.5,0.438,2.9,8.6,0.34,6.0,11.9,0.509,2.6,3.3,0.8059999999999999,0.7,4.2,4.9,5.7,1.4,0.2,3.0,4.3,23.5,104.0,111,26,81,2553,12.3,0.536,0.421,0.159,1.6,9.4,5.4,17.6,1.4,0.4,11.9,22.1,0.8,2.5,3.2,0.061,-0.4,-1.1,-1.5,0.3,34000000,17000000,17000000,17000000,0,0,0,FU
Nikola Vučević,C,Orlando Magic,80,13.7,26.4,0.518,1.6,4.5,0.364,12.0,21.9,0.5489999999999999,3.5,4.4,0.789,4.4,14.3,18.7,6.0,1.6,1.7,3.1,3.1,32.5,115.0,103,28,80,2510,25.5,0.573,0.171,0.168,9.4,31.9,20.5,21.9,1.6,3.0,9.9,28.0,5.4,4.7,10.1,0.193,3.0,3.4,6.4,5.3,112750000,12750000,0,0,0,0,0,FU
D.J. Augustin,PG,Orlando Magic,81,6.9,14.6,0.47,2.8,6.7,0.421,4.0,7.9,0.511,3.9,4.5,0.866,0.9,3.5,4.4,9.2,1.1,0.1,2.8,2.5,20.4,122.0,112,31,81,2269,15.7,0.616,0.459,0.309,1.9,7.8,4.8,26.9,1.1,0.1,14.3,17.2,5.0,1.9,6.9,0.146,1.7,-2.0,-0.3,1.0,14500000,7250000,7250000,0,0,0,0,FU
Terrence Ross,SG,Orlando Magic,0,10.0,23.4,0.428,4.9,12.9,0.383,5.1,10.5,0.484,2.9,3.3,0.875,0.6,5.8,6.4,3.1,1.6,0.7,2.0,2.7,27.8,108.0,109,27,81,2150,15.4,0.561,0.551,0.14,1.3,12.8,7.0,9.9,1.6,1.1,7.6,23.9,1.7,2.6,4.3,0.095,1.0,-1.3,-0.3,0.9,60500000,10500000,0,0,0,0,0,FU
Kemba Walker,PG,Charlotte Hornets,82,12.4,28.6,0.434,4.4,12.4,0.35600000000000004,8.0,16.2,0.494,6.5,7.6,0.8440000000000001,0.9,5.2,6.1,8.2,1.7,0.6,3.6,2.2,35.7,112.0,114,28,82,2863,21.7,0.5579999999999999,0.434,0.267,1.9,11.9,6.8,29.4,1.7,1.0,10.1,31.5,5.5,1.9,7.4,0.123,5.1,-1.7,3.3,3.9,12000000,12000000,0,0,0,0,0,FU
Nicolas Batum,SF,Charlotte Hornets,72,5.2,11.6,0.45,2.4,6.2,0.389,2.8,5.5,0.519,1.6,1.8,0.865,1.5,6.6,8.1,5.1,1.5,0.9,2.4,2.9,14.4,112.0,113,30,75,2354,11.9,0.581,0.53,0.158,3.2,14.9,8.9,14.5,1.5,1.6,16.3,13.2,2.0,1.7,3.7,0.076,-0.1,0.9,0.8,1.7,49565217,24000000,25565217,27130434,0,0,0,FU
Jeremy Lamb,SG,Charlotte Hornets,55,9.3,21.2,0.44,2.5,7.1,0.348,6.8,14.0,0.487,5.0,5.6,0.888,1.4,8.0,9.4,3.7,1.9,0.7,1.7,3.0,26.1,113.0,111,26,79,2250,17.3,0.552,0.337,0.266,3.1,18.1,10.4,11.9,1.9,1.2,6.8,22.5,3.3,2.0,5.3,0.113,0.6,-0.6,0.1,1.2,7488372,7488372,0,0,0,0,0,FU
Marvin Williams,PF,Charlotte Hornets,75,6.3,14.9,0.422,3.2,8.7,0.366,3.1,6.2,0.5,1.5,2.0,0.767,1.7,7.5,9.3,2.1,1.6,1.4,1.1,3.6,17.2,112.0,111,32,75,2133,12.6,0.5479999999999999,0.586,0.132,3.8,17.1,10.3,6.1,1.6,2.5,6.4,14.9,1.9,1.9,3.8,0.086,-0.2,0.5,0.3,1.3,29093750,14087500,15006250,0,0,0,0,FU
Miles Bridges,SF,Charlotte Hornets,25,6.8,14.7,0.464,1.9,5.7,0.325,4.9,8.9,0.5529999999999999,1.7,2.2,0.753,1.9,7.3,9.3,2.7,1.6,1.4,1.4,3.2,17.1,111.0,112,20,80,1696,13.1,0.5479999999999999,0.391,0.151,4.2,16.6,10.3,8.1,1.6,2.5,8.4,15.1,1.4,1.5,2.9,0.083,-1.2,0.5,-0.6,0.6,6962040,3206640,3755400,3934320,5421493,0,0,FU
Buddy Hield,SG,Sacramento Kings,82,11.1,24.2,0.458,4.9,11.6,0.4270000000000001,6.1,12.6,0.487,3.0,3.4,0.8859999999999999,1.9,5.4,7.3,3.6,1.0,0.6,2.6,3.6,30.2,113.0,114,26,82,2615,17.5,0.5870000000000001,0.479,0.142,4.1,12.4,8.1,11.9,1.0,1.1,9.2,25.1,4.3,1.6,5.9,0.108,3.1,-2.0,1.1,2.1,8694968,3833760,4861208,0,0,0,0,FU
De'Aaron Fox,PG,Sacramento Kings,81,9.2,20.1,0.458,1.6,4.2,0.371,7.7,15.9,0.482,5.5,7.6,0.727,0.8,4.8,5.6,10.8,2.4,0.8,4.1,3.7,25.6,110.0,111,21,81,2546,18.1,0.544,0.211,0.378,1.7,10.8,6.2,33.2,2.4,1.5,15.0,24.5,3.2,2.5,5.6,0.106,1.1,0.0,1.1,2.0,11863680,5470920,6392760,8099627,0,0,0,FU
Willie Cauley-Stein,C,Sacramento Kings,81,8.7,15.6,0.556,0.0,0.0,0.5,8.6,15.5,0.556,2.9,5.3,0.551,3.8,10.5,14.3,4.1,2.0,1.1,1.8,4.8,20.3,118.0,108,25,81,2213,18.0,0.5660000000000001,0.003,0.343,8.2,23.7,15.8,12.3,2.0,2.0,9.0,17.5,3.8,2.9,6.7,0.146,-0.2,2.2,2.0,2.3,4696875,4696875,0,0,0,0,0,FU
Bogdan Bogdanović,SG,Sacramento Kings,17,8.6,20.6,0.418,3.2,8.9,0.36,5.4,11.7,0.462,3.2,3.9,0.8270000000000001,1.0,4.9,5.8,6.4,1.7,0.4,2.8,3.4,23.7,107.0,113,26,70,1947,14.1,0.53,0.431,0.188,2.1,11.0,6.4,19.3,1.7,0.7,11.1,22.3,1.3,1.4,2.7,0.067,0.5,-1.2,-0.7,0.6,17529386,9000000,8529386,0,0,0,0,FU
Nemanja Bjelica,PF,Sacramento Kings,70,7.4,15.4,0.479,2.7,6.7,0.401,4.7,8.7,0.539,1.8,2.4,0.7609999999999999,3.3,8.3,11.6,3.8,1.4,1.5,2.1,5.1,19.3,117.0,110,30,77,1788,15.4,0.585,0.433,0.155,7.0,18.8,12.8,11.1,1.4,2.7,11.5,16.5,2.7,1.9,4.5,0.122,0.8,1.2,2.0,1.8,13325000,6500000,6825000,7150000,0,0,0,FU
Kevin Knox,PF,New York Knicks,57,7.5,20.4,0.37,2.8,8.1,0.343,4.8,12.3,0.387,3.6,5.0,0.7170000000000001,1.4,6.1,7.5,1.8,1.0,0.5,2.5,3.9,21.5,93.0,116,19,75,2158,8.7,0.475,0.398,0.247,2.9,13.6,8.1,6.0,1.0,0.9,10.1,22.3,-2.2,0.9,-1.3,-0.03,-3.6,-2.4,-6.0,-2.2,8120040,3739920,4380120,4588680,5845978,0,0,FU
Damyean Dotson,SG,New York Knicks,40,7.0,16.8,0.415,3.0,8.2,0.368,3.9,8.6,0.461,1.8,2.4,0.745,0.8,5.5,6.3,3.2,1.4,0.2,1.7,3.2,18.7,105.0,116,24,73,2004,10.8,0.526,0.49,0.14,1.7,12.2,6.8,10.4,1.4,0.4,8.7,17.3,0.7,0.9,1.5,0.037000000000000005,-0.9,-1.4,-2.3,-0.2,2996762,1378242,1618520,0,0,0,0,FU
Noah Vonleh,PF,New York Knicks,57,5.8,12.3,0.47,1.3,3.8,0.336,4.5,8.5,0.531,3.1,4.4,0.7120000000000001,3.2,11.6,14.8,3.6,1.3,1.4,2.5,4.9,16.0,111.0,111,23,68,1722,13.9,0.561,0.311,0.355,6.7,25.8,16.0,11.1,1.3,2.5,14.7,14.8,1.5,1.7,3.2,0.09,-1.6,1.6,0.0,0.9,1621415,1621415,0,0,0,0,0,FU
Emmanuel Mudiay,PG,New York Knicks,42,9.9,22.2,0.446,2.1,6.3,0.329,7.8,15.9,0.4920000000000001,4.3,5.6,0.774,1.0,4.9,5.9,6.8,1.3,0.6,4.2,3.1,26.2,102.0,116,22,59,1607,14.6,0.531,0.284,0.251,2.1,10.9,6.4,24.2,1.3,1.0,14.6,25.6,0.1,0.7,0.8,0.023,-0.5,-1.9,-2.4,-0.2,4294480,4294480,0,0,0,0,0,FU
Allonzo Trier,SG,New York Knicks,3,7.7,17.1,0.448,1.7,4.4,0.394,5.9,12.8,0.466,5.9,7.4,0.8029999999999999,1.0,5.5,6.5,3.9,0.9,0.5,3.8,3.9,23.0,104.0,116,23,64,1459,12.2,0.564,0.255,0.431,2.2,12.2,7.1,12.9,0.9,0.8,15.8,21.5,0.4,0.5,0.9,0.03,-2.2,-2.0,-4.2,-0.8,6933100,3382000,3551100,0,0,0,0,FU
Kyle Kuzma,PF,Los Angeles Lakers,68,10.0,21.9,0.456,2.6,8.5,0.303,7.4,13.4,0.5529999999999999,3.8,5.0,0.752,1.2,6.5,7.7,3.6,0.8,0.5,2.7,3.4,26.3,106.0,112,23,70,2314,14.0,0.546,0.388,0.23,2.7,14.1,8.5,11.5,0.8,0.9,10.0,23.8,1.2,1.9,3.1,0.065,-0.3,-1.3,-1.7,0.2,3664440,1689840,1974600,3562178,0,0,0,FU
Kentavious Caldwell-Pope,SG,Los Angeles Lakers,23,7.4,17.3,0.43,3.5,9.9,0.34700000000000003,4.0,7.3,0.542,3.1,3.6,0.867,1.1,4.3,5.4,2.5,1.7,0.3,1.5,3.1,21.4,113.0,112,25,82,2035,12.9,0.568,0.575,0.209,2.5,9.4,6.0,7.5,1.7,0.5,7.3,18.1,2.3,1.8,4.0,0.095,0.6,-1.2,-0.6,0.7,20089282,12000000,0,0,0,0,0,FU
LeBron James,SF,Los Angeles Lakers,55,13.4,26.3,0.51,2.7,7.9,0.339,10.7,18.4,0.5820000000000001,6.7,10.0,0.665,1.4,9.8,11.2,10.9,1.7,0.8,4.7,2.3,36.2,114.0,108,34,55,1937,25.6,0.588,0.299,0.382,3.1,21.3,12.4,39.4,1.7,1.4,13.3,31.6,4.7,2.6,7.2,0.179,6.2,1.9,8.1,4.9,112310573,35654150,37436858,39219565,41002273,0,0,FU
Brandon Ingram,SF,Los Angeles Lakers,52,9.6,19.3,0.4970000000000001,0.8,2.5,0.33,8.8,16.8,0.521,5.2,7.6,0.675,1.1,6.0,7.1,4.1,0.7,0.8,3.4,3.9,25.1,104.0,112,21,52,1760,13.4,0.555,0.129,0.396,2.5,13.0,7.8,12.9,0.7,1.4,13.1,23.2,0.6,1.4,2.0,0.055,-2.2,-0.6,-2.8,-0.3,5757120,5757120,7265485,0,0,0,0,FU
Josh Hart,SG,Los Angeles Lakers,22,5.1,12.6,0.407,2.5,7.4,0.336,2.6,5.2,0.511,1.5,2.2,0.688,0.9,5.8,6.7,2.5,1.7,1.1,1.6,4.0,14.2,103.0,110,23,67,1715,9.3,0.526,0.591,0.172,2.2,12.6,7.5,7.0,1.7,1.9,10.4,13.5,0.2,1.9,2.1,0.059,-1.8,1.1,-0.7,0.6,1655160,1655160,1934160,3491159,0,0,0,FU
Luka Dončić,SG,Dallas Mavericks,72,10.6,24.8,0.4270000000000001,3.5,10.8,0.327,7.1,14.1,0.503,7.2,10.1,0.713,1.8,10.0,11.8,9.0,1.6,0.5,5.2,2.9,31.9,107.0,109,19,72,2318,19.6,0.545,0.433,0.409,4.0,21.9,13.0,31.6,1.6,0.9,15.0,30.5,2.1,2.8,4.9,0.101,2.9,1.2,4.1,3.6,14244000,6560640,7683360,8049360,10174391,0,0,FU
Dorian Finney-Smith,SF,Dallas Mavericks,26,5.6,12.9,0.4320000000000001,1.9,6.2,0.311,3.6,6.7,0.544,1.8,2.5,0.7090000000000001,3.4,6.1,9.5,2.3,1.7,0.9,1.8,4.5,14.9,109.0,111,25,81,1985,11.0,0.53,0.481,0.195,7.5,13.4,10.5,6.9,1.7,1.5,11.4,14.0,1.2,2.0,3.3,0.079,-1.0,1.1,0.2,1.1,13544951,1544951,0,0,0,0,0,FU
Dwight Powell,C,Dallas Mavericks,22,8.5,14.2,0.597,1.1,3.7,0.307,7.3,10.5,0.6990000000000001,5.7,7.4,0.772,4.1,7.9,12.0,3.3,1.3,1.5,2.0,5.9,23.8,135.0,110,27,77,1662,20.4,0.682,0.261,0.523,9.1,17.3,13.2,10.7,1.3,2.6,10.1,17.2,5.6,1.9,7.5,0.215,2.8,1.2,4.0,2.5,52890625,9631250,10259375,10185185,11000000,11814815,0,FU
Jalen Brunson,PG,Dallas Mavericks,38,8.0,17.2,0.467,1.9,5.5,0.348,6.1,11.7,0.523,2.7,3.7,0.725,0.8,4.4,5.2,7.0,1.1,0.1,2.7,3.9,20.7,110.0,114,22,73,1591,12.8,0.5489999999999999,0.32,0.212,1.7,9.6,5.7,22.6,1.1,0.2,12.5,19.1,1.5,1.0,2.6,0.077,-0.8,-1.6,-2.5,-0.2,4310443,1230000,1416582,1663861,1802057,0,0,FU
Maxi Kleber,PF,Dallas Mavericks,18,5.7,12.5,0.453,2.5,7.0,0.353,3.2,5.4,0.583,1.9,2.4,0.784,2.9,7.7,10.6,2.3,1.2,2.5,1.7,4.6,15.7,115.0,109,27,71,1502,13.1,0.579,0.565,0.192,6.5,16.9,11.7,6.8,1.2,4.4,11.4,13.5,1.6,1.8,3.5,0.111,-0.8,2.3,1.5,1.3,35378242,1378242,0,0,0,0,0,FU
Nikola Jokić,C,Denver Nuggets,80,12.1,23.7,0.511,1.6,5.3,0.307,10.5,18.4,0.569,5.7,6.9,0.821,4.5,12.5,17.0,11.4,2.1,1.1,4.9,4.5,31.5,119.0,105,23,80,2504,26.3,0.589,0.224,0.292,9.8,27.6,18.7,37.0,2.1,1.9,15.4,27.4,7.5,4.3,11.8,0.226,5.7,3.8,9.5,7.3,142710045,24605181,26573595,28542009,30510423,32478837,0,FU
Jamal Murray,PG,Denver Nuggets,74,10.3,23.5,0.4370000000000001,3.1,8.3,0.3670000000000001,7.2,15.2,0.476,3.8,4.5,0.848,1.3,5.1,6.4,7.3,1.3,0.5,3.2,3.1,27.4,110.0,111,21,75,2447,16.0,0.5379999999999999,0.353,0.19,2.9,11.2,7.0,22.4,1.3,1.0,11.1,24.9,2.8,2.3,5.1,0.1,1.1,-1.0,0.1,1.3,7944546,3499800,4444746,0,0,0,0,FU
Monte Morris,PG,Denver Nuggets,6,8.6,17.5,0.493,2.3,5.7,0.414,6.3,11.8,0.531,1.6,2.0,0.802,0.9,4.0,4.8,7.4,1.8,0.1,1.3,2.5,21.2,124.0,111,23,82,1970,16.2,0.5770000000000001,0.32299999999999995,0.115,1.9,8.8,5.3,21.7,1.8,0.2,6.6,17.1,4.4,1.8,6.2,0.151,1.5,-1.3,0.2,1.1,2937614,1349383,1588231,1663861,0,0,0,FU
Paul Millsap,PF,Denver Nuggets,65,8.3,17.2,0.484,1.5,4.1,0.365,6.8,13.1,0.522,4.7,6.5,0.727,4.0,9.1,13.1,3.7,2.2,1.4,2.5,4.7,22.9,116.0,106,33,70,1895,17.9,0.57,0.239,0.374,8.7,20.2,14.4,10.6,2.2,2.5,10.9,19.6,3.2,2.9,6.1,0.155,0.5,1.9,2.4,2.1,60230769,29730769,30500000,0,0,0,0,FU
Malik Beasley,SG,Denver Nuggets,18,9.1,19.3,0.474,4.3,10.6,0.402,4.9,8.7,0.56,1.5,1.7,0.848,0.9,4.3,5.2,2.5,1.4,0.3,1.4,3.0,24.0,117.0,112,22,81,1879,14.2,0.599,0.55,0.09,2.0,9.5,5.8,7.5,1.4,0.5,6.7,18.7,2.9,1.6,4.5,0.115,1.4,-1.9,-0.5,0.7,4505554,1773840,2731714,0,0,0,0,FU
Karl-Anthony Towns,C,Minnesota Timberwolves,77,12.8,24.7,0.518,2.7,6.7,0.4,10.1,18.1,0.562,7.1,8.5,0.836,5.0,13.0,18.0,4.9,1.3,2.4,4.5,5.5,35.4,118.0,108,23,77,2545,26.3,0.622,0.27,0.342,10.9,29.3,20.0,17.2,1.3,4.2,13.7,28.9,7.2,3.2,10.4,0.197,4.8,2.0,6.8,5.7,163709435,7839435,27250000,29430000,31610000,33790000,35970000,FU
Andrew Wiggins,SF,Minnesota Timberwolves,73,9.4,22.8,0.412,2.2,6.6,0.339,7.2,16.2,0.441,3.9,5.6,0.6990000000000001,1.6,5.1,6.6,3.5,1.3,0.9,2.6,2.9,24.9,100.0,115,23,73,2543,12.4,0.493,0.28800000000000003,0.245,3.5,11.4,7.4,10.9,1.3,1.6,9.3,24.4,-0.6,1.3,0.6,0.012,-1.7,-1.3,-2.9,-0.6,146667250,25467250,27270000,29290000,31310000,33330000,0,FU
Josh Okogie,SG,Minnesota Timberwolves,52,5.3,13.9,0.386,1.6,5.9,0.279,3.7,8.0,0.464,3.2,4.4,0.728,1.1,4.8,5.9,2.5,2.4,0.9,1.7,4.5,15.5,101.0,113,20,74,1757,9.4,0.4920000000000001,0.423,0.319,2.5,10.9,6.6,6.9,2.4,1.6,9.8,15.4,-0.1,1.4,1.2,0.034,-2.0,0.4,-1.7,0.1,4691400,2160720,2530680,2651040,4087904,0,0,FU
Taj Gibson,PF,Minnesota Timberwolves,57,8.6,15.3,0.5660000000000001,0.3,1.0,0.324,8.3,14.3,0.583,3.8,5.0,0.757,4.9,8.1,13.0,2.4,1.5,1.1,2.1,5.3,21.4,123.0,112,33,70,1686,17.8,0.612,0.063,0.33,10.8,18.3,14.5,7.3,1.5,2.0,10.6,17.2,3.7,1.4,5.1,0.14400000000000002,0.8,0.2,1.0,1.3,14000000,14000000,0,0,0,0,0,FU
Dario Šarić,PF,Minnesota Timberwolves,28,7.5,16.6,0.454,2.9,7.5,0.383,4.7,9.2,0.511,3.1,3.5,0.875,3.1,7.8,10.9,3.0,1.2,0.2,2.1,4.2,21.0,116.0,114,24,68,1627,14.3,0.579,0.449,0.213,6.8,17.7,12.2,8.8,1.2,0.3,10.5,17.8,2.4,0.9,3.3,0.099,1.0,-1.4,-0.4,0.7,2526840,2526840,3481986,0,0,0,0,FU
Jayson Tatum,SF,Boston Celtics,79,9.1,20.3,0.45,2.3,6.1,0.373,6.9,14.2,0.483,3.8,4.5,0.855,1.4,8.0,9.4,3.3,1.6,1.1,2.4,3.3,24.4,107.0,107,20,79,2455,15.1,0.547,0.3,0.22,3.0,17.7,10.4,10.0,1.6,2.1,9.7,22.1,1.6,3.4,5.0,0.097,-1.4,0.6,-0.8,0.8,14530800,6700800,7830000,9897120,0,0,0,FU
Kyrie Irving,PG,Boston Celtics,67,13.1,27.0,0.487,3.8,9.4,0.401,9.4,17.6,0.5329999999999999,4.7,5.3,0.873,1.5,5.7,7.3,10.1,2.2,0.7,3.7,3.6,34.7,118.0,108,26,67,2214,24.3,0.5920000000000001,0.35,0.197,3.4,12.7,8.1,35.0,2.2,1.4,11.3,29.6,6.2,2.9,9.1,0.197,6.0,0.4,6.4,4.7,20099189,20099189,0,0,0,0,0,FU
Marcus Smart,SG,Boston Celtics,60,5.2,12.4,0.422,2.8,7.6,0.364,2.5,4.8,0.511,2.3,2.8,0.8059999999999999,1.2,3.9,5.1,7.0,3.1,0.6,2.7,4.4,15.5,113.0,107,24,80,2200,13.1,0.568,0.61,0.228,2.8,8.6,5.7,19.1,3.1,1.1,16.5,14.6,2.2,3.1,5.3,0.116,0.6,1.3,1.8,2.1,51999900,11660716,12553471,13446428,14339285,0,0,FU
Marcus Morris,PF,Boston Celtics,53,8.7,19.4,0.447,3.4,9.0,0.375,5.3,10.5,0.508,3.4,4.0,0.8440000000000001,1.8,8.8,10.6,2.5,1.0,0.6,2.1,4.2,24.1,110.0,109,29,75,2091,14.2,0.568,0.461,0.205,3.9,19.5,11.7,7.5,1.0,1.1,9.1,20.9,2.1,2.5,4.5,0.104,-0.4,-1.0,-1.4,0.3,5375000,5375000,0,0,0,0,0,FU
Al Horford,C,Boston Celtics,68,9.4,17.7,0.535,1.8,5.0,0.36,7.7,12.7,0.604,1.9,2.3,0.821,2.9,8.3,11.2,6.9,1.4,2.1,2.5,3.1,22.6,122.0,107,32,68,1973,20.2,0.605,0.281,0.131,6.5,18.3,12.4,21.2,1.4,3.9,11.8,18.9,4.5,2.9,7.5,0.181,2.1,2.7,4.8,3.4,28928710,28928710,0,0,0,0,0,FU
Kevin Durant,SF,Golden State Warriors,78,12.7,24.4,0.521,2.4,6.8,0.353,10.3,17.5,0.5870000000000001,7.9,8.9,0.885,0.6,8.2,8.8,8.0,1.0,1.5,4.0,2.7,35.7,121.0,110,30,78,2702,24.2,0.631,0.281,0.366,1.4,17.5,9.8,26.2,1.0,2.6,12.3,29.0,8.6,2.9,11.5,0.204,4.2,0.1,4.3,4.3,30000000,30000000,0,0,0,0,0,FU
Klay Thompson,SG,Golden State Warriors,78,11.8,25.2,0.467,4.3,10.7,0.402,7.4,14.4,0.516,2.3,2.8,0.816,0.7,4.7,5.4,3.3,1.5,0.8,2.1,2.8,30.1,110.0,112,28,78,2652,16.6,0.5710000000000001,0.4270000000000001,0.113,1.6,10.1,6.0,10.5,1.5,1.5,7.2,25.6,2.9,2.3,5.3,0.095,1.2,-2.0,-0.8,0.8,208892325,18988725,0,0,0,0,0,FU
Stephen Curry,PG,Golden State Warriors,69,12.9,27.3,0.472,7.2,16.5,0.4370000000000001,5.7,10.8,0.525,5.4,5.9,0.916,0.9,6.6,7.5,7.4,1.9,0.5,3.9,3.4,38.4,120.0,110,30,69,2331,24.4,0.6409999999999999,0.604,0.214,2.2,14.2,8.4,24.2,1.9,0.9,11.6,30.4,7.2,2.5,9.7,0.199,7.7,-1.4,6.3,4.9,166476240,37457154,40231758,43006362,45780966,0,0,FU
Draymond Green,PF,Golden State Warriors,66,4.3,9.7,0.445,1.1,3.8,0.285,3.2,5.9,0.5489999999999999,1.5,2.1,0.6920000000000001,1.4,9.7,11.1,10.5,2.2,1.6,3.9,4.5,11.2,108.0,106,28,66,2065,12.9,0.526,0.391,0.21600000000000005,3.2,20.8,12.4,26.8,2.2,2.8,26.8,13.1,1.1,3.2,4.3,0.1,-1.4,3.4,2.0,2.1,36008695,17469565,18539130,0,0,0,0,FU
Andre Iguodala,SF,Golden State Warriors,13,4.6,9.1,0.5,1.4,4.3,0.333,3.1,4.8,0.652,1.2,2.0,0.5820000000000001,1.4,6.2,7.6,6.5,1.8,1.5,1.6,2.9,11.7,124.0,109,35,68,1578,13.1,0.5870000000000001,0.477,0.222,3.4,13.2,8.5,16.8,1.8,2.7,13.6,10.4,2.4,1.8,4.2,0.129,0.2,1.7,1.9,1.6,16000000,16000000,17185185,0,0,0,0,FU
Jrue Holiday,SG,New Orleans Pelicans,67,10.6,22.4,0.472,2.3,7.0,0.325,8.3,15.4,0.539,4.0,5.2,0.768,1.5,5.0,6.5,10.0,2.1,1.0,4.1,2.9,27.5,111.0,112,28,67,2402,19.4,0.555,0.313,0.234,3.3,11.0,7.2,31.8,2.1,1.8,14.1,25.4,3.5,1.9,5.4,0.108,2.9,-0.1,2.8,2.9,78238333,25976111,26131111,26131111,27020000,0,0,FU
Julius Randle,PF,New Orleans Pelicans,49,11.9,22.7,0.524,1.4,4.1,0.344,10.5,18.6,0.564,7.4,10.1,0.731,3.4,9.8,13.2,4.8,1.1,0.9,4.3,5.1,32.6,113.0,112,24,73,2232,21.0,0.6,0.179,0.447,7.6,21.6,14.7,15.8,1.1,1.6,13.8,27.8,4.2,1.9,6.1,0.131,1.8,-0.4,1.4,1.9,8641000,8641000,0,0,0,0,0,FU
Anthony Davis,C,New Orleans Pelicans,56,13.3,25.8,0.517,1.2,3.6,0.331,12.1,22.1,0.547,8.6,10.9,0.794,4.4,12.5,16.9,5.5,2.2,3.4,2.8,3.3,36.5,122.0,105,25,56,1850,30.3,0.597,0.141,0.422,9.9,27.5,18.8,19.0,2.2,6.0,8.4,29.5,6.4,3.1,9.5,0.247,4.7,3.9,8.5,4.9,25434263,25434263,27093019,28751775,0,0,0,FU
Darius Miller,SF,New Orleans Pelicans,15,5.0,12.8,0.39,3.5,9.6,0.365,1.5,3.2,0.467,1.5,1.9,0.789,0.4,3.0,3.4,3.9,1.1,0.6,1.6,4.4,15.0,110.0,116,28,69,1757,8.4,0.55,0.752,0.147,0.8,6.6,3.8,10.4,1.1,1.1,10.3,13.4,1.1,0.6,1.6,0.045,-0.1,-1.5,-1.7,0.1,9055000,2205000,0,0,0,0,0,FU
E'Twaun Moore,SG,New Orleans Pelicans,36,8.1,16.9,0.481,2.4,5.6,0.4320000000000001,5.7,11.3,0.506,1.4,1.9,0.763,1.1,2.9,4.0,3.2,1.3,0.3,1.9,3.6,20.1,110.0,117,29,53,1463,11.5,0.5670000000000001,0.331,0.111,2.5,6.4,4.5,9.5,1.3,0.4,9.6,17.3,1.2,0.5,1.7,0.055,-0.2,-1.9,-2.2,-0.1,17473613,8808685,8664928,0,0,0,0,FU
Shai Gilgeous-Alexander,PG,Los Angeles Clippers,73,7.4,15.5,0.476,1.1,3.0,0.3670000000000001,6.3,12.5,0.503,3.4,4.2,0.8,1.2,3.8,5.0,5.9,2.1,1.0,3.1,3.8,19.3,108.0,112,20,82,2174,13.4,0.5539999999999999,0.194,0.272,2.9,8.3,5.7,17.8,2.1,1.6,15.0,18.3,1.5,1.9,3.3,0.07400000000000001,-0.6,0.2,-0.3,0.9,3375360,3375360,3952920,4141320,5495532,0,0,FU
Montrezl Harrell,C,Los Angeles Clippers,5,11.9,19.4,0.615,0.1,0.4,0.17600000000000002,11.9,19.0,0.623,5.8,9.1,0.643,4.0,7.7,11.7,3.5,1.6,2.4,2.9,5.6,29.8,122.0,109,25,82,2158,23.4,0.636,0.019,0.466,9.3,16.7,13.1,12.5,1.6,4.0,11.0,23.5,6.1,2.6,8.7,0.193,2.6,1.6,4.2,3.4,12000000,6000000,6000000,0,0,0,0,FU
Patrick Beverley,PG,Los Angeles Clippers,49,4.3,10.5,0.407,2.5,6.2,0.397,1.8,4.3,0.421,2.1,2.7,0.78,1.7,6.9,8.6,6.6,1.5,0.9,1.9,5.9,13.2,119.0,111,30,78,2137,11.8,0.561,0.591,0.258,3.9,15.0,9.6,18.4,1.5,1.6,13.8,12.2,2.8,2.0,4.8,0.108,1.2,1.2,2.3,2.3,45027028,5027028,0,0,0,0,0,FU
Danilo Gallinari,SF,Los Angeles Clippers,68,9.4,20.3,0.463,3.7,8.5,0.433,5.7,11.7,0.484,8.4,9.3,0.904,1.2,8.3,9.6,4.1,1.1,0.5,2.3,3.0,30.9,125.0,112,30,68,2059,21.0,0.633,0.421,0.459,2.9,18.1,10.7,13.2,1.1,0.9,8.5,23.8,6.4,1.8,8.2,0.191,4.2,-1.2,2.9,2.6,21587579,21587579,22615559,0,0,0,0,FU
Lou Williams,SG,Los Angeles Clippers,1,11.5,26.9,0.425,2.5,6.9,0.361,9.0,20.1,0.447,10.1,11.5,0.8759999999999999,0.9,4.3,5.3,9.5,1.3,0.3,4.3,1.9,35.5,112.0,114,32,75,1993,21.2,0.5539999999999999,0.256,0.426,2.2,9.4,5.9,33.0,1.3,0.4,11.8,32.4,3.9,1.2,5.1,0.123,3.1,-2.6,0.4,1.2,24000000,8000000,8000000,8000000,0,0,0,FU
Ben Simmons,PG,Philadelphia 76ers,79,9.4,16.8,0.563,0.0,0.1,0.0,9.4,16.7,0.5660000000000001,4.5,7.5,0.6,3.0,9.2,12.2,10.7,2.0,1.1,4.8,3.7,23.4,114.0,108,22,79,2700,20.0,0.5820000000000001,0.006,0.446,6.9,20.0,13.7,34.2,2.0,1.8,19.3,22.1,4.6,3.6,8.2,0.146,1.4,2.6,4.1,4.1,184198450,6434520,8113930,29250000,31590000,33930000,36270000,FU
J.J. Redick,SG,Philadelphia 76ers,63,9.0,20.4,0.44,4.8,12.0,0.397,4.2,8.4,0.502,4.5,5.1,0.894,0.4,3.3,3.7,4.1,0.6,0.3,2.0,2.6,27.2,118.0,115,34,76,2379,15.1,0.602,0.589,0.248,0.9,7.2,4.1,12.9,0.6,0.6,8.1,21.9,4.6,1.2,5.9,0.118,2.7,-3.3,-0.7,0.8,12250000,12250000,0,0,0,0,0,FU
Joel Embiid,C,Philadelphia 76ers,64,12.7,26.3,0.484,1.7,5.8,0.3,11.0,20.5,0.535,11.4,14.2,0.804,3.5,15.6,19.1,5.1,1.0,2.7,5.0,4.6,38.6,114.0,104,24,64,2154,26.1,0.593,0.219,0.541,8.1,34.0,21.4,18.4,1.0,4.4,13.2,33.3,4.9,3.8,8.7,0.194,2.0,2.1,4.1,3.3,25467250,25467250,27270000,29290000,31310000,33330000,0,FU
Jimmy Butler,SF,Philadelphia 76ers,55,8.9,19.3,0.461,1.3,3.8,0.338,7.6,15.5,0.491,6.8,7.9,0.868,2.7,4.8,7.5,5.7,2.6,0.8,2.1,2.4,25.9,120.0,109,29,55,1824,19.8,0.569,0.198,0.407,6.3,10.4,8.4,18.0,2.6,1.2,8.4,22.1,4.4,2.1,6.6,0.172,2.4,0.5,2.9,2.3,20445779,20445779,0,0,0,0,0,FU
T.J. McConnell,PG,Philadelphia 76ers,3,7.1,13.5,0.525,0.4,1.3,0.333,6.6,12.1,0.546,0.9,1.2,0.784,0.9,4.7,5.6,8.3,2.5,0.5,2.9,3.4,15.5,110.0,110,26,76,1470,13.4,0.555,0.1,0.08800000000000001,2.1,10.2,6.3,24.7,2.5,0.9,17.3,15.0,1.2,1.7,2.9,0.094,-1.7,0.0,-1.6,0.1,1600520,1600520,0,0,0,0,0,FU
Andre Drummond,C,Detroit Pistons,79,10.4,19.6,0.5329999999999999,0.1,0.7,0.132,10.4,18.9,0.5479999999999999,4.5,7.7,0.59,7.9,15.1,22.9,2.1,2.5,2.6,3.3,5.1,25.5,113.0,100,25,79,2647,23.4,0.555,0.036000000000000004,0.392,16.8,34.7,25.4,7.2,2.5,4.4,12.4,22.9,4.1,5.9,10.0,0.181,-0.7,3.6,2.9,3.3,52527282,25434263,27093019,28751775,0,0,0,FU
Blake Griffin,PF,Detroit Pistons,75,11.6,25.2,0.462,3.6,9.8,0.362,8.1,15.4,0.525,7.8,10.3,0.753,1.9,8.7,10.6,7.6,1.0,0.5,4.8,3.7,34.6,113.0,110,29,75,2622,21.0,0.581,0.389,0.41,4.0,20.1,11.8,27.1,1.0,0.9,13.8,30.2,5.1,2.9,8.0,0.147,4.2,0.4,4.6,4.4,102919892,32088932,34234964,36595996,38957028,0,0,FU
Reggie Jackson,PG,Detroit Pistons,82,9.5,22.6,0.421,3.7,10.1,0.369,5.8,12.4,0.464,4.4,5.1,0.8640000000000001,1.0,3.7,4.7,7.4,1.2,0.2,3.2,4.5,27.1,111.0,112,28,82,2289,15.2,0.547,0.45,0.225,2.1,8.5,5.2,24.7,1.2,0.3,11.4,24.5,3.1,1.9,5.0,0.105,1.8,-2.0,-0.3,1.0,35130434,17043478,18086956,0,0,0,0,FU
Langston Galloway,SG,Detroit Pistons,4,6.4,16.6,0.388,3.8,10.7,0.355,2.6,5.8,0.449,2.3,2.7,0.8440000000000001,1.4,3.4,4.8,2.4,1.0,0.2,0.7,3.8,19.0,115.0,113,27,80,1745,10.7,0.534,0.647,0.16399999999999998,3.0,7.9,5.4,7.3,1.0,0.4,3.7,16.1,2.1,1.3,3.4,0.094,0.2,-1.6,-1.3,0.3,14333333,7000000,7333333,0,0,0,0,FU
Bruce Brown,SG,Detroit Pistons,56,4.3,10.7,0.398,0.8,3.2,0.258,3.4,7.5,0.457,1.5,2.0,0.75,1.6,4.7,6.3,3.1,1.4,1.2,1.6,6.1,10.9,100.0,110,22,74,1449,6.9,0.469,0.29600000000000004,0.191,3.5,10.7,7.0,8.8,1.4,2.1,11.9,11.5,-0.1,1.6,1.5,0.048,-3.7,1.7,-2.0,0.0,2255316,838464,1416852,1663861,0,0,0,FU
James Harden,PG,Houston Rockets,78,14.4,32.7,0.442,6.5,17.6,0.368,8.0,15.1,0.528,12.9,14.7,0.879,1.1,7.7,8.9,10.0,2.7,1.0,6.6,4.2,48.2,118.0,108,29,78,2867,30.6,0.616,0.539,0.449,2.5,17.8,10.0,39.5,2.7,1.7,14.5,40.5,11.4,3.8,15.2,0.254,10.5,1.1,11.7,9.9,152903854,30431854,37800000,40824000,43848000,46872000,0,FU
P.J. Tucker,PF,Houston Rockets,82,3.6,9.2,0.396,2.6,6.8,0.377,1.1,2.4,0.449,0.7,1.0,0.695,2.1,6.3,8.4,1.7,2.3,0.7,1.1,4.4,10.5,114.0,110,33,82,2802,9.2,0.547,0.74,0.113,4.7,14.4,9.5,4.6,2.3,1.2,10.3,9.5,2.0,3.0,5.0,0.086,-0.5,1.8,1.3,2.3,18887764,7969537,8349039,7969537,0,0,0,FU
Clint Capela,C,Houston Rockets,67,10.3,16.0,0.648,0.0,0.0,,10.3,16.0,0.648,3.6,5.7,0.636,6.5,12.0,18.5,2.1,1.0,2.2,2.1,3.7,24.3,133.0,108,24,67,2249,23.8,0.6579999999999999,0.0,0.35700000000000004,14.4,27.6,20.8,7.1,1.0,3.9,10.0,18.2,7.8,3.0,10.8,0.23,1.3,1.6,2.9,2.8,87380061,15293104,16456522,17500000,18543478,19586957,0,FU
Eric Gordon,SG,Houston Rockets,53,8.7,21.3,0.409,4.9,13.6,0.36,3.8,7.7,0.4970000000000001,2.7,3.5,0.7829999999999999,0.4,3.0,3.4,2.9,0.9,0.6,2.0,3.3,25.1,108.0,115,30,68,2158,12.2,0.5489999999999999,0.64,0.162,0.9,6.9,3.8,9.4,0.9,1.1,8.2,22.0,1.7,1.0,2.6,0.059,0.0,-2.9,-2.9,-0.5,27558105,13500375,14057730,0,0,0,0,FU
Chris Paul,PG,Houston Rockets,58,8.0,19.0,0.419,3.4,9.4,0.358,4.6,9.6,0.479,4.6,5.4,0.862,1.0,6.0,7.0,12.5,3.0,0.5,4.0,3.9,23.9,118.0,109,33,58,1857,19.7,0.56,0.493,0.282,2.1,13.9,7.9,39.3,3.0,0.8,15.8,22.5,4.4,2.2,6.6,0.172,2.9,0.2,3.0,2.4,35654150,35654150,38506482,41358814,44211146,0,0,FU
Collin Sexton,PG,Cleveland Cavaliers,72,9.9,23.0,0.43,2.3,5.6,0.402,7.6,17.4,0.44,4.1,4.9,0.8390000000000001,1.1,3.4,4.5,4.6,0.8,0.1,3.5,3.5,26.1,101.0,121,20,82,2605,12.0,0.52,0.245,0.211,2.3,8.0,5.0,15.3,0.8,0.2,12.3,25.2,-0.1,-0.5,-0.6,-0.011,-1.5,-3.7,-5.2,-2.1,8833560,4068600,4764960,4991880,6349671,0,0,FU
Cedi Osman,SF,Cleveland Cavaliers,75,7.3,17.2,0.4270000000000001,2.6,7.6,0.348,4.7,9.6,0.489,2.9,3.7,0.779,0.9,6.3,7.3,4.0,1.2,0.2,2.3,4.0,20.1,106.0,118,23,76,2444,11.5,0.536,0.443,0.214,2.0,14.8,8.1,12.1,1.2,0.4,11.0,18.6,1.2,0.2,1.5,0.029,-0.4,-1.7,-2.1,-0.1,5682143,2775000,2907143,0,0,0,0,FU
Jordan Clarkson,SG,Cleveland Cavaliers,0,11.9,26.5,0.448,3.2,10.0,0.324,8.6,16.5,0.524,3.6,4.3,0.8440000000000001,1.8,4.2,6.1,4.4,1.3,0.3,3.0,2.5,30.6,107.0,119,26,81,2214,16.8,0.539,0.377,0.163,3.9,9.9,6.8,15.6,1.3,0.5,9.6,27.6,1.9,-0.1,1.8,0.039,1.5,-3.5,-2.0,0.0,25937500,12500000,13437500,0,0,0,0,FU
Larry Nance,C,Cleveland Cavaliers,30,6.9,13.3,0.52,0.9,2.7,0.337,6.0,10.5,0.5670000000000001,2.7,3.7,0.716,4.6,10.6,15.3,5.9,2.8,1.1,2.7,5.3,17.3,120.0,112,26,67,1795,18.6,0.583,0.205,0.28,10.0,24.9,17.1,17.8,2.8,1.9,15.3,15.5,3.3,1.6,4.9,0.131,1.4,2.6,4.0,2.7,47072391,2272391,12727273,11709091,10690909,9672727,0,FU
Tristan Thompson,C,Cleveland Cavaliers,40,8.3,15.8,0.529,0.0,0.0,,8.3,15.8,0.529,2.8,4.4,0.642,7.2,11.0,18.2,3.6,1.2,0.7,2.4,3.7,19.5,117.0,116,27,43,1198,18.4,0.551,0.0,0.279,15.4,25.7,20.3,11.2,1.2,1.2,12.1,17.7,2.1,0.5,2.6,0.105,0.2,0.1,0.3,0.7,36008695,17469565,18539130,0,0,0,0,FU
Terrance Ferguson,SG,Oklahoma City Thunder,74,4.5,10.4,0.429,2.6,7.0,0.366,1.9,3.4,0.56,0.9,1.2,0.725,0.8,2.6,3.4,1.7,1.0,0.4,1.1,5.6,12.4,112.0,112,20,74,1931,6.4,0.5660000000000001,0.6729999999999999,0.118,1.7,6.0,3.8,4.8,1.0,0.7,9.4,10.6,1.2,1.6,2.8,0.07,-1.5,-0.5,-1.9,0.0,4594680,2118840,2475840,3944013,0,0,0,SU
Nerlens Noel,C,Oklahoma City Thunder,2,7.2,12.2,0.5870000000000001,0.0,0.0,,7.2,12.2,0.5870000000000001,2.4,3.5,0.684,5.6,8.8,14.4,2.0,2.9,4.2,2.1,7.3,16.7,122.0,99,24,77,1055,19.3,0.608,0.0,0.28600000000000003,12.1,20.0,15.9,5.9,2.9,7.7,13.4,13.8,1.9,2.5,4.3,0.198,-1.6,5.5,3.9,1.6,3786023,1757429,0,0,0,0,0,SU
Patrick Patterson,PF,Oklahoma City Thunder,5,4.4,11.9,0.374,2.5,7.4,0.336,2.0,4.4,0.439,1.0,1.6,0.633,2.3,5.7,8.0,1.7,0.9,0.7,1.2,2.5,12.4,106.0,110,29,63,861,8.1,0.493,0.626,0.13699999999999998,4.9,13.0,8.8,4.6,0.9,1.3,8.7,12.0,0.2,0.9,1.1,0.064,-3.0,-0.6,-3.7,-0.4,11162800,5451600,5711200,0,0,0,0,SU
Abdel Nader,SF,Oklahoma City Thunder,1,6.1,14.5,0.423,2.2,6.7,0.32,4.0,7.7,0.513,1.8,2.4,0.75,0.9,6.9,7.8,1.3,1.3,0.8,1.7,4.6,16.2,102.0,108,25,61,694,8.8,0.522,0.465,0.16699999999999998,2.0,15.7,8.6,3.8,1.3,1.5,10.1,15.1,0.0,0.9,0.9,0.062,-4.2,-0.9,-5.1,-0.5,2996762,1378242,1618520,1752950,0,0,0,SU
Álex Abrines,SG,Oklahoma City Thunder,2,4.4,12.5,0.35700000000000004,3.3,10.1,0.32299999999999995,1.2,2.4,0.5,1.0,1.0,0.923,0.4,3.4,3.8,1.6,1.3,0.5,1.1,4.2,13.1,103.0,111,25,31,588,6.3,0.507,0.809,0.083,0.9,7.8,4.2,4.3,1.3,0.9,7.9,12.2,0.1,0.6,0.6,0.053,-2.4,-0.9,-3.4,-0.2,5455236,5455236,0,0,0,0,0,SU
Jamal Crawford,SG,Phoenix Suns,0,6.9,17.3,0.397,2.6,8.0,0.332,4.2,9.3,0.453,3.7,4.3,0.845,0.3,3.0,3.4,9.0,1.3,0.5,3.9,3.0,20.0,102.0,119,38,64,1211,11.7,0.522,0.461,0.251,0.7,7.2,3.9,27.7,1.3,0.8,16.9,20.8,0.1,0.0,0.2,0.006,-2.0,-4.1,-6.0,-1.2,2393887,2393887,0,0,0,0,0,SU
Richaun Holmes,C,Phoenix Suns,4,9.0,14.7,0.608,0.0,0.0,,9.0,14.7,0.608,5.2,7.1,0.731,4.6,8.7,13.3,2.4,1.7,3.2,2.1,7.8,23.1,127.0,111,25,70,1184,20.7,0.647,0.0,0.479,10.6,20.5,15.5,7.9,1.7,5.6,10.5,17.9,3.1,1.1,4.3,0.173,-0.1,1.5,1.4,1.0,1600520,1600520,0,0,0,0,0,SU
Kelly Oubre,SF,Phoenix Suns,12,9.8,21.7,0.453,2.7,8.3,0.325,7.1,13.4,0.532,4.9,6.4,0.7609999999999999,1.9,6.0,7.9,2.6,2.3,1.6,3.0,4.5,27.3,105.0,113,23,40,1180,16.4,0.555,0.384,0.29600000000000004,4.3,14.2,9.2,8.7,2.3,2.8,10.7,24.7,0.5,0.8,1.3,0.054000000000000006,-0.4,-0.8,-1.2,0.2,33208630,3208630,0,0,0,0,0,SU
De'Anthony Melton,PG,Phoenix Suns,31,4.9,12.4,0.391,1.4,4.6,0.305,3.4,7.8,0.441,1.0,1.4,0.75,1.2,5.3,6.5,7.7,3.3,1.1,3.6,5.5,12.1,93.0,112,20,50,984,9.9,0.466,0.371,0.109,2.8,12.5,7.5,22.3,3.3,1.9,21.8,15.0,-0.8,0.8,0.0,0.002,-3.5,1.0,-2.6,-0.1,949000,949000,1416852,0,0,0,0,SU
Élie Okobo,PG,Phoenix Suns,16,5.7,14.5,0.393,1.9,6.6,0.295,3.7,7.9,0.475,1.8,2.3,0.787,0.6,4.3,4.9,6.3,1.6,0.3,3.4,5.4,15.2,94.0,117,21,53,958,7.6,0.489,0.455,0.162,1.4,10.1,5.7,18.7,1.6,0.6,18.2,17.0,-0.7,0.2,-0.5,-0.027000000000000003,-3.7,-2.2,-5.9,-0.9,2655316,1238464,1416852,1663861,1802057,0,0,SU
Dewayne Dedmon,C,Atlanta Hawks,52,7.4,15.1,0.4920000000000001,2.4,6.2,0.382,5.1,8.9,0.57,2.6,3.2,0.8140000000000001,3.0,10.8,13.8,2.6,2.0,2.0,2.4,6.1,19.9,115.0,109,29,64,1609,16.0,0.602,0.413,0.215,6.7,25.0,15.7,8.1,2.0,3.8,12.7,16.7,2.1,1.9,4.0,0.119,-0.4,1.7,1.3,1.3,7200000,7200000,0,0,0,0,0,SU
Taurean Waller-Prince,SF,Atlanta Hawks,47,7.8,17.7,0.441,3.7,9.4,0.39,4.1,8.3,0.498,2.8,3.5,0.8190000000000001,0.7,5.3,5.9,3.5,1.6,0.6,3.0,4.2,22.1,106.0,115,24,55,1552,11.9,0.575,0.53,0.195,1.5,12.3,6.7,11.1,1.6,1.1,13.4,19.5,0.8,0.7,1.5,0.047,-0.4,-1.5,-1.9,0.0,2526840,2526840,3481986,0,0,0,0,SU
Alex Len,C,Atlanta Hawks,31,9.6,19.4,0.494,2.2,6.1,0.363,7.4,13.3,0.5539999999999999,4.2,6.5,0.648,4.7,8.0,12.7,2.6,0.8,2.1,2.9,6.0,25.6,113.0,113,25,77,1544,17.2,0.575,0.315,0.333,10.5,18.5,14.4,8.6,0.8,3.9,11.5,22.1,2.2,1.0,3.2,0.1,-0.1,-0.8,-0.9,0.4,8510000,4350000,4160000,0,0,0,0,SU
Vince Carter,SF,Atlanta Hawks,9,6.8,16.3,0.419,4.3,11.0,0.389,2.5,5.3,0.48,1.6,2.3,0.7120000000000001,1.1,5.7,6.7,3.0,1.5,0.9,1.7,4.9,19.5,112.0,115,42,76,1330,11.8,0.565,0.675,0.141,2.4,13.2,7.7,9.3,1.5,1.8,8.8,16.7,1.2,0.7,1.9,0.07,-0.2,-1.4,-1.6,0.1,2393887,2393887,0,0,0,0,0,SU
Jeremy Lin,PG,Atlanta Hawks,1,8.3,17.8,0.466,2.0,6.1,0.333,6.3,11.7,0.535,6.5,7.7,0.845,0.7,4.7,5.5,8.3,1.8,0.3,4.5,4.4,25.2,112.0,115,30,51,1003,15.9,0.594,0.342,0.435,1.6,11.0,6.2,26.7,1.8,0.6,17.6,22.6,1.5,0.4,1.9,0.092,0.1,-2.4,-2.3,-0.1,13071063,13071063,0,0,0,0,0,SU
Hassan Whiteside,C,Miami Heat,53,11.3,19.8,0.5710000000000001,0.1,0.5,0.125,11.3,19.4,0.581,3.2,7.1,0.449,7.5,16.3,23.8,1.6,1.3,4.0,2.8,5.6,25.9,112.0,99,29,72,1674,23.5,0.564,0.024,0.35700000000000004,16.3,35.6,25.9,5.6,1.3,7.3,11.0,22.6,2.3,4.0,6.3,0.18,-2.2,3.0,0.8,1.2,25434263,25434263,27093018,0,0,0,0,SU
James Johnson,PF,Miami Heat,33,6.9,15.9,0.433,2.1,6.3,0.336,4.8,9.7,0.496,2.1,2.9,0.7140000000000001,0.9,6.5,7.4,5.7,1.5,1.1,3.1,4.8,18.0,102.0,108,31,55,1164,10.9,0.522,0.393,0.185,2.0,14.1,8.0,17.0,1.5,2.1,15.3,17.8,0.0,1.5,1.5,0.062,-2.5,0.9,-1.6,0.1,30001100,14651700,15349400,16047100,0,0,0,SU
Derrick Jones,SF,Miami Heat,14,6.8,13.7,0.494,1.2,3.9,0.308,5.6,9.9,0.5670000000000001,3.1,5.2,0.607,4.1,6.1,10.2,1.6,1.9,1.8,1.8,5.2,17.9,113.0,107,21,60,1153,14.0,0.5589999999999999,0.281,0.377,8.8,13.3,11.1,4.7,1.9,3.3,10.2,15.6,1.2,1.7,2.9,0.121,-1.3,1.5,0.2,0.6,1512601,1512601,1645357,0,0,0,0,SU
Dion Waiters,SG,Miami Heat,28,8.5,20.5,0.414,4.7,12.4,0.377,3.8,8.1,0.471,0.9,1.9,0.5,0.3,4.7,5.0,5.2,1.2,0.4,2.7,3.1,22.6,102.0,111,27,44,1138,11.4,0.53,0.605,0.092,0.7,10.2,5.4,16.4,1.2,0.7,11.4,21.1,0.1,1.1,1.2,0.052000000000000005,-0.3,-1.6,-1.9,0.0,36300000,11550000,12100000,12650000,0,0,0,SU
Goran Dragić,PG,Miami Heat,22,8.8,21.3,0.413,2.8,8.1,0.348,6.0,13.3,0.454,3.9,5.0,0.782,1.0,4.5,5.5,8.6,1.5,0.2,3.5,4.0,24.4,106.0,111,32,36,991,13.9,0.517,0.379,0.233,2.1,9.8,6.0,27.3,1.5,0.5,12.9,23.7,0.6,1.0,1.6,0.079,0.1,-1.3,-1.2,0.2,37327075,18109175,19217900,0,0,0,0,SU
Marco Belinelli,SG,San Antonio Spurs,1,7.7,18.6,0.413,4.0,10.6,0.3720000000000001,3.7,7.9,0.468,3.0,3.3,0.903,0.4,4.9,5.3,3.6,0.9,0.2,1.9,3.3,22.3,109.0,114,32,79,1815,11.9,0.557,0.5720000000000001,0.18,1.0,10.8,5.9,10.1,0.9,0.4,8.8,19.8,1.4,1.1,2.5,0.065,0.3,-2.4,-2.1,0.0,12000000,6153846,5846154,0,0,0,0,SU
Derrick White,PG,San Antonio Spurs,55,7.3,15.3,0.479,1.4,4.0,0.338,6.0,11.3,0.529,2.7,3.5,0.772,1.0,6.0,7.0,7.4,1.9,1.3,2.7,4.1,18.7,111.0,110,24,67,1728,14.8,0.555,0.262,0.227,2.2,13.3,7.8,21.0,1.9,2.3,14.0,17.7,1.7,1.9,3.6,0.101,-0.2,1.1,0.9,1.3,3615240,1667160,1948080,3516284,0,0,0,SU
Dāvis Bertāns,PF,San Antonio Spurs,12,6.1,13.6,0.45,4.3,10.1,0.429,1.8,3.4,0.513,1.6,1.8,0.883,0.7,7.2,7.9,3.0,1.0,1.0,1.3,4.0,18.1,122.0,112,26,76,1632,13.0,0.632,0.746,0.132,1.6,16.0,8.8,8.2,1.0,1.7,8.2,14.1,2.6,1.5,4.0,0.118,1.6,-0.4,1.2,1.3,7000000,7000000,7000000,0,0,0,0,SU
Jakob Pöltl,C,San Antonio Spurs,24,7.2,11.1,0.645,0.0,0.0,,7.2,11.1,0.645,1.9,3.5,0.5329999999999999,6.8,8.9,15.7,3.6,1.1,2.6,1.8,4.8,16.2,133.0,108,23,77,1273,19.4,0.64,0.0,0.317,15.4,19.7,17.6,10.0,1.1,4.5,12.7,13.1,3.5,1.6,5.1,0.193,1.5,2.7,4.2,2.0,6702206,2947320,3754886,0,0,0,0,SU
Dante Cunningham,PF,San Antonio Spurs,21,3.9,8.3,0.475,1.6,3.4,0.462,2.4,4.9,0.484,0.7,0.9,0.778,2.5,7.4,9.9,2.6,1.4,0.7,1.2,3.7,10.2,121.0,111,31,64,928,10.2,0.585,0.411,0.114,5.7,16.3,11.0,6.8,1.4,1.2,11.7,8.9,1.0,0.9,1.9,0.097,-1.0,0.8,-0.1,0.4,2500000,2500000,0,0,0,0,0,SU
Derrick Favors,C,Utah Jazz,70,9.8,16.8,0.586,0.5,2.1,0.218,9.4,14.7,0.64,4.2,6.2,0.675,5.6,9.6,15.2,2.4,1.5,2.9,2.3,4.4,24.3,124.0,103,27,76,1766,21.8,0.624,0.126,0.368,12.9,21.3,17.2,8.0,1.5,4.8,10.5,19.4,4.4,3.5,7.9,0.215,1.1,3.2,4.3,2.8,16000000,16900000,16900000,0,0,0,0,SU
Royce O'Neale,SF,Utah Jazz,16,4.7,9.8,0.475,1.9,5.0,0.386,2.7,4.8,0.569,0.9,1.2,0.762,0.6,7.5,8.2,3.6,1.5,0.7,2.0,4.9,12.2,108.0,106,25,82,1671,9.0,0.589,0.513,0.122,1.5,16.7,9.2,10.0,1.5,1.1,16.2,11.0,0.7,2.5,3.3,0.094,-2.0,2.1,0.1,0.9,1378242,1378242,1618520,0,0,0,0,SU
Kyle Korver,SG,Utah Jazz,0,7.3,18.0,0.408,5.0,13.0,0.384,2.3,5.0,0.469,2.1,2.5,0.825,0.4,5.5,5.9,2.8,1.0,0.4,1.9,3.7,21.7,109.0,109,37,54,1083,11.2,0.569,0.722,0.14,0.9,12.2,6.7,8.6,1.0,0.7,8.9,18.7,0.8,1.3,2.0,0.091,0.1,-1.0,-1.0,0.3,7560000,7560000,3440000,0,0,0,0,SU
Dante Exum,PG,Utah Jazz,1,7.3,17.4,0.419,1.3,4.5,0.29,6.0,12.9,0.464,4.9,6.2,0.7909999999999999,1.2,3.7,4.9,7.9,1.0,0.4,3.7,5.0,20.8,104.0,110,23,42,664,11.2,0.516,0.257,0.35700000000000004,2.7,8.3,5.5,24.1,1.0,0.6,15.7,21.3,0.2,0.7,1.0,0.069,-2.6,-1.4,-4.0,-0.3,27300000,9600000,9600000,9600000,0,0,0,SU
Thabo Sefolosha,SF,Utah Jazz,2,5.6,11.7,0.477,2.7,6.1,0.436,2.9,5.6,0.521,1.1,1.7,0.636,0.6,9.0,9.7,2.1,3.4,0.4,2.0,3.2,14.9,107.0,102,34,50,609,12.1,0.599,0.523,0.14800000000000002,1.4,20.1,10.9,6.1,3.4,0.7,13.6,12.9,0.2,1.2,1.5,0.115,-2.0,2.6,0.6,0.4,5250000,5250000,0,0,0,0,0,SU
Ed Davis,C,Brooklyn Nets,1,6.1,9.9,0.616,0.0,0.1,0.0,6.1,9.9,0.62,3.3,5.3,0.617,7.1,15.7,22.8,2.0,1.2,1.1,2.1,7.4,15.5,129.0,105,29,81,1446,17.3,0.632,0.006999999999999999,0.536,15.8,34.6,25.2,6.0,1.2,1.8,14.6,12.7,3.3,2.5,5.7,0.191,-1.4,1.7,0.4,0.9,4449000,4449000,0,0,0,0,0,SU
Rodions Kurucs,SF,Brooklyn Nets,46,7.4,16.5,0.45,2.1,6.8,0.315,5.3,9.7,0.5429999999999999,2.6,3.4,0.7829999999999999,2.1,7.0,9.0,1.9,1.5,0.9,2.8,5.4,19.6,102.0,109,20,63,1294,11.0,0.545,0.41,0.205,4.6,15.4,10.0,6.0,1.5,1.5,13.6,18.4,0.1,1.5,1.6,0.059,-2.6,0.2,-2.4,-0.1,5097708,1618320,1699236,1780152,1861068,0,0,SU
Rondae Hollis-Jefferson,SF,Brooklyn Nets,21,7.7,18.8,0.411,0.3,1.9,0.184,7.4,16.9,0.436,4.6,7.1,0.645,3.2,8.8,12.0,3.7,1.7,1.0,2.6,4.1,20.3,99.0,108,24,59,1234,12.5,0.464,0.101,0.376,7.1,19.2,13.2,11.7,1.7,1.7,10.7,21.6,-0.5,1.7,1.2,0.047,-4.3,1.2,-3.0,-0.3,2470357,2470357,0,0,0,0,0,SU
Jared Dudley,PF,Brooklyn Nets,25,3.9,9.3,0.423,2.1,5.9,0.35100000000000003,1.9,3.4,0.545,1.2,1.8,0.696,1.3,4.7,6.0,3.2,1.4,0.6,1.7,5.1,11.2,110.0,111,33,59,1220,7.8,0.5539999999999999,0.632,0.192,2.9,10.4,6.7,9.2,1.4,1.0,14.2,10.4,0.6,1.2,1.8,0.07,-1.7,1.0,-0.7,0.4,9530000,9530000,0,0,0,0,0,SU
Allen Crabbe,SG,Brooklyn Nets,20,5.8,15.7,0.3670000000000001,4.1,10.9,0.378,1.6,4.8,0.342,1.7,2.4,0.732,0.7,5.5,6.2,1.9,1.0,0.5,1.9,4.3,17.4,100.0,112,26,43,1133,7.7,0.519,0.6940000000000001,0.15,1.5,12.2,6.9,5.8,1.0,0.9,10.4,16.4,-0.2,1.0,0.8,0.035,-1.9,-0.5,-2.5,-0.1,18500000,18500000,18500000,0,0,0,0,SU
Maurice Harkless,SF,Portland Trail Blazers,53,6.5,13.3,0.487,1.1,4.1,0.275,5.3,9.2,0.5820000000000001,1.7,2.5,0.6709999999999999,2.6,6.6,9.2,2.5,2.3,1.8,1.5,5.6,15.7,114.0,108,25,60,1415,13.2,0.547,0.309,0.188,5.9,14.1,10.1,7.1,2.3,3.0,9.7,13.9,1.5,1.9,3.4,0.114,-0.1,2.3,2.2,1.5,10837079,10837079,11511234,0,0,0,0,SU
Seth Curry,SG,Portland Trail Blazers,2,7.3,16.1,0.456,3.9,8.7,0.45,3.4,7.4,0.463,1.5,1.8,0.846,0.9,3.2,4.2,2.3,1.2,0.4,2.1,3.4,20.1,113.0,114,28,74,1399,11.4,0.595,0.54,0.112,2.1,6.9,4.6,6.5,1.2,0.7,11.1,16.6,1.5,0.9,2.4,0.08199999999999999,0.5,-1.8,-1.3,0.2,2795000,2795000,0,0,0,0,0,SU
Zach Collins,C,Portland Trail Blazers,0,6.8,14.3,0.473,1.4,4.3,0.331,5.3,10.0,0.534,3.4,4.5,0.746,3.9,7.7,11.6,2.5,0.9,2.4,2.8,6.2,18.3,112.0,110,21,77,1356,13.5,0.562,0.303,0.315,8.8,16.5,12.7,7.1,0.9,3.9,14.5,16.6,1.4,1.5,2.9,0.104,-0.9,1.0,0.1,0.7,7869120,3628920,4240200,5406255,0,0,0,SU
Jake Layman,SF,Portland Trail Blazers,33,7.9,15.5,0.509,2.2,6.6,0.326,5.7,8.9,0.6459999999999999,1.8,2.6,0.7040000000000001,2.0,5.9,7.9,1.9,1.1,1.1,1.7,4.2,19.7,118.0,112,24,71,1327,13.5,0.594,0.4270000000000001,0.16699999999999998,4.6,12.6,8.7,5.6,1.1,1.8,9.2,15.9,1.9,1.2,3.1,0.111,0.4,-0.6,-0.3,0.6,1544951,1544951,0,0,0,0,0,SU
Meyers Leonard,C,Portland Trail Blazers,2,7.3,13.3,0.545,2.8,6.1,0.45,4.5,7.2,0.626,2.4,2.8,0.843,2.7,10.1,12.9,4.1,0.7,0.5,2.4,5.8,19.7,129.0,111,26,61,878,15.8,0.675,0.459,0.211,6.1,21.8,14.2,11.8,0.7,0.8,14.0,14.8,2.1,0.9,3.0,0.16399999999999998,1.8,-0.4,1.4,0.8,10595506,10595506,11286515,0,0,0,0,SU
Bruno Caboclo,SF,Memphis Grizzlies,19,6.0,14.0,0.4270000000000001,3.0,8.1,0.369,3.0,5.9,0.505,2.6,3.1,0.84,2.6,7.2,9.8,3.1,0.9,2.1,2.4,5.0,17.5,109.0,109,23,34,800,12.4,0.5710000000000001,0.578,0.222,5.8,16.5,11.1,9.4,0.9,3.9,13.3,15.9,0.6,0.9,1.5,0.09,-1.0,1.2,0.2,0.4,670211,670211,1845301,0,0,0,0,SU
Ivan Rabb,PF,Memphis Grizzlies,13,8.0,14.6,0.547,0.2,1.0,0.2,7.8,13.6,0.574,3.4,4.8,0.71,4.8,9.4,14.2,3.7,1.2,1.0,2.4,6.2,19.6,117.0,109,21,49,721,16.1,0.586,0.071,0.325,10.7,21.5,16.0,12.0,1.2,1.8,12.6,17.2,1.2,0.9,2.1,0.13699999999999998,-1.3,0.7,-0.6,0.2,1750000,1378242,1618520,0,0,0,0,SU
Joakim Noah,C,Memphis Grizzlies,1,7.9,15.3,0.516,0.0,0.1,0.0,7.9,15.2,0.519,5.6,7.8,0.716,4.2,12.9,17.1,6.4,1.4,2.2,3.6,6.9,21.4,113.0,105,33,42,693,18.6,0.5710000000000001,0.005,0.512,9.2,29.6,19.3,20.6,1.4,4.2,16.1,20.0,1.0,1.2,2.2,0.15,-1.9,3.5,1.6,0.6,0,1731173,0,0,0,0,0,SU
Jevon Carter,PG,Memphis Grizzlies,3,4.8,15.9,0.303,2.9,8.8,0.333,1.9,7.1,0.265,2.2,2.8,0.813,1.2,4.5,5.7,5.9,2.2,0.9,2.8,4.7,14.8,90.0,109,23,39,577,7.8,0.4320000000000001,0.551,0.173,2.7,10.3,6.4,17.4,2.2,1.8,14.2,18.0,-0.7,0.7,0.0,-0.003,-3.8,-0.1,-4.0,-0.3,838464,838464,1416852,0,0,0,0,SU
Jonas Valančiūnas,C,Memphis Grizzlies,17,14.3,26.3,0.545,0.5,1.7,0.278,13.9,24.6,0.563,6.6,8.6,0.769,4.9,14.2,19.1,3.9,0.6,2.8,4.8,6.0,35.7,109.0,105,26,19,527,24.4,0.594,0.065,0.326,10.9,32.7,21.6,15.7,0.6,5.4,13.8,31.4,0.7,0.9,1.5,0.14,-0.4,2.0,1.6,0.5,61539326,16539326,0,0,0,0,0,SU
Domantas Sabonis,C,Indiana Pacers,5,11.0,18.6,0.59,0.2,0.5,0.529,10.8,18.2,0.5920000000000001,5.5,7.7,0.715,5.0,13.4,18.4,5.6,1.3,0.8,4.3,6.4,27.8,118.0,104,22,74,1838,21.9,0.63,0.024,0.416,11.5,29.8,20.8,18.2,1.3,1.5,16.2,23.5,4.3,3.3,7.6,0.197,1.5,2.2,3.7,2.6,6189355,2659800,3529555,0,0,0,0,SU
Tyreke Evans,SG,Indiana Pacers,18,9.0,23.0,0.389,2.7,7.5,0.35600000000000004,6.3,15.5,0.405,4.0,5.6,0.7190000000000001,1.2,5.9,7.0,5.8,2.0,0.6,4.1,4.1,24.6,94.0,107,29,69,1402,11.5,0.483,0.327,0.242,2.7,13.0,7.9,17.5,2.0,1.1,13.9,26.4,-1.7,2.0,0.3,0.01,-3.1,-0.5,-3.6,-0.6,12400000,12400000,0,0,0,0,0,SU
Doug McDermott,SF,Indiana Pacers,1,7.6,15.4,0.491,3.1,7.5,0.408,4.5,7.9,0.569,2.4,2.9,0.835,0.6,3.4,4.0,2.4,0.7,0.3,1.5,3.8,20.6,117.0,112,27,77,1340,11.6,0.617,0.488,0.187,1.4,7.5,4.5,7.1,0.7,0.5,8.4,16.3,1.8,1.1,2.9,0.103,0.0,-2.1,-2.1,0.0,22000001,7333334,7333334,7333333,0,0,0,SU
Victor Oladipo,SG,Indiana Pacers,36,10.6,25.1,0.423,3.2,9.2,0.343,7.5,15.9,0.47,4.4,6.0,0.73,0.9,7.7,8.6,7.9,2.6,0.5,3.5,3.1,28.8,104.0,105,26,36,1147,17.6,0.519,0.3670000000000001,0.24,2.1,17.1,9.8,25.2,2.6,0.9,11.2,27.9,0.4,1.9,2.3,0.097,1.3,1.0,2.3,1.3,63000000,21000000,21000000,21000000,0,0,0,SU
Wesley Matthews,SG,Indiana Pacers,23,5.5,14.2,0.386,3.2,8.8,0.369,2.2,5.4,0.413,2.8,3.2,0.8540000000000001,0.7,3.6,4.4,3.7,1.3,0.3,2.1,3.8,16.9,106.0,111,32,23,725,9.2,0.5429999999999999,0.619,0.229,1.7,8.1,5.0,10.1,1.3,0.5,11.8,15.8,0.3,0.7,1.0,0.067,-0.5,-0.6,-1.2,0.2,737715,737715,0,0,0,0,0,SU
Tony Snell,SF,Milwaukee Bucks,12,5.8,12.9,0.452,2.9,7.3,0.397,2.9,5.6,0.522,1.3,1.5,0.8809999999999999,1.0,4.6,5.6,2.4,0.9,0.6,0.8,3.2,15.8,119.0,109,27,74,1304,10.7,0.585,0.565,0.116,2.4,9.4,6.1,6.7,0.9,1.2,5.7,12.9,1.6,1.6,3.2,0.117,-0.7,-0.4,-1.0,0.3,10607143,10607143,11392857,12178571,0,0,0,SU
Pat Connaughton,SG,Milwaukee Bucks,2,6.0,12.9,0.466,2.4,7.4,0.33,3.6,5.5,0.647,1.1,1.5,0.725,2.2,7.3,9.5,4.5,1.2,0.9,1.2,3.0,15.5,122.0,107,26,61,1261,13.6,0.573,0.5710000000000001,0.114,5.2,15.0,10.4,12.6,1.2,1.7,8.2,13.3,2.0,1.9,3.9,0.149,0.4,1.2,1.6,1.2,3364050,1641000,1723050,0,0,0,0,SU
Ersan İlyasova,PF,Milwaukee Bucks,7,6.3,14.4,0.438,2.2,6.0,0.363,4.1,8.3,0.493,2.3,2.8,0.8240000000000001,3.5,7.9,11.4,2.0,1.2,0.8,1.8,6.5,17.1,112.0,106,31,67,1231,11.6,0.5479999999999999,0.42,0.194,8.2,16.2,12.5,5.5,1.2,1.4,10.4,15.7,1.2,1.9,3.0,0.119,-1.5,0.1,-1.3,0.2,14000000,7000000,7000000,7000000,0,0,0,SU
Sterling Brown,SG,Milwaukee Bucks,7,6.5,14.0,0.465,2.4,6.6,0.361,4.1,7.4,0.5579999999999999,1.3,1.9,0.69,1.3,7.0,8.3,3.8,1.1,0.4,2.1,4.0,16.7,109.0,108,23,58,1034,10.9,0.563,0.471,0.135,3.0,14.4,9.0,10.7,1.1,0.7,12.2,15.2,0.7,1.4,2.1,0.098,-1.6,0.0,-1.6,0.1,2996762,1378242,1618520,0,0,0,0,SU
George Hill,PG,Milwaukee Bucks,0,5.6,13.0,0.428,1.7,6.1,0.28,3.9,7.0,0.556,2.6,3.2,0.815,1.3,4.6,5.9,4.8,1.9,0.3,1.5,3.3,15.4,113.0,107,32,47,958,11.6,0.534,0.465,0.242,3.0,9.4,6.4,13.3,1.9,0.6,9.4,14.4,1.0,1.4,2.3,0.117,-0.9,0.4,-0.5,0.4,40000000,19000000,1000000,0,0,0,0,SU
Fred VanVleet,PG,Toronto Raptors,28,6.7,16.3,0.41,3.0,8.1,0.378,3.6,8.3,0.441,2.6,3.1,0.843,0.6,4.0,4.5,8.4,1.6,0.5,2.2,3.0,19.1,114.0,110,24,64,1760,13.7,0.539,0.493,0.192,1.3,8.7,5.1,23.9,1.6,0.9,11.2,17.9,2.4,1.9,4.3,0.117,0.7,-0.7,0.0,0.9,17653847,8653847,9000000,0,0,0,0,SU
OG Anunoby,SF,Toronto Raptors,6,6.5,14.3,0.453,2.4,7.2,0.332,4.1,7.2,0.574,1.3,2.2,0.581,2.1,4.9,7.0,1.7,1.6,0.8,1.9,5.0,16.6,104.0,109,21,67,1352,9.8,0.544,0.5,0.153,4.8,10.8,7.9,4.7,1.6,1.3,11.3,15.5,0.3,1.7,2.0,0.07,-1.3,0.1,-1.2,0.3,4234560,1952760,2281800,3872215,0,0,0,SU
Norman Powell,SG,Toronto Raptors,3,8.2,17.0,0.483,2.9,7.2,0.4,5.3,9.8,0.5429999999999999,2.6,3.2,0.8270000000000001,0.7,5.2,5.9,3.9,1.7,0.6,2.8,4.1,22.0,110.0,109,25,60,1126,13.3,0.596,0.425,0.188,1.6,11.5,6.7,11.6,1.7,1.0,13.1,19.0,1.0,1.4,2.4,0.102,-0.4,-0.3,-0.7,0.4,30349728,9367200,10116576,10865952,11615328,0,0,SU
Marc Gasol,C,Toronto Raptors,19,6.4,13.8,0.465,1.7,3.8,0.442,4.7,10.0,0.474,3.0,3.8,0.769,1.8,10.9,12.7,7.5,1.8,1.7,2.7,5.2,17.5,116.0,104,34,26,648,16.0,0.565,0.278,0.278,4.1,24.0,14.3,21.2,1.8,2.9,14.6,16.3,0.9,1.2,2.1,0.157,-0.3,3.5,3.2,0.9,49714725,24119025,25595700,0,0,0,0,SU
Jeremy Lin,PG,Toronto Raptors,3,6.4,17.2,0.374,1.2,6.1,0.2,5.2,11.1,0.47,3.8,4.6,0.81,0.7,6.0,6.6,5.5,1.0,0.7,2.9,5.3,17.8,96.0,110,30,23,433,8.2,0.464,0.355,0.271,1.5,13.1,7.5,15.7,1.0,1.1,13.0,19.8,-0.3,0.5,0.2,0.02,-3.9,-0.6,-4.5,-0.3,697000,697000,0,0,0,0,0,SU
Kris Dunn,PG,Chicago Bulls,44,7.5,17.7,0.425,1.2,3.4,0.354,6.3,14.3,0.441,1.9,2.4,0.797,0.7,5.9,6.5,9.7,2.4,0.7,3.6,5.8,18.1,99.0,112,24,46,1389,12.4,0.484,0.19,0.136,1.5,13.3,7.3,30.0,2.4,1.3,16.2,20.1,-0.5,1.2,0.6,0.022,-2.0,0.3,-1.8,0.1,9569007,4221000,5348007,0,0,0,0,SU
Wendell Carter,C,Chicago Bulls,44,7.9,16.2,0.485,0.3,1.4,0.188,7.6,14.8,0.513,3.9,4.9,0.795,3.8,9.6,13.4,3.4,1.1,2.5,2.8,6.6,19.9,107.0,110,19,44,1110,15.2,0.541,0.086,0.302,8.4,21.8,15.0,10.7,1.1,4.5,13.4,19.1,0.7,1.2,1.9,0.08,-2.4,1.8,-0.5,0.4,9642600,4441200,5201400,5448840,6920027,0,0,SU
Wayne Selden,SG,Chicago Bulls,13,6.5,15.9,0.407,1.7,5.5,0.315,4.7,10.4,0.455,2.2,3.1,0.7140000000000001,1.0,5.7,6.7,3.6,1.1,0.3,2.8,4.1,16.9,94.0,115,24,43,984,8.1,0.489,0.345,0.196,2.3,12.8,7.5,10.8,1.1,0.6,13.8,18.0,-0.8,0.4,-0.4,-0.019,-3.7,-1.4,-5.1,-0.8,1544951,1544951,0,0,0,0,0,SU
Chandler Hutchison,SF,Chicago Bulls,14,5.2,11.3,0.459,0.8,2.7,0.28,4.4,8.6,0.516,1.2,2.1,0.605,1.7,8.3,10.0,1.8,1.2,0.3,1.4,3.2,12.4,101.0,114,22,44,895,8.8,0.507,0.239,0.182,3.7,18.9,11.2,5.3,1.2,0.6,10.0,12.2,0.0,0.6,0.6,0.03,-3.9,-0.4,-4.3,-0.5,4323840,1991520,2332320,2443440,4019459,0,0,SU
Antonio Blakeney,SG,Chicago Bulls,3,9.7,23.2,0.419,2.1,5.3,0.396,7.6,17.8,0.426,2.9,4.4,0.6579999999999999,0.4,5.8,6.2,2.5,0.7,0.5,2.0,2.4,24.5,94.0,116,22,57,829,10.6,0.487,0.23,0.192,0.9,13.1,6.9,8.2,0.7,0.9,7.5,24.5,-0.8,0.3,-0.5,-0.03,-4.7,-3.7,-8.4,-1.3,2937614,1349383,1588231,0,0,0,0,SU
John Wall,PG,Washington Wizards,32,10.5,23.7,0.444,2.2,7.2,0.302,8.3,16.4,0.507,5.2,7.5,0.6970000000000001,0.6,4.3,5.0,12.0,2.1,1.2,5.2,3.0,28.4,104.0,114,28,32,1104,18.0,0.527,0.306,0.317,1.5,10.1,5.7,39.2,2.1,2.2,16.1,28.8,0.5,0.7,1.2,0.051,1.1,-1.2,-0.2,0.5,141641800,19169800,37800000,40824000,43848000,46872000,0,SU
Bobby Portis,PF,Washington Wizards,22,9.7,22.0,0.44,3.0,7.3,0.403,6.7,14.7,0.458,2.3,2.9,0.809,3.9,11.0,14.9,2.7,1.5,0.7,2.8,5.2,24.7,104.0,112,23,28,768,15.3,0.53,0.333,0.132,8.8,25.7,17.1,8.4,1.5,1.3,10.6,23.3,0.2,0.7,0.9,0.058,-1.4,-1.4,-2.8,-0.2,2494346,2494346,0,0,0,0,0,SU
Chasson Randle,PG,Washington Wizards,2,5.8,13.8,0.419,2.9,7.3,0.4,2.9,6.5,0.441,2.7,4.0,0.6940000000000001,0.6,2.9,3.6,6.2,1.6,0.2,2.7,5.8,17.3,108.0,117,25,49,743,9.9,0.555,0.53,0.28600000000000003,1.4,6.8,4.1,17.5,1.6,0.3,15.0,16.4,0.4,0.2,0.6,0.041,-1.4,-3.0,-4.4,-0.4,869094,869094,0,0,0,0,0,SU
Troy Brown,SF,Washington Wizards,10,6.3,15.2,0.415,1.4,4.5,0.319,4.9,10.7,0.455,2.1,3.0,0.6809999999999999,2.3,7.1,9.4,5.2,1.4,0.3,1.9,3.6,16.1,105.0,115,19,52,730,11.1,0.487,0.295,0.201,5.1,16.6,10.8,14.9,1.4,0.6,10.5,16.5,0.2,0.4,0.6,0.039,-2.6,-1.2,-3.7,-0.3,5968560,2749080,3219480,3372840,5170564,0,0,SU
Jabari Parker,PF,Washington Wizards,0,10.3,19.8,0.523,1.7,5.6,0.29600000000000004,8.7,14.2,0.613,3.6,5.3,0.684,2.6,9.9,12.5,4.7,1.6,1.1,4.7,4.0,26.0,105.0,112,23,25,682,17.0,0.5870000000000001,0.284,0.267,5.9,23.0,14.3,15.4,1.6,2.0,17.4,24.0,0.3,0.6,0.9,0.063,-0.8,0.1,-0.7,0.2,20000000,20000000,0,0,0,0,0,SU
Jonathan Isaac,PF,Orlando Magic,64,6.4,15.0,0.429,2.1,6.5,0.32299999999999995,4.3,8.5,0.51,2.7,3.3,0.815,2.4,7.6,10.1,2.0,1.4,2.4,1.8,3.5,17.7,107.0,106,21,75,1996,13.0,0.537,0.435,0.221,5.2,17.0,11.0,5.7,1.4,4.1,10.1,16.3,0.9,3.1,4.0,0.096,-1.9,2.0,0.1,1.1,10775520,4969080,5806440,7362566,0,0,0,SU
Wesley Iwundu,SF,Orlando Magic,13,4.5,10.9,0.412,1.2,3.1,0.3670000000000001,3.3,7.7,0.431,3.3,4.1,0.816,1.5,5.8,7.3,2.9,1.1,0.9,1.7,4.9,13.5,107.0,110,24,68,1233,8.7,0.531,0.28800000000000003,0.376,3.2,13.0,8.0,7.9,1.1,1.5,12.1,12.8,0.5,1.4,1.9,0.073,-3.4,0.7,-2.7,-0.2,2996762,1378242,1618520,0,0,0,0,SU
Jerian Grant,PG,Orlando Magic,1,4.8,11.5,0.418,2.1,5.7,0.364,2.7,5.7,0.473,1.4,2.1,0.65,1.0,4.1,5.1,8.1,2.3,0.3,2.7,4.1,13.0,108.0,109,26,60,939,10.8,0.526,0.5,0.182,2.1,9.1,5.6,22.4,2.3,0.5,17.7,13.4,0.5,1.1,1.7,0.085,-1.9,-0.1,-2.0,0.0,2639314,2639314,0,0,0,0,0,SU
Mohamed Bamba,C,Orlando Magic,1,7.5,15.5,0.481,1.3,4.5,0.3,6.1,11.1,0.555,2.4,4.0,0.5870000000000001,4.1,10.8,14.9,2.5,0.8,4.1,2.7,6.5,18.7,105.0,103,20,47,766,14.9,0.539,0.28800000000000003,0.259,8.8,24.0,16.3,7.4,0.8,7.0,13.7,17.8,0.3,1.4,1.7,0.106,-3.3,3.1,-0.2,0.4,24100422,4865040,5697600,5969040,7568742,0,0,SU
Khem Birch,C,Orlando Magic,1,6.9,11.5,0.603,0.0,0.1,0.0,6.9,11.4,0.607,4.4,6.3,0.6990000000000001,6.0,8.4,14.5,2.9,1.4,2.2,1.5,5.5,18.3,134.0,106,26,50,643,19.2,0.64,0.006999999999999999,0.55,13.0,18.8,15.8,8.5,1.4,3.8,9.6,14.1,1.8,1.0,2.8,0.212,0.2,2.3,2.4,0.7,7378242,1378242,0,0,0,0,0,SU
Malik Monk,SG,Charlotte Hornets,0,8.8,22.7,0.387,4.2,12.8,0.33,4.6,9.9,0.461,3.5,3.9,0.882,0.6,4.7,5.3,4.5,1.4,0.7,3.3,4.1,25.2,99.0,114,20,73,1258,11.8,0.518,0.563,0.174,1.3,10.6,5.9,14.3,1.4,1.3,12.0,24.6,-0.4,0.7,0.3,0.012,-1.1,-2.7,-3.9,-0.6,7475880,3447480,4028400,5345687,0,0,0,SU
Cody Zeller,C,Charlotte Hornets,47,7.4,13.5,0.551,0.2,0.9,0.273,7.2,12.6,0.57,4.3,5.5,0.787,4.3,8.7,13.0,4.0,1.5,1.6,2.4,6.4,19.4,123.0,111,26,49,1243,17.2,0.611,0.064,0.409,9.4,19.7,14.5,12.1,1.5,2.9,13.2,16.3,2.6,1.2,3.9,0.15,0.2,1.7,2.0,1.2,43415730,13528090,14471910,15415730,0,0,0,SU
Michael Kidd-Gilchrist,PF,Charlotte Hornets,3,6.5,13.7,0.476,0.7,1.9,0.34,5.9,11.8,0.498,3.9,5.1,0.772,3.6,6.5,10.1,2.5,1.3,1.6,1.8,6.4,17.6,115.0,112,25,64,1179,13.3,0.5529999999999999,0.142,0.37,7.9,14.8,11.3,7.4,1.3,2.9,10.0,15.7,1.5,1.0,2.5,0.1,-1.7,0.4,-1.3,0.2,26000000,13000000,13000000,0,0,0,0,SU
Tony Parker,PG,Charlotte Hornets,0,10.3,22.4,0.46,0.6,2.5,0.255,9.7,20.0,0.485,4.4,6.0,0.7340000000000001,0.7,3.3,4.0,10.0,1.0,0.3,3.6,2.6,25.7,106.0,117,36,56,1003,15.3,0.512,0.11,0.268,1.5,7.6,4.5,33.3,1.0,0.6,12.7,25.5,0.6,0.3,0.9,0.044,-1.5,-3.7,-5.3,-0.8,5000000,5000000,0,0,0,0,0,SU
Willy Hernangómez,C,Charlotte Hornets,3,9.2,17.7,0.519,0.9,2.3,0.385,8.3,15.3,0.539,6.0,8.6,0.6940000000000001,7.0,11.6,18.6,3.6,1.0,1.2,3.5,5.9,25.2,118.0,111,24,58,812,20.4,0.5870000000000001,0.132,0.488,15.3,26.3,20.7,11.5,1.0,2.1,13.9,22.1,1.8,0.8,2.6,0.153,0.2,-0.4,-0.2,0.4,1544951,1544951,1676700,0,0,0,0,SU
Marvin Bagley,PF,Sacramento Kings,4,10.6,21.0,0.504,0.9,2.9,0.313,9.7,18.1,0.534,5.4,7.8,0.691,4.8,9.2,14.0,1.8,1.0,1.8,2.9,3.6,27.4,111.0,110,19,62,1567,18.9,0.562,0.136,0.371,10.4,20.8,15.5,5.9,1.0,3.2,10.7,24.2,2.0,1.6,3.6,0.11,-1.2,-0.7,-1.8,0.1,15861720,7305600,8556120,8963640,11312114,0,0,SU
Yogi Ferrell,PG,Sacramento Kings,3,6.7,15.4,0.435,2.4,6.5,0.362,4.3,8.9,0.488,2.6,2.9,0.8959999999999999,0.6,4.2,4.8,6.0,1.6,0.2,1.7,2.8,18.3,114.0,114,25,71,1067,12.7,0.55,0.423,0.19,1.2,9.5,5.3,17.0,1.6,0.3,9.5,16.3,1.3,0.6,1.9,0.087,-0.5,-1.8,-2.3,-0.1,6150000,3000000,3150000,0,0,0,0,SU
Harrison Barnes,SF,Sacramento Kings,28,6.9,15.2,0.455,2.6,6.4,0.408,4.3,8.8,0.489,3.1,3.9,0.8,1.0,6.5,7.6,2.6,0.8,0.1,1.5,2.1,19.6,115.0,114,26,28,949,12.3,0.578,0.419,0.258,2.2,14.8,8.4,7.5,0.8,0.2,8.0,16.3,1.1,0.5,1.7,0.084,-0.1,-1.2,-1.2,0.2,109107258,24107258,0,0,0,0,0,SU
Harry Giles,PF,Sacramento Kings,0,9.9,19.8,0.503,0.0,0.3,0.0,9.9,19.4,0.512,3.3,5.2,0.637,3.7,8.9,12.6,4.8,1.8,1.2,4.1,8.5,23.2,102.0,109,20,58,820,14.4,0.526,0.017,0.261,8.1,20.1,14.0,15.2,1.8,2.3,15.8,23.2,0.0,1.0,1.0,0.056,-3.0,0.9,-2.1,0.0,4785840,2207040,2578800,3976510,0,0,0,SU
Kosta Koufos,C,Sacramento Kings,1,6.8,14.2,0.477,0.0,0.0,,6.8,14.2,0.477,0.9,2.2,0.417,4.8,11.6,16.4,3.3,1.4,1.7,2.5,6.3,14.5,101.0,108,29,42,502,12.3,0.477,0.0,0.157,10.4,26.3,18.2,9.5,1.4,3.1,14.2,15.7,0.0,0.7,0.7,0.063,-4.3,1.8,-2.5,-0.1,8739500,8739500,0,0,0,0,0,SU
Mitchell Robinson,C,New York Knicks,19,7.2,10.3,0.6940000000000001,0.0,0.0,,7.2,10.3,0.6940000000000001,2.9,4.8,0.6,6.3,8.7,15.0,1.3,1.8,5.7,1.2,7.7,17.2,140.0,106,20,66,1360,22.0,0.6920000000000001,0.0,0.464,13.3,19.4,16.3,4.2,1.8,10.0,9.1,12.1,4.0,2.2,6.1,0.217,0.5,5.2,5.7,2.7,3045152,1485440,1559712,1663861,1802057,0,0,SU
Mario Hezonja,SF,New York Knicks,24,7.6,18.5,0.412,1.7,6.1,0.276,6.0,12.5,0.478,3.5,4.6,0.763,1.1,8.4,9.6,3.5,2.3,0.3,3.5,4.4,20.4,94.0,112,23,58,1206,10.8,0.4970000000000001,0.328,0.246,2.4,18.7,10.4,11.5,2.3,0.6,14.6,21.3,-1.1,1.1,-0.1,-0.003,-3.6,-0.4,-4.0,-0.6,6500000,6500000,0,0,0,0,0,SU
Enes Kanter,C,New York Knicks,23,10.7,20.0,0.536,0.3,0.9,0.318,10.4,19.1,0.547,4.5,5.5,0.8140000000000001,7.3,12.4,19.7,3.6,0.8,0.7,3.4,4.5,26.2,117.0,112,26,44,1128,21.8,0.585,0.047,0.276,15.5,27.5,21.4,13.1,0.8,1.3,13.1,22.9,2.4,0.9,3.4,0.14300000000000002,1.0,-0.2,0.8,0.8,18622514,18622514,0,0,0,0,0,SU
Frank Ntilikina,PG,New York Knicks,16,5.1,15.0,0.337,1.8,6.1,0.287,3.3,8.9,0.371,1.2,1.6,0.767,0.6,4.0,4.6,6.5,1.6,0.7,3.0,5.5,13.1,88.0,115,20,43,904,6.0,0.417,0.408,0.106,1.4,8.9,5.0,19.5,1.6,1.3,15.9,16.6,-1.3,0.4,-0.8,-0.045,-4.5,-1.2,-5.7,-0.8,9011520,4155720,4855800,6176578,0,0,0,SU
Luke Kornet,PF,New York Knicks,18,6.6,17.4,0.378,4.3,11.9,0.363,2.3,5.5,0.411,2.3,2.8,0.826,1.7,6.6,8.3,3.3,1.7,2.6,1.5,2.5,19.8,110.0,111,23,46,784,14.8,0.531,0.682,0.163,3.6,14.6,9.0,10.5,1.7,4.5,7.6,17.9,0.6,0.7,1.4,0.083,0.1,0.6,0.7,0.5,1619000,1619000,0,0,0,0,0,SU
JaVale McGee,C,Los Angeles Lakers,62,11.1,17.9,0.624,0.0,0.3,0.083,11.1,17.5,0.634,2.7,4.2,0.632,5.4,10.3,15.8,1.4,1.3,4.1,3.0,5.8,25.0,117.0,104,31,75,1671,21.8,0.634,0.019,0.237,12.3,22.5,17.5,4.8,1.3,7.3,13.2,20.2,3.0,2.9,5.9,0.171,-0.9,2.8,1.9,1.7,10593887,2393887,0,0,0,0,0,SU
Lonzo Ball,PG,Los Angeles Lakers,45,6.0,14.9,0.406,2.5,7.5,0.329,3.6,7.5,0.482,0.7,1.6,0.417,1.8,6.4,8.2,8.3,2.3,0.6,3.4,3.7,15.2,100.0,109,21,47,1423,11.7,0.487,0.5,0.105,4.0,14.0,9.1,23.8,2.3,1.1,17.8,16.9,-0.2,1.7,1.6,0.052000000000000005,-0.9,1.5,0.5,0.9,7461960,7461960,8719320,11003782,0,0,0,SU
Rajon Rondo,PG,Los Angeles Lakers,29,5.9,14.7,0.405,1.7,4.8,0.359,4.2,9.9,0.428,0.8,1.2,0.639,1.2,7.1,8.3,12.5,1.9,0.2,4.3,3.4,14.4,100.0,110,32,46,1369,12.1,0.473,0.329,0.083,2.6,15.5,9.2,35.5,1.9,0.4,22.1,17.4,-0.2,1.5,1.3,0.047,-2.0,0.5,-1.6,0.1,11564753,9000000,0,0,0,0,0,SU
Lance Stephenson,SG,Los Angeles Lakers,3,7.6,17.9,0.426,3.0,8.2,0.371,4.6,9.7,0.472,2.1,3.0,0.685,1.3,7.6,8.9,5.8,1.7,0.3,3.6,4.6,20.3,101.0,110,28,68,1123,11.8,0.529,0.456,0.16899999999999998,3.0,16.5,9.9,17.3,1.7,0.5,15.6,20.3,-0.1,1.2,1.1,0.049,-1.7,-0.4,-2.1,0.0,4449000,4449000,0,0,0,0,0,SU
Tyson Chandler,C,Los Angeles Lakers,6,3.1,5.2,0.609,0.0,0.1,0.0,3.1,5.1,0.616,2.4,4.1,0.594,5.0,10.8,15.9,1.8,1.1,1.3,2.1,5.3,8.7,121.0,108,36,48,786,11.2,0.626,0.011,0.7929999999999999,11.4,23.6,17.6,4.8,1.1,2.3,23.0,8.0,0.9,1.1,1.9,0.117,-2.9,2.0,-0.9,0.2,2393887,2393887,0,0,0,0,0,SU
Devin Harris,PG,Dallas Mavericks,2,6.0,15.7,0.38,2.8,9.1,0.31,3.2,6.7,0.476,4.6,6.1,0.7609999999999999,0.5,4.5,5.1,5.5,1.6,0.7,2.5,6.0,19.4,107.0,112,35,68,1071,10.7,0.527,0.5760000000000001,0.386,1.2,9.9,5.6,16.7,1.6,1.3,12.1,18.5,0.6,0.9,1.5,0.068,-1.3,-0.9,-2.2,-0.1,2393887,2393887,0,0,0,0,0,SU
Dirk Nowitzki,PF,Dallas Mavericks,20,8.2,22.9,0.359,3.9,12.5,0.312,4.3,10.4,0.415,2.4,3.1,0.78,0.3,9.3,9.6,2.1,0.5,1.1,1.1,4.6,22.8,96.0,111,40,51,795,9.6,0.469,0.545,0.133,0.7,20.5,10.6,6.9,0.5,1.9,4.3,22.5,-0.5,0.8,0.3,0.016,-3.8,-2.1,-5.9,-0.8,5000000,5000000,0,0,0,0,0,SU
J.J. Barea,PG,Dallas Mavericks,0,10.4,24.8,0.418,2.5,8.3,0.297,7.9,16.6,0.479,3.5,5.0,0.705,0.8,5.3,6.1,13.6,1.4,0.1,4.6,3.2,26.8,105.0,113,34,38,752,16.3,0.495,0.332,0.203,1.9,11.6,6.8,47.5,1.4,0.1,14.7,28.1,0.4,0.6,1.0,0.064,1.1,-2.2,-1.1,0.2,3710850,3710850,0,0,0,0,0,SU
Tim Hardaway,SG,Dallas Mavericks,17,9.4,23.2,0.404,3.9,12.2,0.321,5.5,11.0,0.496,2.9,3.7,0.767,0.6,4.7,5.3,3.2,1.0,0.2,2.1,3.0,25.6,102.0,114,26,19,558,11.6,0.514,0.524,0.161,1.4,10.3,5.9,10.9,1.0,0.3,7.7,23.9,0.0,0.4,0.4,0.03,-0.8,-2.5,-3.3,-0.2,35475000,17325000,18150000,18975000,0,0,0,SU
Justin Jackson,SF,Dallas Mavericks,11,8.4,17.4,0.484,2.9,7.9,0.3720000000000001,5.5,9.5,0.5770000000000001,1.9,2.6,0.7240000000000001,1.7,4.3,6.0,2.6,0.8,0.1,0.6,2.9,21.6,121.0,115,23,29,531,13.9,0.584,0.453,0.153,3.9,9.4,6.7,8.4,0.8,0.2,3.3,17.0,1.0,0.3,1.3,0.114,0.7,-2.1,-1.4,0.1,6088800,2807880,3280920,5029650,0,0,0,SU
Mason Plumlee,C,Denver Nuggets,17,7.4,12.5,0.593,0.1,0.3,0.2,7.4,12.3,0.602,3.1,5.6,0.561,4.7,10.2,14.9,6.9,1.9,2.2,3.6,7.2,18.1,117.0,105,28,82,1731,17.8,0.602,0.023,0.448,10.3,22.5,16.4,19.5,1.9,3.9,19.2,16.2,2.9,2.9,5.8,0.16,-0.1,3.9,3.8,2.6,26958904,12917808,14041096,0,0,0,0,SU
Gary Harris,SG,Denver Nuggets,48,8.1,19.1,0.424,2.5,7.3,0.339,5.6,11.8,0.476,3.4,4.3,0.799,1.2,3.6,4.8,3.8,1.6,0.6,2.0,3.4,22.1,108.0,111,24,57,1639,12.2,0.526,0.38,0.226,2.7,7.9,5.3,11.0,1.6,1.0,8.9,20.0,1.1,1.5,2.6,0.076,-0.7,-1.0,-1.8,0.1,74000000,16517857,17839286,19160714,20482143,0,0,SU
Torrey Craig,SF,Denver Nuggets,37,5.2,11.8,0.442,2.0,6.1,0.324,3.2,5.7,0.569,1.6,2.3,0.7,2.9,5.7,8.6,2.4,1.2,1.5,1.4,5.7,14.1,114.0,110,28,75,1503,10.4,0.547,0.519,0.193,6.4,12.6,9.5,6.3,1.2,2.7,10.1,12.4,1.4,1.7,3.0,0.096,-1.0,0.9,-0.1,0.7,4100000,2000000,2100000,0,0,0,0,SU
Juan Hernangómez,PF,Denver Nuggets,25,5.0,11.4,0.439,2.4,6.5,0.365,2.6,4.8,0.541,2.4,3.1,0.767,2.3,7.3,9.6,2.0,1.0,0.9,1.3,3.4,14.8,118.0,110,23,70,1358,11.0,0.58,0.5760000000000001,0.274,5.1,16.1,10.6,5.3,1.0,1.6,9.5,12.2,1.6,1.4,3.0,0.105,-0.9,0.0,-0.9,0.4,5487390,2166360,3321030,0,0,0,0,SU
Will Barton,SG,Denver Nuggets,38,7.6,19.0,0.402,2.8,8.1,0.342,4.9,10.9,0.447,2.4,3.1,0.77,1.3,6.9,8.2,5.1,0.7,0.9,2.7,3.4,20.4,102.0,111,28,43,1189,11.0,0.501,0.426,0.161,2.9,15.3,9.1,14.6,0.7,1.6,11.7,20.0,0.1,1.1,1.2,0.049,-1.8,-0.5,-2.3,-0.1,38710358,11830358,12960000,13920000,14880000,0,0,SU
Tyus Jones,PG,Minnesota Timberwolves,23,5.7,13.7,0.415,1.2,3.9,0.317,4.5,9.8,0.453,1.8,2.1,0.841,0.7,3.4,4.1,10.0,2.5,0.2,1.4,2.4,14.4,116.0,114,22,68,1560,13.7,0.491,0.28300000000000003,0.155,1.6,7.7,4.6,28.3,2.5,0.3,9.0,14.1,2.1,0.9,3.0,0.091,-0.3,-1.5,-1.8,0.1,2444053,2444053,0,0,0,0,0,SU
Derrick Rose,PG,Minnesota Timberwolves,13,12.5,25.9,0.482,1.9,5.0,0.37,10.6,20.9,0.509,4.7,5.5,0.856,1.1,3.7,4.8,7.6,1.1,0.4,2.8,2.0,31.6,114.0,117,30,51,1392,19.5,0.557,0.194,0.212,2.5,8.3,5.4,26.4,1.1,0.7,9.1,27.3,2.6,0.3,3.0,0.102,2.3,-2.9,-0.6,0.5,2176260,2176260,0,0,0,0,0,SU
Jeff Teague,PG,Minnesota Timberwolves,41,6.7,15.8,0.423,1.3,4.0,0.333,5.3,11.8,0.453,4.7,5.8,0.804,0.6,3.4,4.0,13.0,1.6,0.7,3.7,3.4,19.3,112.0,116,30,42,1264,15.4,0.528,0.252,0.368,1.3,7.7,4.5,37.6,1.6,1.2,16.7,19.3,1.7,0.5,2.2,0.085,0.0,-2.4,-2.4,-0.1,38000000,19000000,19000000,0,0,0,0,SU
Anthony Tolliver,PF,Minnesota Timberwolves,0,4.4,11.5,0.382,3.6,9.5,0.377,0.8,2.0,0.409,2.1,2.7,0.7829999999999999,0.7,7.2,7.9,2.0,0.8,0.9,1.6,4.0,14.5,110.0,115,33,65,1079,8.6,0.5710000000000001,0.83,0.232,1.5,16.2,8.8,5.5,0.8,1.7,11.2,12.5,0.6,0.5,1.2,0.052000000000000005,-1.2,-1.0,-2.2,-0.1,5750000,5750000,0,0,0,0,0,SU
Gorgui Dieng,C,Minnesota Timberwolves,2,8.8,17.5,0.501,0.9,2.6,0.339,7.9,14.9,0.53,4.1,4.9,0.83,3.8,10.7,14.5,3.3,2.2,1.9,2.6,6.2,22.5,114.0,108,29,76,1031,18.1,0.5720000000000001,0.149,0.281,8.3,24.1,16.1,10.3,2.2,3.4,11.9,19.6,1.5,1.3,2.8,0.132,-0.9,1.4,0.5,0.7,48687640,15170787,16229213,17287640,0,0,0,SU
Jaylen Brown,SG,Boston Celtics,25,9.3,19.9,0.465,2.4,6.9,0.344,6.9,13.0,0.529,3.3,5.1,0.6579999999999999,1.6,6.2,7.9,2.5,1.7,0.8,2.5,4.7,24.3,104.0,109,22,74,1913,13.5,0.547,0.348,0.255,3.6,13.9,8.7,7.7,1.7,1.5,10.1,22.1,0.7,2.4,3.0,0.076,-1.5,-0.6,-2.1,0.0,11704789,5169960,6534829,0,0,0,0,SU
Gordon Hayward,PF,Boston Celtics,18,7.7,16.4,0.466,2.0,6.0,0.333,5.7,10.4,0.542,4.0,4.8,0.8340000000000001,1.3,7.0,8.3,6.3,1.6,0.6,2.7,2.7,21.3,114.0,109,28,72,1863,15.6,0.575,0.364,0.294,2.9,15.5,9.2,18.4,1.6,1.1,12.8,19.0,2.6,2.3,4.9,0.126,0.1,0.4,0.5,1.2,63914985,31214295,32700690,34187085,0,0,0,SU
Terry Rozier,PG,Boston Celtics,14,6.9,17.9,0.387,3.2,9.1,0.353,3.7,8.8,0.422,2.0,2.5,0.785,0.9,7.4,8.3,6.2,1.8,0.6,1.8,2.7,19.0,106.0,108,24,79,1791,12.9,0.501,0.506,0.14,1.9,16.4,9.1,17.7,1.8,1.0,8.8,18.6,0.9,2.3,3.2,0.086,-1.0,0.2,-0.7,0.6,3050390,3050390,0,0,0,0,0,SU
Daniel Theis,C,Boston Celtics,2,7.7,14.1,0.5489999999999999,1.4,3.6,0.388,6.4,10.6,0.603,3.0,4.0,0.737,4.6,7.3,11.9,3.6,1.1,2.2,1.8,8.5,19.8,128.0,107,26,66,908,17.0,0.624,0.252,0.28600000000000003,10.2,16.2,13.2,10.5,1.1,4.1,9.9,15.8,2.3,1.3,3.5,0.188,0.8,1.5,2.3,1.0,6378242,1378242,0,0,0,0,0,SU
Aron Baynes,C,Boston Celtics,18,6.2,13.1,0.471,1.2,3.6,0.344,4.9,9.5,0.519,3.1,3.6,0.855,5.2,8.9,14.1,3.3,0.7,2.0,2.3,7.3,16.7,118.0,108,32,51,821,14.0,0.5670000000000001,0.274,0.278,11.4,19.8,15.6,9.3,0.7,3.7,13.8,15.2,1.3,1.1,2.4,0.139,-1.2,1.4,0.2,0.5,5193600,5193600,5453280,0,0,0,0,SU
Kevon Looney,C,Golden State Warriors,24,7.0,11.1,0.625,0.0,0.3,0.1,6.9,10.8,0.6409999999999999,2.1,3.4,0.619,6.2,7.2,13.4,4.0,1.5,1.7,1.6,6.8,16.1,135.0,109,22,80,1481,17.3,0.636,0.029,0.303,14.6,15.4,15.0,10.9,1.5,3.0,11.5,12.8,4.2,1.8,6.0,0.194,1.9,1.8,3.7,2.1,11196637,1567007,0,0,0,0,0,SU
Jonas Jerebko,PF,Golden State Warriors,6,6.4,13.9,0.459,2.7,7.3,0.3670000000000001,3.7,6.5,0.563,2.5,3.1,0.8,2.8,8.4,11.2,3.7,1.1,0.7,1.7,5.4,17.9,120.0,111,31,73,1218,13.5,0.588,0.53,0.225,6.6,18.1,12.6,10.1,1.1,1.2,9.9,15.2,2.1,1.2,3.3,0.13,0.6,-0.6,0.0,0.6,2165481,2165481,0,0,0,0,0,SU
Quinn Cook,PG,Golden State Warriors,10,9.2,19.7,0.465,3.6,9.0,0.405,5.5,10.7,0.515,0.9,1.2,0.769,1.0,6.1,7.1,5.2,0.9,0.1,2.2,4.1,22.9,110.0,113,25,74,1059,13.1,0.565,0.456,0.059,2.3,13.0,7.9,15.2,0.9,0.2,10.0,20.2,1.0,0.8,1.8,0.08199999999999999,-0.2,-2.7,-2.9,-0.2,1544951,1544951,0,0,0,0,0,SU
Alfonzo McKinnie,SF,Golden State Warriors,5,6.4,13.0,0.487,2.0,5.6,0.35600000000000004,4.4,7.4,0.586,1.3,2.3,0.563,3.8,7.9,11.7,1.5,0.9,0.7,1.4,6.4,16.0,116.0,111,26,72,1003,11.2,0.569,0.429,0.175,9.0,16.9,13.1,4.0,0.9,1.3,9.2,13.9,1.2,0.9,2.1,0.1,-0.9,-1.5,-2.5,-0.1,1349383,1349383,1588231,0,0,0,0,SU
Shaun Livingston,PG,Golden State Warriors,0,5.4,10.3,0.519,0.0,0.1,0.0,5.4,10.2,0.524,2.0,2.5,0.784,2.1,3.7,5.8,5.6,1.5,1.3,1.9,3.6,12.7,118.0,112,33,64,967,11.7,0.555,0.01,0.243,4.9,7.9,6.5,14.8,1.5,2.3,14.1,12.0,1.2,0.9,2.0,0.101,-1.9,0.5,-1.5,0.1,10974358,8307692,666667,666667,666666,0,0,SU
Elfrid Payton,PG,New Orleans Pelicans,42,6.7,15.3,0.434,1.2,3.9,0.314,5.4,11.4,0.476,2.0,2.8,0.743,1.8,6.4,8.2,11.9,1.6,0.6,4.2,3.0,16.6,106.0,113,24,42,1250,14.0,0.502,0.255,0.18,4.1,14.0,9.1,33.5,1.6,1.1,20.1,18.3,0.6,0.9,1.5,0.058,-0.7,-0.1,-0.9,0.4,3000000,3000000,0,0,0,0,0,SU
Frank Jackson,PG,New Orleans Pelicans,16,7.7,17.8,0.434,2.1,6.7,0.314,5.6,11.1,0.507,2.1,2.9,0.74,1.0,4.3,5.3,2.7,1.0,0.1,1.9,3.7,19.7,102.0,117,20,61,1169,9.4,0.517,0.378,0.163,2.2,9.5,5.9,8.0,1.0,0.1,9.1,18.5,0.1,0.4,0.4,0.018000000000000002,-2.2,-2.8,-5.0,-0.9,2996762,1378242,1618520,0,0,0,0,SU
Kenrich Williams,SF,New Orleans Pelicans,29,4.6,12.0,0.384,2.2,6.7,0.333,2.4,5.3,0.447,0.6,0.8,0.684,2.4,7.1,9.4,3.6,1.9,0.8,1.6,4.1,12.0,105.0,112,24,46,1079,9.7,0.485,0.5589999999999999,0.068,5.4,15.5,10.5,9.5,1.9,1.4,11.1,12.3,0.3,0.9,1.2,0.053,-1.2,0.9,-0.3,0.5,1038464,838464,1443842,0,0,0,0,SU
Ian Clark,SG,New Orleans Pelicans,6,7.2,18.3,0.394,3.2,9.6,0.327,4.1,8.6,0.47,1.6,1.8,0.892,0.6,3.6,4.3,4.5,1.1,0.4,2.8,4.5,19.2,98.0,116,27,60,973,8.3,0.502,0.527,0.097,1.4,8.0,4.7,12.9,1.1,0.7,12.7,19.3,-0.4,0.3,-0.1,-0.003,-2.2,-2.9,-5.1,-0.8,1757429,1757429,0,0,0,0,0,SU
Jahlil Okafor,C,New Orleans Pelicans,24,10.5,18.0,0.586,0.0,0.2,0.2,10.5,17.7,0.591,2.9,4.4,0.6629999999999999,4.1,9.7,13.8,2.0,0.7,2.0,2.6,4.8,24.1,115.0,112,23,59,935,17.9,0.603,0.014,0.246,9.2,21.4,15.4,6.3,0.7,3.5,11.5,19.9,1.4,0.8,2.2,0.115,-1.7,-0.5,-2.3,-0.1,1621330,1567007,1702486,0,0,0,0,SU
Marcin Gortat,C,Los Angeles Clippers,43,6.2,11.7,0.532,0.0,0.0,,6.2,11.7,0.532,2.2,3.0,0.7290000000000001,4.2,12.2,16.4,4.1,0.4,1.5,3.1,5.8,14.6,110.0,110,34,47,751,12.8,0.562,0.0,0.258,9.8,26.5,18.4,12.0,0.4,2.5,19.4,14.4,0.6,0.8,1.4,0.08900000000000001,-2.5,1.4,-1.1,0.2,13565218,13565218,0,0,0,0,0,SU
Landry Shamet,SG,Los Angeles Clippers,23,5.9,14.3,0.414,4.6,10.3,0.45,1.3,4.0,0.322,2.1,2.7,0.795,0.5,3.3,3.8,3.9,0.9,0.1,1.3,3.3,18.6,120.0,116,21,25,694,11.3,0.601,0.7190000000000001,0.18600000000000005,1.1,7.3,4.3,11.5,0.9,0.2,7.7,15.0,1.1,0.3,1.4,0.094,2.1,-2.3,-0.2,0.3,3698760,1703640,1995120,2090040,3768342,0,0,SU
Tyrone Wallace,PG,Los Angeles Clippers,0,6.9,16.3,0.424,0.3,1.4,0.211,6.6,14.9,0.444,2.3,4.3,0.526,1.5,6.1,7.6,3.2,1.6,0.5,2.7,6.2,16.4,89.0,112,24,62,628,7.0,0.45,0.08800000000000001,0.263,3.5,13.2,8.5,9.5,1.6,0.9,12.9,18.7,-0.8,0.5,-0.3,-0.023,-5.5,-0.9,-6.3,-0.7,1349383,1349383,1588231,0,0,0,0,SU
Ivica Zubac,C,Los Angeles Clippers,25,9.0,16.8,0.5379999999999999,0.0,0.0,,9.0,16.8,0.5379999999999999,4.0,5.4,0.733,5.5,12.5,18.0,3.4,0.9,2.2,3.3,5.8,22.0,113.0,108,21,26,524,18.3,0.574,0.0,0.32299999999999995,12.7,27.2,20.2,10.9,0.9,3.6,14.8,20.1,0.7,0.7,1.4,0.132,-1.2,1.5,0.3,0.3,22544951,1544951,0,0,0,0,0,SU
Garrett Temple,SG,Los Angeles Clippers,6,3.9,9.8,0.396,1.5,5.0,0.29600000000000004,2.4,4.8,0.5,2.1,2.9,0.742,0.9,5.0,5.9,3.4,2.4,0.5,1.5,6.5,11.4,106.0,111,32,26,510,8.0,0.514,0.509,0.292,2.1,10.9,6.7,9.4,2.4,0.8,11.8,11.2,0.2,0.5,0.6,0.061,-1.3,0.8,-0.4,0.2,8000000,8000000,0,0,0,0,0,SU
Tobias Harris,PF,Philadelphia 76ers,27,9.4,20.0,0.469,2.2,6.8,0.326,7.2,13.2,0.542,3.7,4.4,0.841,1.6,9.1,10.7,4.0,0.6,0.7,2.1,3.1,24.6,112.0,112,26,27,944,15.3,0.562,0.338,0.221,3.7,19.7,11.9,12.6,0.6,1.1,8.8,21.3,1.2,0.9,2.1,0.105,0.1,-0.8,-0.7,0.3,194800000,14800000,0,0,0,0,0,SU
Furkan Korkmaz,SG,Philadelphia 76ers,7,6.8,17.0,0.4,3.3,10.0,0.326,3.5,7.0,0.505,2.5,3.1,0.818,1.1,6.3,7.4,3.6,2.0,0.1,1.7,4.3,19.4,108.0,110,21,48,679,11.5,0.528,0.588,0.18,2.6,13.8,8.3,10.7,2.0,0.2,8.6,17.9,0.4,0.7,1.1,0.079,-0.8,-1.5,-2.2,0.0,1740000,1740000,0,0,0,0,0,SU
Mike Scott,PF,Philadelphia 76ers,3,5.5,13.9,0.4,3.6,8.7,0.412,2.0,5.2,0.38,0.7,1.1,0.667,1.4,6.1,7.4,1.6,0.7,0.4,1.2,5.0,15.4,107.0,113,30,27,647,7.7,0.537,0.626,0.079,3.2,13.2,8.3,4.6,0.7,0.6,8.0,13.8,0.2,0.5,0.7,0.052000000000000005,-1.4,-1.7,-3.1,-0.2,14092850,4320500,0,0,0,0,0,SU
Jonah Bolden,PF,Philadelphia 76ers,10,5.9,12.0,0.494,2.5,7.1,0.354,3.4,4.9,0.6970000000000001,1.0,2.0,0.481,3.5,8.7,12.2,3.0,1.3,2.9,2.7,7.3,15.3,111.0,107,23,44,639,12.7,0.595,0.593,0.16699999999999998,8.0,19.0,13.7,8.5,1.3,4.8,17.2,13.8,0.5,0.9,1.4,0.106,-0.8,2.0,1.2,0.5,3388450,1690000,1698450,1766550,1845000,0,0,SU
Amir Johnson,C,Philadelphia 76ers,6,7.1,14.0,0.503,1.1,3.6,0.3,6.0,10.4,0.573,2.8,3.7,0.7559999999999999,4.2,8.9,13.1,5.4,1.4,1.2,4.0,8.8,17.9,109.0,109,31,51,529,13.1,0.574,0.255,0.261,9.7,19.5,14.7,16.0,1.4,1.9,20.5,17.4,0.4,0.7,1.1,0.098,-1.4,0.6,-0.7,0.2,2393887,2393887,0,0,0,0,0,SU
Luke Kennard,SG,Detroit Pistons,10,7.8,17.8,0.438,3.6,9.2,0.394,4.2,8.6,0.486,1.7,2.1,0.836,0.4,5.9,6.3,3.9,0.9,0.3,2.0,3.2,21.0,110.0,112,22,63,1437,11.9,0.56,0.517,0.117,0.9,13.5,7.0,12.3,0.9,0.6,9.4,18.1,1.3,1.3,2.5,0.085,-0.5,-1.0,-1.5,0.2,7102440,3275280,3827160,5273826,0,0,0,SU
Ish Smith,PG,Detroit Pistons,0,8.1,19.3,0.419,1.7,5.3,0.326,6.3,14.0,0.455,1.9,2.4,0.758,0.9,4.8,5.7,8.0,1.1,0.4,2.4,4.3,19.7,105.0,112,30,56,1251,11.8,0.485,0.276,0.127,1.9,11.1,6.3,25.4,1.1,0.7,10.6,19.9,0.5,1.1,1.7,0.064,-1.7,-1.1,-2.8,-0.2,6000000,6000000,0,0,0,0,0,SU
Zaza Pachulia,C,Detroit Pistons,3,4.8,10.8,0.44,0.0,0.2,0.0,4.8,10.6,0.45,5.4,7.0,0.782,5.6,9.3,14.9,5.1,1.7,1.0,3.2,8.5,15.0,114.0,107,34,68,878,13.7,0.539,0.021,0.642,11.9,21.5,16.5,14.7,1.7,1.6,18.7,15.0,1.1,1.3,2.3,0.128,-2.1,2.4,0.2,0.5,2393887,2393887,0,0,0,0,0,SU
Wayne Ellington,SG,Detroit Pistons,26,7.4,17.6,0.421,5.2,14.0,0.373,2.2,3.6,0.607,1.6,2.1,0.758,0.5,3.4,3.9,2.8,1.9,0.2,1.7,3.4,21.7,114.0,111,31,28,764,12.5,0.584,0.795,0.121,1.1,7.7,4.3,8.6,1.9,0.3,8.3,17.7,0.9,0.7,1.6,0.102,1.7,-1.1,0.6,0.5,2383076,2383076,0,0,0,0,0,SU
José Calderón,PG,Detroit Pistons,0,3.5,9.4,0.375,1.1,4.4,0.246,2.4,4.9,0.4920000000000001,0.7,0.9,0.818,0.9,3.8,4.7,9.0,1.2,0.2,2.7,5.0,8.8,102.0,112,37,49,632,7.1,0.453,0.475,0.092,1.8,8.8,5.2,24.9,1.2,0.4,21.9,10.9,0.0,0.5,0.6,0.043,-4.0,-1.2,-5.1,-0.5,2393887,2393887,0,0,0,0,0,SU
Gerald Green,SG,Houston Rockets,0,7.7,19.2,0.4,5.2,14.7,0.354,2.5,4.6,0.547,1.9,2.3,0.838,1.0,5.1,6.1,1.3,1.1,0.9,1.8,4.2,22.5,107.0,113,33,73,1473,11.4,0.555,0.763,0.118,2.2,11.7,6.8,4.1,1.1,1.6,8.3,19.5,0.9,1.0,1.9,0.061,-0.8,-2.6,-3.4,-0.5,4958640,2393887,0,0,0,0,0,SU
Austin Rivers,SG,Houston Rockets,13,5.7,13.8,0.413,2.6,8.1,0.321,3.1,5.7,0.541,0.9,1.8,0.51,0.5,2.8,3.3,4.0,1.1,0.5,1.2,4.9,14.9,109.0,115,26,47,1345,8.2,0.511,0.585,0.13,1.2,6.4,3.7,11.7,1.1,0.8,7.4,13.9,0.8,0.6,1.4,0.05,-1.4,-1.5,-2.9,-0.3,3329641,1155323,0,0,0,0,0,SU
Danuel House,SF,Houston Rockets,13,5.9,12.6,0.468,3.7,8.9,0.416,2.2,3.7,0.595,2.8,3.6,0.789,1.3,5.8,7.0,2.0,1.1,0.6,1.8,4.0,18.3,123.0,113,25,39,979,12.2,0.6459999999999999,0.706,0.282,2.8,13.3,7.9,5.9,1.1,1.0,11.0,14.1,1.6,0.7,2.3,0.113,0.4,-1.1,-0.6,0.3,11094003,94003,0,0,0,0,0,SU
Gary Clark,PF,Houston Rockets,2,3.8,11.6,0.331,3.1,10.6,0.297,0.7,1.0,0.6920000000000001,0.5,0.5,1.0,1.8,7.0,8.9,1.4,1.5,2.0,0.5,3.6,11.3,108.0,110,24,51,641,9.2,0.48,0.914,0.046,4.1,16.2,10.0,3.8,1.5,3.5,4.3,10.9,0.3,0.7,1.0,0.071,-2.4,0.6,-1.8,0.0,2013724,596872,1416852,1663861,0,0,0,SU
Kenneth Faried,C,Houston Rockets,13,10.5,17.9,0.5870000000000001,0.6,1.6,0.35,10.0,16.3,0.611,4.3,6.7,0.6509999999999999,6.6,10.0,16.6,1.4,1.2,1.5,2.2,6.0,26.0,126.0,109,29,25,610,21.8,0.622,0.09,0.3720000000000001,14.6,23.0,18.7,4.9,1.2,2.6,9.4,20.4,1.8,0.7,2.5,0.198,0.1,-0.9,-0.7,0.2,917272,917272,0,0,0,0,0,SU
Ante Žižić,C,Cleveland Cavaliers,25,8.4,15.2,0.5529999999999999,0.0,0.0,,8.4,15.2,0.5529999999999999,4.3,6.1,0.705,5.0,9.7,14.7,2.4,0.6,1.0,2.8,5.2,21.1,116.0,117,22,59,1082,16.2,0.59,0.0,0.399,10.6,22.8,16.4,7.7,0.6,1.8,13.6,18.2,1.7,0.3,2.0,0.087,-1.7,-1.4,-3.1,-0.3,4234560,1952760,2281800,3872215,0,0,0,SU
David Nwaba,SG,Cleveland Cavaliers,14,6.4,13.2,0.481,1.2,3.8,0.32,5.1,9.4,0.545,2.9,4.3,0.682,2.1,6.2,8.2,2.7,1.8,0.9,1.5,5.4,16.9,115.0,116,26,51,984,12.5,0.5579999999999999,0.28600000000000003,0.324,4.4,14.4,9.2,8.1,1.8,1.5,8.8,14.6,1.1,0.3,1.4,0.069,-1.1,-0.6,-1.7,0.1,1512601,1512601,0,0,0,0,0,SU
Matthew Dellavedova,PG,Cleveland Cavaliers,0,6.4,15.5,0.413,2.8,8.3,0.336,3.6,7.2,0.5,2.6,3.3,0.792,0.4,4.2,4.7,10.6,0.8,0.1,4.0,4.6,18.2,107.0,121,28,36,715,11.5,0.537,0.534,0.215,0.9,9.9,5.2,31.3,0.8,0.2,18.9,18.4,0.5,-0.1,0.4,0.026,-0.8,-4.3,-5.1,-0.6,19215000,9607500,9607500,0,0,0,0,SU
Brandon Knight,PG,Cleveland Cavaliers,26,7.1,17.1,0.413,2.9,7.8,0.371,4.2,9.3,0.448,1.4,1.8,0.7829999999999999,0.7,3.3,4.0,5.0,1.5,0.2,2.0,3.9,18.5,106.0,119,27,27,618,10.5,0.515,0.455,0.108,1.5,7.7,4.5,15.1,1.5,0.3,10.1,17.6,0.3,0.0,0.2,0.019,-1.0,-2.9,-3.8,-0.3,30275000,14631250,15643750,0,0,0,0,SU
Kevin Love,PF,Cleveland Cavaliers,21,9.1,23.5,0.385,4.4,12.2,0.361,4.7,11.3,0.412,8.6,9.5,0.904,2.7,17.1,19.9,4.0,0.5,0.4,3.5,4.5,31.1,112.0,114,30,22,598,19.5,0.561,0.519,0.403,5.9,40.0,22.2,12.8,0.5,0.7,11.2,27.4,1.0,0.4,1.3,0.106,0.8,-2.4,-1.7,0.0,144519025,24119025,28900000,31300000,31300000,28900000,0,SU
